1,1,118.00,157.54,79.99,171.14,0.8483,-1,-1,-1
1,2,16.01,148.76,74.72,190.85,0.8160,-1,-1,-1
2,1,118.06,154.91,82.13,174.66,0.8474,-1,-1,-1
2,2,17.58,145.34,74.09,194.75,0.8566,-1,-1,-1
3,1,124.62,153.60,68.49,177.41,0.7125,-1,-1,-1
3,2,22.14,137.94,73.93,203.10,0.8291,-1,-1,-1
4,1,129.90,154.10,78.48,179.19,0.8465,-1,-1,-1
4,2,27.45,141.88,72.91,201.19,0.8196,-1,-1,-1
4,3,253.00,193.86,24.96,67.01,0.4799,-1,-1,-1
5,1,136.47,156.85,83.67,180.23,0.8143,-1,-1,-1
5,2,35.33,140.63,73.38,206.92,0.8696,-1,-1,-1
5,3,263.44,198.62,23.51,64.62,0.5437,-1,-1,-1
6,1,141.45,155.47,86.54,183.81,0.8338,-1,-1,-1
6,2,35.64,140.63,78.02,209.29,0.8532,-1,-1,-1
6,3,269.38,198.31,24.89,66.28,0.5849,-1,-1,-1
6,4,222.71,197.97,23.85,67.04,0.6154,-1,-1,-1
6,5,251.16,197.66,21.85,66.04,0.4321,-1,-1,-1
7,1,144.59,152.17,87.78,187.06,0.8595,-1,-1,-1
7,2,38.97,139.17,76.78,210.29,0.8356,-1,-1,-1
7,3,274.25,198.68,25.84,63.74,0.6751,-1,-1,-1
7,4,226.25,197.75,24.83,66.19,0.6564,-1,-1,-1
7,5,256.79,195.94,21.48,62.93,0.6032,-1,-1,-1
8,1,152.13,152.82,88.95,190.20,0.8704,-1,-1,-1
8,2,43.25,140.05,78.11,213.22,0.8246,-1,-1,-1
8,3,281.23,200.89,26.53,64.76,0.5865,-1,-1,-1
8,4,234.53,200.20,24.63,65.57,0.6829,-1,-1,-1
8,5,265.05,198.04,20.57,64.07,0.5557,-1,-1,-1
9,1,156.58,151.64,88.24,193.06,0.8673,-1,-1,-1
9,2,47.22,139.58,77.80,214.09,0.8302,-1,-1,-1
9,3,287.55,200.19,25.69,65.65,0.7196,-1,-1,-1
9,4,240.32,203.03,24.92,63.22,0.5642,-1,-1,-1
9,5,269.92,198.76,22.03,65.88,0.6484,-1,-1,-1
10,1,164.82,148.03,88.02,197.40,0.8699,-1,-1,-1
10,2,50.41,135.26,83.18,219.53,0.8569,-1,-1,-1
10,3,296.14,200.89,25.50,64.98,0.6354,-1,-1,-1
10,4,250.17,198.30,25.27,67.12,0.6480,-1,-1,-1
10,5,278.75,196.90,21.74,66.87,0.4574,-1,-1,-1
11,1,171.08,147.13,88.85,200.44,0.8611,-1,-1,-1
11,2,55.11,135.08,84.92,221.58,0.8677,-1,-1,-1
11,3,305.23,201.13,22.79,64.57,0.6467,-1,-1,-1
11,4,256.09,200.30,22.99,65.06,0.4893,-1,-1,-1
11,5,285.23,197.60,22.88,67.30,0.6968,-1,-1,-1
11,9,143.72,195.56,28.50,69.84,0.5640,-1,-1,-1
12,1,181.90,147.53,91.58,204.67,0.8703,-1,-1,-1
12,2,64.57,131.78,84.47,230.56,0.8809,-1,-1,-1
12,3,316.46,204.78,22.54,63.18,0.5019,-1,-1,-1
12,4,268.82,200.20,24.22,67.50,0.6255,-1,-1,-1
12,5,297.44,199.34,21.87,67.53,0.2319,-1,-1,-1
12,9,153.87,197.76,29.56,69.11,0.5753,-1,-1,-1
13,1,184.44,147.18,95.81,208.29,0.8587,-1,-1,-1
13,2,67.91,138.80,85.82,225.83,0.8562,-1,-1,-1
13,3,321.40,197.69,24.35,70.16,0.4620,-1,-1,-1
13,4,275.34,200.26,23.99,67.97,0.5113,-1,-1,-1
13,5,303.78,202.57,21.07,64.28,0.4762,-1,-1,-1
13,9,159.07,196.83,30.34,70.57,0.5702,-1,-1,-1
14,1,197.40,144.95,94.51,211.42,0.8290,-1,-1,-1
14,2,81.52,130.68,82.71,235.25,0.8714,-1,-1,-1
14,3,334.17,202.42,22.12,64.98,0.3740,-1,-1,-1
14,4,286.96,202.48,23.60,64.37,0.5900,-1,-1,-1
14,5,316.23,201.53,21.67,64.79,0.5775,-1,-1,-1
14,9,170.58,195.61,29.85,71.18,0.5990,-1,-1,-1
15,1,208.74,144.86,95.29,215.05,0.8598,-1,-1,-1
15,2,87.01,135.68,85.26,233.66,0.8602,-1,-1,-1
15,3,345.47,204.42,25.26,64.41,0.6200,-1,-1,-1
15,4,297.11,202.47,22.82,65.93,0.5782,-1,-1,-1
15,5,325.91,200.75,22.77,66.59,0.5195,-1,-1,-1
15,9,181.80,197.20,28.95,70.88,0.6603,-1,-1,-1
16,1,211.96,143.26,98.66,216.41,0.8451,-1,-1,-1
16,2,82.14,126.32,92.96,242.84,0.8775,-1,-1,-1
16,3,351.57,200.20,26.68,66.56,0.5439,-1,-1,-1
16,4,301.03,198.71,23.64,66.45,0.6869,-1,-1,-1
16,5,330.61,195.92,23.83,69.64,0.5515,-1,-1,-1
16,9,185.66,193.51,29.83,71.58,0.6428,-1,-1,-1
16,12,1.10,142.45,45.77,156.64,0.4310,-1,-1,-1
17,1,213.84,140.21,105.22,221.88,0.7736,-1,-1,-1
17,2,84.26,123.86,93.20,247.08,0.8982,-1,-1,-1
17,3,354.17,190.87,26.07,74.25,0.4915,-1,-1,-1
17,4,305.68,196.45,23.91,68.73,0.5982,-1,-1,-1
17,5,334.53,195.23,23.45,69.83,0.4475,-1,-1,-1
17,9,188.95,192.66,29.01,71.82,0.6428,-1,-1,-1
17,12,1.15,140.61,60.21,150.08,0.3785,-1,-1,-1
18,1,216.20,138.24,109.76,228.61,0.8571,-1,-1,-1
18,2,84.05,123.82,96.13,252.04,0.9012,-1,-1,-1
18,4,311.33,195.68,22.59,70.58,0.7055,-1,-1,-1
18,9,193.30,194.34,27.93,70.66,0.5468,-1,-1,-1
18,12,1.02,140.50,54.35,155.48,0.4974,-1,-1,-1
19,1,216.68,133.12,112.36,233.83,0.8666,-1,-1,-1
19,2,81.33,118.80,97.79,256.67,0.9063,-1,-1,-1
19,4,311.22,192.36,24.53,71.03,0.6224,-1,-1,-1
19,9,193.67,192.25,28.64,70.30,0.5151,-1,-1,-1
19,12,-0.18,137.37,47.60,156.90,0.3076,-1,-1,-1
20,1,214.34,129.04,114.06,240.08,0.8877,-1,-1,-1
20,2,76.63,113.82,99.02,263.83,0.9029,-1,-1,-1
20,9,192.10,188.49,28.75,72.20,0.5807,-1,-1,-1
20,12,-0.85,134.96,45.60,151.20,0.2928,-1,-1,-1
21,1,213.60,127.10,116.46,246.65,0.8791,-1,-1,-1
21,2,72.85,109.09,101.52,272.75,0.8988,-1,-1,-1
21,9,191.90,187.25,28.20,73.95,0.6611,-1,-1,-1
21,12,-0.87,132.74,39.84,161.45,0.5218,-1,-1,-1
21,14,42.27,186.17,25.34,69.65,0.5717,-1,-1,-1
22,1,214.42,123.28,118.40,253.34,0.8830,-1,-1,-1
22,2,68.93,104.25,105.03,280.34,0.8850,-1,-1,-1
22,9,193.87,185.94,27.43,73.94,0.3518,-1,-1,-1
22,12,-0.44,129.35,38.18,205.80,0.3500,-1,-1,-1
22,14,41.70,183.17,27.96,70.89,0.4109,-1,-1,-1
23,1,215.57,124.19,120.38,260.65,0.8812,-1,-1,-1
23,2,67.57,105.50,108.12,289.04,0.8965,-1,-1,-1
23,9,197.90,190.53,26.63,73.80,0.5793,-1,-1,-1
23,12,-0.23,133.59,39.08,224.22,0.3570,-1,-1,-1
23,14,48.44,190.56,24.24,68.18,0.3667,-1,-1,-1
24,1,219.92,121.90,117.51,265.60,0.7989,-1,-1,-1
24,2,65.56,104.05,111.31,294.71,0.8602,-1,-1,-1
24,9,200.71,189.64,25.41,74.58,0.1670,-1,-1,-1
24,12,0.53,133.11,39.60,190.73,0.4361,-1,-1,-1
25,1,228.52,121.24,112.28,274.24,0.8810,-1,-1,-1
25,2,62.51,103.27,114.86,302.83,0.8911,-1,-1,-1
25,12,0.75,134.08,38.09,178.65,0.3619,-1,-1,-1
26,1,230.40,117.46,110.38,280.89,0.8711,-1,-1,-1
26,2,58.69,100.38,117.34,308.99,0.8825,-1,-1,-1
26,12,0.51,132.52,36.94,174.91,0.3658,-1,-1,-1
27,1,235.43,113.12,110.55,289.28,0.8808,-1,-1,-1
27,2,55.13,95.37,120.75,317.03,0.8972,-1,-1,-1
27,12,-0.38,129.73,37.51,173.06,0.4626,-1,-1,-1
28,1,240.10,111.54,110.29,294.46,0.8851,-1,-1,-1
28,2,54.43,94.30,123.00,322.66,0.9022,-1,-1,-1
28,12,0.73,129.97,38.34,171.45,0.3377,-1,-1,-1
29,1,236.52,105.68,120.12,302.34,0.8660,-1,-1,-1
29,2,51.99,87.16,127.33,335.60,0.8817,-1,-1,-1
29,12,0.68,126.46,37.59,177.19,0.2421,-1,-1,-1
30,1,235.30,103.62,123.23,309.43,0.8839,-1,-1,-1
30,2,48.17,84.35,131.16,344.36,0.8887,-1,-1,-1
30,12,0.02,125.44,36.72,179.50,0.3051,-1,-1,-1
31,1,243.18,99.25,121.21,319.89,0.8791,-1,-1,-1
31,2,43.57,80.51,137.63,353.27,0.8946,-1,-1,-1
31,12,0.03,122.64,35.78,239.50,0.2274,-1,-1,-1
32,1,252.56,97.04,121.39,330.45,0.8769,-1,-1,-1
32,2,44.53,78.35,140.59,363.30,0.8790,-1,-1,-1
32,12,1.09,123.55,36.87,260.10,0.2164,-1,-1,-1
32,17,147.28,80.27,47.80,176.02,0.5283,-1,-1,-1
33,1,260.12,90.18,126.58,339.44,0.8614,-1,-1,-1
33,2,51.27,71.04,140.26,374.25,0.8887,-1,-1,-1
33,12,1.96,117.63,41.98,269.78,0.1717,-1,-1,-1
33,17,153.53,76.55,46.89,181.85,0.3757,-1,-1,-1
33,18,418.38,188.64,26.53,75.39,0.6741,-1,-1,-1
33,4,360.90,187.02,26.93,75.26,0.6280,-1,-1,-1
34,1,269.45,89.04,130.49,350.53,0.8579,-1,-1,-1
34,2,57.88,70.61,142.15,382.00,0.8852,-1,-1,-1
34,17,158.92,75.66,53.26,181.07,0.5100,-1,-1,-1
34,18,426.12,187.99,27.05,78.42,0.6606,-1,-1,-1
34,4,369.00,187.45,29.02,76.57,0.6829,-1,-1,-1
34,3,425.86,187.53,27.06,79.18,0.6606,-1,-1,-1
35,1,272.84,88.68,142.70,360.23,0.8551,-1,-1,-1
35,2,64.35,70.82,142.15,388.43,0.9043,-1,-1,-1
35,17,165.30,76.04,55.48,225.92,0.2982,-1,-1,-1
35,18,434.96,190.33,28.15,78.72,0.6582,-1,-1,-1
35,4,377.98,189.80,28.67,76.99,0.7057,-1,-1,-1
35,19,1.37,118.95,35.46,103.83,0.6115,-1,-1,-1
35,20,410.42,188.04,24.56,77.67,0.4803,-1,-1,-1
35,3,435.56,190.47,28.08,78.66,0.6582,-1,-1,-1
36,1,275.54,82.07,156.77,369.81,0.8937,-1,-1,-1
36,2,71.75,63.42,145.37,399.45,0.8947,-1,-1,-1
36,17,174.76,71.67,56.00,203.47,0.5572,-1,-1,-1
36,18,447.33,189.37,28.35,78.45,0.6642,-1,-1,-1
36,4,388.63,189.00,28.04,76.47,0.5828,-1,-1,-1
36,19,2.85,115.96,45.52,104.92,0.1602,-1,-1,-1
36,20,421.00,182.45,25.90,82.55,0.4861,-1,-1,-1
36,3,448.09,189.62,28.28,78.30,0.6642,-1,-1,-1
37,1,274.21,78.65,165.39,378.31,0.8908,-1,-1,-1
37,2,72.07,61.17,148.38,406.21,0.9015,-1,-1,-1
37,17,177.39,70.97,55.00,193.14,0.4360,-1,-1,-1
37,18,452.00,189.98,27.38,78.63,0.6202,-1,-1,-1
37,4,392.22,189.37,28.37,76.33,0.6551,-1,-1,-1
37,20,424.91,186.44,24.46,79.48,0.3207,-1,-1,-1
37,3,452.75,190.22,27.43,78.44,0.6202,-1,-1,-1
38,1,278.63,76.48,174.13,387.87,0.8879,-1,-1,-1
38,2,71.67,58.93,152.49,415.47,0.8760,-1,-1,-1
38,17,181.07,70.62,57.09,196.44,0.4529,-1,-1,-1
38,18,457.00,189.88,28.56,80.36,0.7278,-1,-1,-1
38,4,398.09,193.27,28.90,73.94,0.4974,-1,-1,-1
38,20,430.04,189.21,26.44,78.90,0.5465,-1,-1,-1
38,3,457.71,190.15,28.53,80.08,0.7278,-1,-1,-1
39,1,283.40,70.50,178.72,397.86,0.8903,-1,-1,-1
39,2,70.00,53.31,157.13,424.75,0.8789,-1,-1,-1
39,17,182.82,64.35,57.71,197.18,0.5575,-1,-1,-1
39,18,460.56,187.34,31.87,81.79,0.6730,-1,-1,-1
39,4,403.40,194.40,27.56,71.30,0.5581,-1,-1,-1
39,20,434.50,187.11,26.37,78.31,0.5779,-1,-1,-1
39,3,461.26,187.60,31.71,81.51,0.6730,-1,-1,-1
39,5,434.69,187.09,26.10,78.01,0.5779,-1,-1,-1
40,1,285.47,67.26,186.57,410.13,0.8875,-1,-1,-1
40,2,68.18,53.12,162.34,428.88,0.8846,-1,-1,-1
40,17,185.04,63.75,57.21,200.23,0.6958,-1,-1,-1
40,18,464.71,188.41,31.99,83.07,0.7036,-1,-1,-1
40,4,409.04,198.90,24.87,70.01,0.4656,-1,-1,-1
40,20,438.62,186.88,27.75,81.26,0.5365,-1,-1,-1
40,3,465.38,188.63,31.86,82.80,0.7036,-1,-1,-1
40,5,439.10,186.68,27.56,81.24,0.5365,-1,-1,-1
41,1,287.98,63.70,192.41,417.48,0.8832,-1,-1,-1
41,2,64.04,49.84,166.86,433.26,0.8903,-1,-1,-1
41,17,183.40,63.00,58.12,200.27,0.7383,-1,-1,-1
41,18,467.66,188.76,31.82,58.84,0.6163,-1,-1,-1
41,4,413.25,202.51,19.46,66.26,0.1604,-1,-1,-1
41,20,440.07,188.16,27.50,80.20,0.5487,-1,-1,-1
41,3,468.23,188.94,31.75,59.06,0.6163,-1,-1,-1
41,5,440.67,187.88,27.41,80.30,0.5487,-1,-1,-1
41,19,0.22,114.44,49.58,152.64,0.3850,-1,-1,-1
42,1,283.52,56.41,197.93,425.93,0.8998,-1,-1,-1
42,2,51.90,41.71,171.60,440.30,0.8915,-1,-1,-1
42,17,177.84,55.86,59.43,207.58,0.6335,-1,-1,-1
42,18,465.08,187.39,33.41,42.67,0.5381,-1,-1,-1
42,3,465.57,187.51,33.33,43.11,0.5381,-1,-1,-1
42,19,-2.03,108.89,42.74,129.39,0.2356,-1,-1,-1
43,1,281.91,53.08,204.40,430.44,0.9045,-1,-1,-1
43,2,46.73,36.27,173.84,446.13,0.8964,-1,-1,-1
43,17,175.38,51.54,58.88,208.53,0.6477,-1,-1,-1
43,18,464.37,189.98,31.70,32.78,0.5270,-1,-1,-1
43,3,464.82,190.03,31.66,33.12,0.5270,-1,-1,-1
43,19,-1.59,105.73,38.35,119.07,0.2693,-1,-1,-1
43,22,169.76,50.35,61.22,347.36,0.4421,-1,-1,-1
44,1,281.69,50.21,209.66,433.18,0.9040,-1,-1,-1
44,2,43.72,31.06,177.09,450.69,0.8976,-1,-1,-1
44,17,175.33,48.55,59.40,212.14,0.6433,-1,-1,-1
44,19,-0.17,103.29,35.07,113.78,0.1874,-1,-1,-1
44,22,170.63,47.72,60.86,351.37,0.4205,-1,-1,-1
44,9,266.56,186.91,26.06,77.84,0.3631,-1,-1,-1
45,1,283.67,46.42,213.93,435.46,0.8964,-1,-1,-1
45,2,41.74,27.13,179.13,452.97,0.8951,-1,-1,-1
45,17,176.11,46.66,61.00,215.30,0.6475,-1,-1,-1
45,19,0.28,99.67,34.64,112.25,0.1525,-1,-1,-1
45,22,172.01,45.13,62.90,352.07,0.3906,-1,-1,-1
45,9,267.93,185.84,27.37,77.81,0.4536,-1,-1,-1
45,12,0.31,102.02,39.37,324.91,0.3612,-1,-1,-1
46,1,279.64,42.70,222.91,440.02,0.9094,-1,-1,-1
46,2,36.05,20.61,184.14,460.50,0.8835,-1,-1,-1
46,17,174.61,44.64,62.42,218.71,0.6942,-1,-1,-1
46,22,170.74,42.63,64.64,356.92,0.3418,-1,-1,-1
46,9,268.38,185.60,27.94,77.69,0.1691,-1,-1,-1
46,12,-0.81,98.55,37.36,329.73,0.4203,-1,-1,-1
47,1,282.91,38.12,223.87,443.80,0.9064,-1,-1,-1
47,2,33.09,14.86,186.29,465.05,0.8726,-1,-1,-1
47,17,174.46,41.15,61.90,218.46,0.6581,-1,-1,-1
47,22,171.33,39.18,64.65,362.32,0.3199,-1,-1,-1
47,9,269.68,183.69,27.50,78.80,0.3724,-1,-1,-1
47,12,-0.24,94.45,36.60,333.64,0.3064,-1,-1,-1
48,1,288.54,31.05,224.94,450.49,0.8999,-1,-1,-1
48,2,30.27,11.08,192.02,469.76,0.8635,-1,-1,-1
48,17,176.69,38.22,63.44,222.72,0.6425,-1,-1,-1
48,22,174.78,38.42,65.58,367.09,0.2544,-1,-1,-1
48,12,0.09,93.00,38.99,339.28,0.3444,-1,-1,-1
49,1,287.50,28.48,230.40,453.25,0.8895,-1,-1,-1
49,2,26.72,8.96,199.14,470.14,0.8603,-1,-1,-1
49,17,176.25,36.42,65.43,226.41,0.6408,-1,-1,-1
49,22,173.33,35.90,66.42,369.97,0.3708,-1,-1,-1
50,1,286.19,23.27,234.14,458.12,0.8995,-1,-1,-1
50,2,20.70,3.31,204.30,476.36,0.8586,-1,-1,-1
50,17,174.32,34.16,66.79,234.78,0.6500,-1,-1,-1
50,22,171.52,32.75,67.03,377.65,0.4179,-1,-1,-1
50,19,-0.18,90.00,29.78,117.45,0.5214,-1,-1,-1
51,1,285.75,19.63,238.92,460.43,0.9086,-1,-1,-1
51,2,20.95,0.97,203.63,476.50,0.8588,-1,-1,-1
51,17,174.33,33.01,69.90,237.85,0.7360,-1,-1,-1
51,22,171.43,30.66,71.58,347.80,0.2273,-1,-1,-1
51,19,0.23,89.35,30.49,117.80,0.4487,-1,-1,-1
52,1,288.99,15.62,240.96,462.45,0.9019,-1,-1,-1
52,2,17.27,-0.28,206.64,477.42,0.8465,-1,-1,-1
52,17,173.67,30.16,71.66,239.96,0.5961,-1,-1,-1
52,22,170.91,27.29,72.83,374.72,0.3628,-1,-1,-1
52,19,0.42,87.67,31.15,146.87,0.4835,-1,-1,-1
53,1,288.55,13.04,248.95,467.28,0.9045,-1,-1,-1
53,2,12.56,-1.36,212.12,481.75,0.8605,-1,-1,-1
53,17,173.17,27.90,71.72,241.77,0.6310,-1,-1,-1
53,22,170.60,25.25,72.19,388.92,0.3340,-1,-1,-1
53,19,-0.78,86.45,35.49,158.37,0.3697,-1,-1,-1
54,1,290.10,11.79,250.53,469.83,0.9116,-1,-1,-1
54,2,12.29,-1.03,211.87,480.06,0.8425,-1,-1,-1
54,17,173.27,27.74,71.52,242.56,0.5771,-1,-1,-1
54,22,170.49,25.02,72.24,392.63,0.4413,-1,-1,-1
54,19,-0.41,86.07,35.98,163.93,0.3642,-1,-1,-1
55,1,292.21,8.10,258.74,468.46,0.8857,-1,-1,-1
55,2,10.65,1.01,217.10,477.55,0.8571,-1,-1,-1
55,17,174.26,26.62,73.39,243.29,0.5489,-1,-1,-1
55,22,171.44,24.14,76.06,392.26,0.4542,-1,-1,-1
55,19,0.41,86.90,37.00,138.31,0.3703,-1,-1,-1
55,23,0.50,86.99,37.41,180.43,0.4507,-1,-1,-1
56,1,290.70,5.60,263.54,472.33,0.8459,-1,-1,-1
56,2,10.21,0.22,218.08,478.98,0.8620,-1,-1,-1
56,17,175.00,25.08,72.86,246.53,0.5892,-1,-1,-1
56,22,171.42,23.08,76.21,390.50,0.4237,-1,-1,-1
56,19,-0.38,85.23,37.22,158.04,0.4635,-1,-1,-1
56,23,-0.17,85.80,36.09,139.96,0.4178,-1,-1,-1
57,1,297.42,2.92,264.38,476.31,0.9115,-1,-1,-1
57,2,7.77,0.50,220.48,477.43,0.8576,-1,-1,-1
57,17,175.80,23.42,73.72,275.52,0.6119,-1,-1,-1
57,22,174.59,22.88,74.92,324.46,0.6119,-1,-1,-1
57,19,-0.08,84.15,36.59,164.31,0.5687,-1,-1,-1
57,23,0.13,83.87,35.88,158.70,0.5687,-1,-1,-1
58,1,301.11,1.65,266.88,478.85,0.8997,-1,-1,-1
58,2,6.83,0.66,221.78,477.69,0.8593,-1,-1,-1
58,17,177.11,22.37,74.13,263.10,0.4782,-1,-1,-1
58,22,175.77,21.08,76.51,363.37,0.4967,-1,-1,-1
58,19,-0.09,83.87,35.59,166.77,0.4869,-1,-1,-1
58,23,0.11,83.47,34.90,162.93,0.4869,-1,-1,-1
59,1,302.95,0.15,273.60,480.92,0.9035,-1,-1,-1
59,2,4.82,0.11,224.05,478.59,0.8445,-1,-1,-1
59,17,177.02,20.39,75.72,311.21,0.7054,-1,-1,-1
59,22,176.64,20.04,76.53,344.84,0.7054,-1,-1,-1
59,19,-0.71,83.75,33.42,166.54,0.4012,-1,-1,-1
59,23,-0.39,83.52,32.70,163.42,0.4012,-1,-1,-1
60,1,303.43,-1.45,280.35,480.52,0.9006,-1,-1,-1
60,2,3.59,-0.64,225.82,478.80,0.8184,-1,-1,-1
60,17,177.15,18.87,76.48,291.16,0.2095,-1,-1,-1
60,22,175.00,18.42,79.10,387.73,0.5707,-1,-1,-1
60,19,-0.86,80.30,31.00,202.53,0.3768,-1,-1,-1
60,23,-0.45,80.02,30.30,202.46,0.3768,-1,-1,-1
61,1,306.33,-1.42,284.93,480.91,0.8971,-1,-1,-1
61,2,1.28,0.31,227.05,477.30,0.8556,-1,-1,-1
61,17,177.57,17.95,76.41,284.75,0.1735,-1,-1,-1
61,22,174.97,17.94,79.48,399.19,0.6079,-1,-1,-1
61,19,-0.63,79.94,29.20,211.94,0.3825,-1,-1,-1
61,23,-0.23,79.66,28.61,211.90,0.3825,-1,-1,-1
62,1,310.93,-1.40,286.64,478.05,0.8307,-1,-1,-1
62,2,0.82,-0.05,226.07,477.23,0.8612,-1,-1,-1
62,17,178.06,16.08,77.71,372.45,0.7278,-1,-1,-1
62,22,177.21,16.16,78.70,411.52,0.7278,-1,-1,-1
62,19,-0.06,77.95,30.38,223.99,0.4518,-1,-1,-1
62,23,0.26,77.78,30.11,223.98,0.4518,-1,-1,-1
63,1,312.83,-0.71,286.66,479.48,0.8857,-1,-1,-1
63,2,0.57,0.64,225.39,476.00,0.7899,-1,-1,-1
63,17,177.43,15.03,79.27,404.89,0.7196,-1,-1,-1
63,22,177.22,15.22,79.58,417.75,0.7196,-1,-1,-1
63,19,0.38,78.34,27.57,192.60,0.2842,-1,-1,-1
63,23,0.72,75.69,34.61,313.92,0.3739,-1,-1,-1
64,1,316.51,-0.69,288.13,480.27,0.8757,-1,-1,-1
64,2,0.42,1.75,227.92,476.13,0.8101,-1,-1,-1
64,17,176.46,14.81,82.44,414.90,0.5743,-1,-1,-1
64,22,176.48,15.07,82.53,415.89,0.5743,-1,-1,-1
64,19,0.31,78.91,27.12,179.28,0.3062,-1,-1,-1
64,23,0.76,75.26,34.31,360.86,0.3601,-1,-1,-1
64,5,500.99,191.65,26.73,77.54,0.6112,-1,-1,-1
65,1,317.17,-0.67,289.48,480.25,0.8765,-1,-1,-1
65,2,-0.02,1.69,233.98,474.88,0.7657,-1,-1,-1
65,17,177.24,14.19,83.52,377.90,0.5252,-1,-1,-1
65,22,177.35,14.43,83.52,372.64,0.5252,-1,-1,-1
65,19,0.08,78.89,26.52,219.58,0.2413,-1,-1,-1
65,23,0.56,74.58,35.13,363.68,0.3510,-1,-1,-1
65,5,501.91,192.64,26.39,76.62,0.6449,-1,-1,-1
66,1,314.25,-0.49,292.89,480.20,0.8840,-1,-1,-1
66,2,-0.45,1.26,232.24,473.38,0.8419,-1,-1,-1
66,17,177.02,13.00,85.06,349.52,0.6342,-1,-1,-1
66,22,177.15,13.21,85.03,342.85,0.6342,-1,-1,-1
66,19,-0.09,78.25,23.12,166.45,0.3761,-1,-1,-1
66,23,0.23,74.17,33.92,378.21,0.3685,-1,-1,-1
66,5,502.26,192.31,26.40,76.57,0.6828,-1,-1,-1
67,1,312.31,-0.15,298.60,479.93,0.8852,-1,-1,-1
67,2,-0.07,1.60,228.80,475.26,0.8088,-1,-1,-1
67,17,178.98,12.08,84.37,395.06,0.7480,-1,-1,-1
67,22,179.12,12.22,84.33,390.98,0.7480,-1,-1,-1
67,19,0.30,78.26,22.12,142.02,0.2992,-1,-1,-1
67,23,0.60,75.01,32.70,385.79,0.5347,-1,-1,-1
67,5,503.71,192.84,25.13,76.28,0.6495,-1,-1,-1
68,1,315.58,0.21,296.95,480.03,0.8942,-1,-1,-1
68,2,-0.20,2.51,226.68,474.88,0.7491,-1,-1,-1
68,17,179.14,11.27,84.76,422.62,0.6781,-1,-1,-1
68,22,179.26,11.41,84.72,418.56,0.6781,-1,-1,-1
68,19,0.34,77.54,22.16,135.31,0.2451,-1,-1,-1
68,23,0.55,74.96,33.30,360.42,0.3685,-1,-1,-1
68,5,505.75,193.20,23.61,76.57,0.6042,-1,-1,-1
69,1,317.28,0.30,294.47,479.82,0.8915,-1,-1,-1
69,2,-0.30,2.59,225.56,475.14,0.7380,-1,-1,-1
69,17,179.02,10.00,85.22,434.40,0.6040,-1,-1,-1
69,22,179.13,10.15,85.19,430.46,0.6040,-1,-1,-1
69,19,0.16,77.43,21.96,130.44,0.3680,-1,-1,-1
69,23,0.42,73.71,33.82,365.56,0.3953,-1,-1,-1
69,5,505.99,193.61,22.39,75.69,0.6364,-1,-1,-1
69,9,293.95,176.06,28.68,86.47,0.5638,-1,-1,-1
70,1,317.87,0.41,293.58,479.73,0.8925,-1,-1,-1
70,2,-0.23,1.70,223.79,477.31,0.8234,-1,-1,-1
70,17,181.91,9.17,84.18,432.26,0.8347,-1,-1,-1
70,22,182.00,9.30,84.16,428.47,0.8347,-1,-1,-1
70,19,0.28,77.46,22.13,127.84,0.3827,-1,-1,-1
70,23,0.55,74.11,34.24,364.04,0.4043,-1,-1,-1
70,5,506.52,193.51,22.53,75.75,0.6175,-1,-1,-1
70,9,295.11,176.66,27.18,85.57,0.5261,-1,-1,-1
71,1,318.03,0.16,292.36,479.92,0.8762,-1,-1,-1
71,2,-0.07,1.56,222.79,478.06,0.8287,-1,-1,-1
71,17,183.48,8.35,84.51,431.48,0.8365,-1,-1,-1
71,22,183.57,8.46,84.49,428.05,0.8365,-1,-1,-1
71,19,0.38,77.98,22.21,125.46,0.4387,-1,-1,-1
71,23,0.65,73.99,33.77,371.01,0.3860,-1,-1,-1
71,5,506.90,193.59,22.36,74.92,0.5615,-1,-1,-1
71,9,293.76,176.76,28.10,84.93,0.5885,-1,-1,-1
72,1,316.97,0.55,294.20,479.41,0.8827,-1,-1,-1
72,2,0.12,1.77,223.06,478.20,0.8601,-1,-1,-1
72,17,184.61,8.08,85.13,431.12,0.8375,-1,-1,-1
72,22,184.69,8.17,85.12,428.04,0.8375,-1,-1,-1
72,19,0.59,78.51,22.51,125.26,0.4067,-1,-1,-1
72,23,0.86,75.20,33.39,373.62,0.4921,-1,-1,-1
72,5,507.25,193.26,22.47,75.71,0.5835,-1,-1,-1
72,9,291.81,176.96,30.58,85.01,0.6207,-1,-1,-1
73,1,314.71,0.52,296.79,479.31,0.8921,-1,-1,-1
73,2,0.08,1.65,223.05,478.23,0.8545,-1,-1,-1
73,17,185.06,9.63,86.91,428.60,0.8394,-1,-1,-1
73,22,185.13,9.73,86.90,425.82,0.8394,-1,-1,-1
73,19,0.49,78.35,22.37,126.48,0.4081,-1,-1,-1
73,23,0.74,74.46,34.03,368.56,0.3454,-1,-1,-1
73,5,506.34,192.61,22.80,77.22,0.5065,-1,-1,-1
73,9,290.54,177.21,30.83,83.24,0.6043,-1,-1,-1
73,26,586.32,196.28,23.10,51.81,0.5506,-1,-1,-1
74,1,313.48,0.24,296.20,479.50,0.8504,-1,-1,-1
74,2,0.11,1.66,223.35,477.54,0.8477,-1,-1,-1
74,17,185.41,9.30,88.54,427.80,0.8486,-1,-1,-1
74,22,185.47,9.39,88.53,425.33,0.8486,-1,-1,-1
74,19,0.44,78.50,22.46,125.38,0.4142,-1,-1,-1
74,23,0.70,73.83,34.18,360.95,0.3472,-1,-1,-1
74,5,505.79,193.10,22.63,76.14,0.5655,-1,-1,-1
74,9,290.31,177.17,30.59,82.45,0.5465,-1,-1,-1
74,26,584.92,197.66,24.10,51.40,0.2045,-1,-1,-1
75,1,309.10,0.58,295.85,478.52,0.8712,-1,-1,-1
75,2,1.03,1.60,222.60,477.13,0.8281,-1,-1,-1
75,17,186.76,9.74,89.16,425.91,0.8458,-1,-1,-1
75,22,186.82,9.82,89.15,423.73,0.8458,-1,-1,-1
75,19,0.79,78.22,22.75,124.55,0.3665,-1,-1,-1
75,23,1.05,74.01,35.20,367.13,0.3004,-1,-1,-1
75,5,506.00,192.56,21.89,65.10,0.2229,-1,-1,-1
75,9,290.29,177.24,31.12,81.92,0.6054,-1,-1,-1
76,1,306.33,0.22,297.38,477.51,0.8884,-1,-1,-1
76,2,1.25,1.51,222.32,476.80,0.8186,-1,-1,-1
76,17,187.08,10.07,89.84,425.02,0.8553,-1,-1,-1
76,22,187.13,10.13,89.83,423.10,0.8553,-1,-1,-1
76,19,0.72,78.51,22.66,126.55,0.3267,-1,-1,-1
76,23,0.98,74.16,34.94,365.19,0.2831,-1,-1,-1
76,9,290.26,176.87,30.67,81.33,0.6552,-1,-1,-1
77,1,304.29,0.09,296.97,476.66,0.8744,-1,-1,-1
77,2,1.34,1.61,222.91,476.10,0.8269,-1,-1,-1
77,17,187.50,10.02,90.22,424.10,0.8453,-1,-1,-1
77,22,187.55,10.07,90.21,422.40,0.8453,-1,-1,-1
77,19,0.54,79.11,22.83,119.96,0.3556,-1,-1,-1
77,23,0.78,74.90,34.39,353.39,0.2901,-1,-1,-1
77,9,290.10,176.76,31.87,81.15,0.6554,-1,-1,-1
78,1,302.35,0.07,297.75,476.41,0.8931,-1,-1,-1
78,2,1.16,1.52,223.19,477.65,0.8335,-1,-1,-1
78,17,188.74,9.45,88.13,424.15,0.8443,-1,-1,-1
78,22,188.78,9.50,88.11,422.65,0.8443,-1,-1,-1
78,19,0.39,79.14,22.73,113.68,0.4591,-1,-1,-1
78,23,0.56,74.32,33.13,360.39,0.2770,-1,-1,-1
78,9,289.63,177.17,31.37,80.89,0.4946,-1,-1,-1
79,1,303.92,-0.08,291.56,478.58,0.8718,-1,-1,-1
79,2,1.15,0.94,222.97,477.88,0.8324,-1,-1,-1
79,17,188.68,9.80,86.15,424.17,0.8373,-1,-1,-1
79,22,188.71,9.84,86.13,422.85,0.8373,-1,-1,-1
79,19,0.08,79.11,22.85,120.78,0.3719,-1,-1,-1
79,23,0.25,74.89,33.12,353.90,0.2710,-1,-1,-1
79,9,288.70,177.53,32.76,80.52,0.4669,-1,-1,-1
80,1,310.81,-0.11,279.09,479.52,0.8759,-1,-1,-1
80,2,0.63,1.24,224.05,478.45,0.8515,-1,-1,-1
80,17,188.62,10.64,85.65,424.77,0.8294,-1,-1,-1
80,22,188.65,10.68,85.63,423.60,0.8294,-1,-1,-1
80,19,-0.14,79.60,23.03,118.71,0.3803,-1,-1,-1
80,23,0.01,75.75,32.49,353.31,0.3054,-1,-1,-1
81,1,312.29,-0.09,276.77,479.32,0.8797,-1,-1,-1
81,2,1.01,1.46,226.12,477.89,0.8432,-1,-1,-1
81,17,189.14,11.03,84.87,420.95,0.7937,-1,-1,-1
81,22,189.16,11.06,84.86,419.91,0.7937,-1,-1,-1
81,19,0.38,79.61,23.57,118.35,0.3806,-1,-1,-1
81,23,0.50,75.91,32.68,366.00,0.4112,-1,-1,-1
82,1,316.51,-0.13,270.97,480.23,0.8625,-1,-1,-1
82,2,0.34,1.43,229.83,477.38,0.8404,-1,-1,-1
82,17,188.96,11.81,84.54,420.75,0.7391,-1,-1,-1
82,22,188.99,11.84,84.52,419.84,0.7391,-1,-1,-1
82,19,-0.18,79.80,23.23,115.64,0.4133,-1,-1,-1
82,23,-0.04,75.76,33.25,362.10,0.3537,-1,-1,-1
83,1,311.88,0.04,275.21,477.84,0.8782,-1,-1,-1
83,2,0.26,1.45,227.06,478.22,0.8173,-1,-1,-1
83,17,188.27,13.01,84.08,423.77,0.8172,-1,-1,-1
83,22,188.29,13.04,84.07,422.97,0.8172,-1,-1,-1
83,19,-0.15,79.41,22.82,118.14,0.4515,-1,-1,-1
83,23,-0.01,74.57,32.84,375.05,0.3465,-1,-1,-1
84,1,308.57,0.04,273.87,478.88,0.9028,-1,-1,-1
84,2,0.15,1.17,224.82,476.84,0.7690,-1,-1,-1
84,17,184.82,12.25,85.16,426.24,0.7984,-1,-1,-1
84,22,184.84,12.28,85.15,425.54,0.7984,-1,-1,-1
84,19,-0.13,78.80,21.53,121.17,0.4581,-1,-1,-1
84,23,-0.00,72.46,30.53,374.62,0.2624,-1,-1,-1
85,1,308.51,0.07,277.03,478.87,0.8923,-1,-1,-1
85,2,0.19,1.28,228.86,475.78,0.7588,-1,-1,-1
85,17,182.75,14.09,84.18,424.96,0.7475,-1,-1,-1
85,22,182.77,14.12,84.17,424.33,0.7475,-1,-1,-1
85,19,-0.06,78.81,21.73,123.42,0.3621,-1,-1,-1
85,23,0.06,72.44,32.14,363.79,0.2943,-1,-1,-1
86,1,307.71,0.30,278.54,476.72,0.8678,-1,-1,-1
86,2,0.42,1.84,228.96,475.79,0.7405,-1,-1,-1
86,17,179.15,16.55,84.58,423.62,0.7508,-1,-1,-1
86,22,179.16,16.57,84.57,423.07,0.7508,-1,-1,-1
86,19,0.06,79.70,22.10,124.98,0.3758,-1,-1,-1
86,23,0.21,73.28,33.04,368.59,0.3094,-1,-1,-1
86,27,615.34,193.43,24.22,56.56,0.4655,-1,-1,-1
87,1,309.28,-0.07,276.93,478.86,0.8880,-1,-1,-1
87,2,-0.16,1.49,231.42,475.35,0.7022,-1,-1,-1
87,17,174.95,16.83,84.75,414.85,0.6691,-1,-1,-1
87,22,174.96,16.85,84.75,414.36,0.6691,-1,-1,-1
87,19,-0.28,79.60,21.35,123.27,0.3262,-1,-1,-1
87,23,-0.14,73.97,32.66,368.00,0.4777,-1,-1,-1
87,27,614.96,193.26,24.51,56.16,0.4911,-1,-1,-1
87,5,503.74,192.91,23.67,75.59,0.6591,-1,-1,-1
88,1,307.55,0.84,279.72,479.16,0.8988,-1,-1,-1
88,2,-0.10,2.06,228.60,475.82,0.8130,-1,-1,-1
88,17,174.10,20.84,83.19,412.28,0.7454,-1,-1,-1
88,22,174.11,20.86,83.18,411.85,0.7454,-1,-1,-1
88,19,-0.09,80.79,21.78,123.37,0.4352,-1,-1,-1
88,23,0.03,73.96,32.97,378.71,0.3270,-1,-1,-1
88,5,504.97,193.34,23.45,77.08,0.5266,-1,-1,-1
89,1,310.47,0.57,276.98,479.50,0.8955,-1,-1,-1
89,2,-0.16,1.86,227.28,476.51,0.8042,-1,-1,-1
89,17,172.08,22.70,83.84,407.09,0.7137,-1,-1,-1
89,22,172.09,22.71,83.84,406.71,0.7137,-1,-1,-1
89,19,-0.10,81.05,21.87,123.44,0.3758,-1,-1,-1
89,23,0.05,74.93,32.60,357.06,0.3442,-1,-1,-1
89,5,505.72,192.92,22.43,77.41,0.5059,-1,-1,-1
90,1,308.91,0.72,278.66,479.26,0.8977,-1,-1,-1
90,2,-0.35,1.85,224.94,477.04,0.7953,-1,-1,-1
90,17,169.28,23.69,86.57,403.88,0.7516,-1,-1,-1
90,22,169.29,23.70,86.57,403.56,0.7516,-1,-1,-1
90,19,-0.17,82.08,21.76,121.12,0.2838,-1,-1,-1
90,23,-0.05,77.25,32.18,365.48,0.4349,-1,-1,-1
90,5,505.79,192.92,21.48,77.47,0.4279,-1,-1,-1
91,1,308.63,1.01,279.85,478.84,0.8943,-1,-1,-1
91,2,-0.02,1.77,223.44,477.03,0.7909,-1,-1,-1
91,17,167.77,24.16,89.19,402.69,0.7203,-1,-1,-1
91,22,167.78,24.17,89.19,402.41,0.7203,-1,-1,-1
91,19,0.09,83.40,21.86,127.08,0.4239,-1,-1,-1
91,23,0.26,78.64,32.02,374.56,0.4678,-1,-1,-1
91,5,505.50,192.42,21.19,77.00,0.2999,-1,-1,-1
92,1,305.99,0.87,282.44,478.91,0.9044,-1,-1,-1
92,2,0.14,1.83,230.35,476.25,0.7656,-1,-1,-1
92,17,166.70,24.73,92.58,400.68,0.6929,-1,-1,-1
92,22,166.71,24.74,92.58,400.43,0.6929,-1,-1,-1
92,19,-0.04,84.34,22.10,135.82,0.2262,-1,-1,-1
92,23,0.17,80.12,32.82,365.64,0.4250,-1,-1,-1
92,5,506.40,192.83,20.77,77.14,0.3292,-1,-1,-1
93,1,305.94,0.52,280.15,478.87,0.8917,-1,-1,-1
93,2,0.17,1.43,225.57,475.34,0.8434,-1,-1,-1
93,17,166.82,24.08,100.56,406.71,0.7886,-1,-1,-1
93,22,166.82,24.08,100.56,406.50,0.7886,-1,-1,-1
93,19,0.01,84.61,21.70,129.87,0.3354,-1,-1,-1
93,23,0.23,79.56,32.89,361.62,0.3032,-1,-1,-1
93,29,299.32,180.44,25.52,76.32,0.4505,-1,-1,-1
94,1,306.58,0.05,278.31,479.66,0.9028,-1,-1,-1
94,2,0.47,1.15,223.86,475.15,0.8470,-1,-1,-1
94,17,167.64,23.77,103.96,408.82,0.7890,-1,-1,-1
94,22,167.65,23.78,103.96,408.63,0.7890,-1,-1,-1
94,19,0.31,84.40,22.40,127.41,0.2945,-1,-1,-1
94,23,0.54,79.38,32.70,365.25,0.3180,-1,-1,-1
94,29,299.73,179.24,25.65,78.39,0.4524,-1,-1,-1
94,31,267.17,190.87,17.78,57.78,0.4876,-1,-1,-1
95,1,307.41,-0.06,276.90,477.94,0.9010,-1,-1,-1
95,2,0.74,1.36,223.20,474.89,0.8603,-1,-1,-1
95,17,169.79,22.43,104.39,411.57,0.7887,-1,-1,-1
95,22,169.79,22.44,104.39,411.40,0.7887,-1,-1,-1
95,19,0.59,83.05,25.33,123.07,0.1802,-1,-1,-1
95,23,0.72,79.08,33.63,369.87,0.4198,-1,-1,-1
95,29,301.17,178.72,24.21,80.69,0.5129,-1,-1,-1
95,31,266.81,192.71,16.27,55.80,0.5567,-1,-1,-1
96,1,306.98,-0.09,275.87,479.12,0.9001,-1,-1,-1
96,2,0.47,1.46,222.58,474.32,0.8358,-1,-1,-1
96,17,171.52,21.96,102.57,411.25,0.7913,-1,-1,-1
96,22,171.52,21.96,102.57,411.10,0.7913,-1,-1,-1
96,19,0.23,83.46,26.19,122.05,0.1768,-1,-1,-1
96,23,0.25,81.96,34.27,365.79,0.4164,-1,-1,-1
96,29,301.65,177.87,22.70,81.11,0.5026,-1,-1,-1
96,31,265.53,192.15,16.56,56.53,0.5346,-1,-1,-1
97,1,307.20,0.15,275.92,477.54,0.9030,-1,-1,-1
97,2,0.48,1.64,222.38,472.66,0.8640,-1,-1,-1
97,17,174.33,21.20,99.47,412.08,0.8178,-1,-1,-1
97,22,174.33,21.20,99.47,411.95,0.8178,-1,-1,-1
97,19,0.16,83.98,27.42,116.57,0.2069,-1,-1,-1
97,23,0.10,83.97,34.01,329.35,0.3746,-1,-1,-1
97,29,301.83,178.68,22.88,81.25,0.5724,-1,-1,-1
97,31,262.85,192.21,16.74,58.15,0.5795,-1,-1,-1
97,9,282.80,179.79,25.13,78.45,0.3722,-1,-1,-1
98,1,308.65,0.03,275.11,477.88,0.9063,-1,-1,-1
98,2,0.95,1.28,222.26,472.75,0.8745,-1,-1,-1
98,17,180.30,20.41,94.02,412.53,0.8352,-1,-1,-1
98,22,180.31,20.41,94.02,412.41,0.8352,-1,-1,-1
98,19,0.57,82.17,28.73,116.20,0.1745,-1,-1,-1
98,23,0.42,83.08,33.08,341.67,0.5059,-1,-1,-1
98,29,302.41,178.09,22.69,82.67,0.5931,-1,-1,-1
98,9,285.06,181.70,22.93,76.63,0.2878,-1,-1,-1
98,5,506.67,192.62,21.38,76.64,0.5044,-1,-1,-1
99,1,309.07,0.04,274.84,478.03,0.9089,-1,-1,-1
99,2,0.73,1.17,222.34,473.92,0.8856,-1,-1,-1
99,17,184.01,20.78,91.61,411.85,0.8484,-1,-1,-1
99,22,184.01,20.78,91.61,411.75,0.8484,-1,-1,-1
99,19,0.32,81.52,29.34,116.42,0.2006,-1,-1,-1
99,23,0.31,79.94,34.68,361.79,0.4608,-1,-1,-1
99,29,301.48,177.84,23.63,81.42,0.5369,-1,-1,-1
99,9,281.16,180.43,25.16,78.42,0.3558,-1,-1,-1
99,5,506.83,192.53,21.81,76.70,0.3773,-1,-1,-1
100,1,309.55,-0.06,273.94,477.74,0.9027,-1,-1,-1
100,2,0.49,0.98,221.72,475.05,0.8821,-1,-1,-1
100,17,186.65,18.93,90.41,413.34,0.8406,-1,-1,-1
100,22,186.66,18.93,90.41,413.24,0.8406,-1,-1,-1
100,19,0.04,81.38,28.85,119.52,0.2019,-1,-1,-1
100,23,-0.02,81.20,34.78,345.81,0.4251,-1,-1,-1
100,29,300.96,178.16,24.93,80.47,0.5874,-1,-1,-1
100,9,279.64,178.99,25.94,79.81,0.5718,-1,-1,-1
100,5,506.13,192.57,22.03,76.05,0.5345,-1,-1,-1
101,1,310.24,-0.01,274.07,479.35,0.9087,-1,-1,-1
101,2,0.63,0.93,221.67,475.27,0.8766,-1,-1,-1
101,17,189.34,17.58,91.50,413.83,0.8510,-1,-1,-1
101,22,189.34,17.59,91.50,413.75,0.8510,-1,-1,-1
101,19,0.22,80.86,28.97,118.31,0.2586,-1,-1,-1
101,23,0.11,81.44,34.03,354.15,0.4264,-1,-1,-1
101,29,300.96,178.07,24.36,81.49,0.4532,-1,-1,-1
101,9,279.43,179.07,26.24,79.74,0.4016,-1,-1,-1
101,5,507.09,192.77,21.87,76.19,0.3766,-1,-1,-1
102,1,311.84,-0.06,272.07,478.71,0.9022,-1,-1,-1
102,2,0.55,0.65,221.51,475.75,0.8732,-1,-1,-1
102,17,189.96,16.21,93.24,413.54,0.8479,-1,-1,-1
102,22,189.96,16.22,93.24,413.47,0.8479,-1,-1,-1
102,19,0.15,81.04,28.65,119.65,0.2542,-1,-1,-1
102,23,0.05,81.58,33.94,349.22,0.4415,-1,-1,-1
102,5,507.81,192.95,19.99,75.85,0.2887,-1,-1,-1
103,1,313.32,-0.07,271.56,479.83,0.9121,-1,-1,-1
103,2,0.52,0.74,221.56,476.57,0.8701,-1,-1,-1
103,17,191.24,16.74,93.26,414.66,0.8402,-1,-1,-1
103,22,191.24,16.75,93.26,414.59,0.8402,-1,-1,-1
103,19,0.21,81.25,29.55,117.88,0.2881,-1,-1,-1
103,23,0.10,81.99,33.89,330.07,0.3842,-1,-1,-1
103,5,508.61,193.12,18.75,75.46,0.3142,-1,-1,-1
104,1,314.24,-0.04,273.37,480.04,0.9108,-1,-1,-1
104,2,0.26,0.86,222.41,476.88,0.8892,-1,-1,-1
104,17,192.20,17.37,91.14,415.00,0.8419,-1,-1,-1
104,22,192.20,17.37,91.14,414.95,0.8419,-1,-1,-1
104,19,0.15,81.41,29.28,117.75,0.3104,-1,-1,-1
104,23,0.10,80.69,33.85,337.82,0.3362,-1,-1,-1
104,5,508.13,193.20,19.41,75.09,0.3209,-1,-1,-1
105,1,314.09,-0.06,274.62,480.20,0.9088,-1,-1,-1
105,2,-0.20,0.74,223.08,476.92,0.8626,-1,-1,-1
105,17,191.98,17.11,89.87,412.09,0.8375,-1,-1,-1
105,22,191.99,17.11,89.87,412.04,0.8375,-1,-1,-1
105,19,-0.23,83.30,26.24,118.98,0.3025,-1,-1,-1
105,23,-0.28,82.94,32.19,348.27,0.3772,-1,-1,-1
105,5,508.29,193.60,18.68,74.75,0.2329,-1,-1,-1
106,1,314.12,-0.09,276.16,479.57,0.9044,-1,-1,-1
106,2,-0.12,0.52,223.46,477.64,0.8800,-1,-1,-1
106,17,192.42,16.66,87.30,414.23,0.8269,-1,-1,-1
106,22,192.43,16.66,87.30,414.19,0.8269,-1,-1,-1
106,19,-0.12,82.19,24.75,121.19,0.2772,-1,-1,-1
106,23,-0.22,82.69,32.59,357.93,0.4092,-1,-1,-1
106,5,509.04,193.99,18.05,74.03,0.2969,-1,-1,-1
106,33,540.78,203.78,12.32,36.01,0.4060,-1,-1,-1
106,29,300.90,178.72,23.98,82.18,0.6318,-1,-1,-1
106,9,279.01,178.84,25.56,81.31,0.5838,-1,-1,-1
107,1,313.73,0.19,278.69,478.95,0.8953,-1,-1,-1
107,2,-0.10,0.33,224.42,478.12,0.8802,-1,-1,-1
107,17,192.47,16.68,86.44,414.75,0.8185,-1,-1,-1
107,22,192.47,16.68,86.44,414.71,0.8185,-1,-1,-1
107,19,-0.11,82.10,23.35,119.40,0.2878,-1,-1,-1
107,23,-0.22,82.63,31.79,361.51,0.3584,-1,-1,-1
107,5,510.27,197.55,16.58,70.44,0.1996,-1,-1,-1
107,33,541.30,204.16,11.90,35.66,0.3815,-1,-1,-1
107,29,300.87,178.62,24.28,82.13,0.5893,-1,-1,-1
107,9,279.33,179.31,25.53,79.91,0.5652,-1,-1,-1
108,1,312.61,-0.10,282.74,477.88,0.8996,-1,-1,-1
108,2,-0.26,-0.04,225.31,478.00,0.8739,-1,-1,-1
108,17,192.03,16.09,86.12,415.49,0.8234,-1,-1,-1
108,22,192.03,16.09,86.12,415.46,0.8234,-1,-1,-1
108,19,-0.15,80.74,22.70,119.17,0.2132,-1,-1,-1
108,23,-0.29,79.91,31.05,354.60,0.1666,-1,-1,-1
108,5,510.94,196.93,16.22,71.27,0.3207,-1,-1,-1
108,33,541.20,202.42,12.08,37.55,0.4678,-1,-1,-1
108,29,300.96,178.69,24.25,81.49,0.6025,-1,-1,-1
108,9,279.23,180.45,25.05,78.16,0.5114,-1,-1,-1
109,1,312.39,-0.18,284.78,475.93,0.8307,-1,-1,-1
109,2,-0.41,-0.02,225.06,478.56,0.8855,-1,-1,-1
109,17,190.14,16.47,87.78,414.36,0.8310,-1,-1,-1
109,22,190.14,16.48,87.78,414.33,0.8310,-1,-1,-1
109,19,-0.23,80.93,22.89,115.56,0.2043,-1,-1,-1
109,23,-0.37,79.46,31.19,362.74,0.2196,-1,-1,-1
109,29,300.93,178.35,24.05,82.08,0.5543,-1,-1,-1
109,9,278.92,180.38,25.70,78.16,0.5040,-1,-1,-1
110,1,312.21,-0.25,288.17,477.20,0.7582,-1,-1,-1
110,2,-0.72,0.22,224.60,478.47,0.9072,-1,-1,-1
110,17,188.40,16.66,90.61,414.17,0.8394,-1,-1,-1
110,22,188.40,16.66,90.61,414.14,0.8394,-1,-1,-1
110,19,-0.43,81.42,22.63,110.58,0.2796,-1,-1,-1
110,23,-0.61,79.98,30.32,347.86,0.1718,-1,-1,-1
110,29,300.53,178.18,24.55,82.18,0.4511,-1,-1,-1
110,9,278.78,179.87,25.63,78.73,0.2191,-1,-1,-1
111,1,311.29,0.05,290.08,476.96,0.7992,-1,-1,-1
111,2,-0.21,0.04,222.88,478.99,0.8960,-1,-1,-1
111,17,188.08,17.08,91.89,414.21,0.8443,-1,-1,-1
111,22,188.08,17.09,91.89,414.19,0.8443,-1,-1,-1
111,19,-0.04,81.44,21.31,107.69,0.2924,-1,-1,-1
111,23,-0.19,78.99,28.67,360.21,0.1772,-1,-1,-1
111,29,299.47,178.13,24.33,81.71,0.2974,-1,-1,-1
111,9,281.60,179.05,28.20,79.94,0.1646,-1,-1,-1
112,1,323.80,0.11,279.72,478.84,0.7954,-1,-1,-1
112,2,-0.29,0.11,222.77,479.42,0.9071,-1,-1,-1
112,17,187.70,17.03,94.65,415.59,0.8492,-1,-1,-1
112,22,187.70,17.03,94.64,415.57,0.8492,-1,-1,-1
112,19,-0.12,81.06,22.00,106.64,0.2899,-1,-1,-1
112,23,-0.25,79.73,29.11,347.97,0.2970,-1,-1,-1
112,29,298.42,177.78,26.23,82.80,0.3508,-1,-1,-1
112,9,279.83,186.23,27.28,70.73,0.1616,-1,-1,-1
113,1,315.72,0.25,283.38,479.38,0.8648,-1,-1,-1
113,2,-0.21,0.16,222.73,479.25,0.9027,-1,-1,-1
113,17,187.73,17.80,94.51,416.65,0.8531,-1,-1,-1
113,22,187.73,17.80,94.51,416.63,0.8531,-1,-1,-1
113,19,-0.06,81.35,20.71,104.89,0.2071,-1,-1,-1
113,23,-0.17,78.52,27.97,324.70,0.1590,-1,-1,-1
114,1,311.30,0.21,287.04,479.19,0.8970,-1,-1,-1
114,2,0.14,0.15,222.18,478.64,0.8954,-1,-1,-1
114,17,187.67,19.11,94.81,414.26,0.8538,-1,-1,-1
114,22,187.67,19.11,94.81,414.24,0.8538,-1,-1,-1
114,19,0.28,80.79,20.96,102.56,0.2111,-1,-1,-1
115,1,309.79,0.14,284.65,477.89,0.8815,-1,-1,-1
115,2,0.48,-0.18,221.56,478.80,0.8897,-1,-1,-1
115,17,188.42,19.83,94.44,414.79,0.8667,-1,-1,-1
115,22,188.42,19.83,94.44,414.78,0.8667,-1,-1,-1
115,19,0.49,80.22,17.97,100.28,0.1554,-1,-1,-1
116,1,307.08,0.05,284.90,478.61,0.8952,-1,-1,-1
116,2,0.98,-0.48,220.51,478.13,0.8793,-1,-1,-1
116,17,191.04,20.17,92.84,414.92,0.8595,-1,-1,-1
116,22,191.04,20.17,92.84,414.91,0.8595,-1,-1,-1
117,1,306.15,0.18,282.11,477.93,0.8834,-1,-1,-1
117,2,1.48,-0.33,220.78,477.02,0.8702,-1,-1,-1
117,17,192.67,20.24,93.59,415.16,0.8547,-1,-1,-1
117,22,192.68,20.24,93.59,415.15,0.8547,-1,-1,-1
118,1,304.42,0.53,278.12,476.76,0.8898,-1,-1,-1
118,2,1.57,0.27,222.02,476.80,0.8679,-1,-1,-1
118,17,193.85,20.42,92.68,415.76,0.8589,-1,-1,-1
118,22,193.85,20.42,92.68,415.75,0.8589,-1,-1,-1
119,1,303.30,0.82,278.47,477.46,0.9114,-1,-1,-1
119,2,1.65,1.21,226.12,477.20,0.8853,-1,-1,-1
119,17,196.94,20.67,91.96,413.02,0.8164,-1,-1,-1
119,22,196.94,20.67,91.96,413.01,0.8164,-1,-1,-1
119,5,498.90,193.44,29.57,77.96,0.6999,-1,-1,-1
119,23,0.61,80.39,30.04,339.17,0.4017,-1,-1,-1
120,1,302.22,0.50,279.95,478.75,0.9103,-1,-1,-1
120,2,0.93,1.26,230.21,478.29,0.8726,-1,-1,-1
120,17,199.97,21.38,89.29,411.39,0.8095,-1,-1,-1
120,22,199.97,21.38,89.29,411.38,0.8095,-1,-1,-1
120,5,498.72,193.16,30.03,78.75,0.7205,-1,-1,-1
120,23,0.51,79.58,30.83,349.17,0.2137,-1,-1,-1
121,1,302.84,0.91,280.27,478.10,0.8873,-1,-1,-1
121,2,1.43,1.34,234.45,478.07,0.8771,-1,-1,-1
121,17,200.80,21.69,88.84,413.34,0.8196,-1,-1,-1
121,22,200.80,21.69,88.84,413.33,0.8196,-1,-1,-1
121,5,498.56,192.68,30.41,79.30,0.6618,-1,-1,-1
121,23,1.27,78.57,34.12,373.34,0.1968,-1,-1,-1
122,1,305.46,0.86,281.27,476.81,0.8887,-1,-1,-1
122,2,1.80,1.23,238.51,478.35,0.8574,-1,-1,-1
122,17,202.53,22.39,85.07,415.54,0.8233,-1,-1,-1
122,22,202.53,22.39,85.07,415.54,0.8233,-1,-1,-1
122,5,498.67,193.44,30.13,78.36,0.6643,-1,-1,-1
122,23,1.39,76.66,35.40,391.75,0.3793,-1,-1,-1
123,1,303.33,1.02,281.91,477.63,0.8960,-1,-1,-1
123,2,1.88,1.47,242.18,478.03,0.8721,-1,-1,-1
123,17,202.78,21.76,84.48,414.43,0.8339,-1,-1,-1
123,22,202.78,21.76,84.48,414.43,0.8339,-1,-1,-1
123,5,498.93,193.68,30.61,78.00,0.6805,-1,-1,-1
123,23,1.39,76.12,37.91,400.29,0.5538,-1,-1,-1
124,1,304.20,0.45,280.03,478.62,0.9043,-1,-1,-1
124,2,1.55,1.06,245.28,478.01,0.8646,-1,-1,-1
124,17,203.38,22.29,82.80,410.01,0.8399,-1,-1,-1
124,22,203.38,22.29,82.80,410.00,0.8399,-1,-1,-1
124,5,499.38,193.93,30.31,77.90,0.6535,-1,-1,-1
124,23,0.97,75.78,38.80,402.93,0.5494,-1,-1,-1
125,1,304.80,0.58,278.33,478.79,0.9025,-1,-1,-1
125,2,0.99,1.03,248.28,478.02,0.8533,-1,-1,-1
125,17,203.47,22.70,81.84,407.03,0.8190,-1,-1,-1
125,22,203.47,22.70,81.84,407.03,0.8190,-1,-1,-1
125,5,500.27,193.68,29.46,77.80,0.6411,-1,-1,-1
125,23,0.53,76.40,41.51,405.15,0.5967,-1,-1,-1
125,35,561.13,201.90,16.18,37.96,0.4811,-1,-1,-1
125,29,297.63,178.50,27.22,79.08,0.3565,-1,-1,-1
126,1,305.16,0.46,276.84,479.37,0.8998,-1,-1,-1
126,2,-0.01,0.81,251.38,469.64,0.7896,-1,-1,-1
126,17,203.77,22.58,80.71,406.64,0.7895,-1,-1,-1
126,22,203.77,22.58,80.71,406.64,0.7895,-1,-1,-1
126,5,500.78,193.91,28.61,77.95,0.6276,-1,-1,-1
126,23,-0.02,76.51,42.98,404.35,0.4523,-1,-1,-1
126,35,561.23,202.30,16.25,37.45,0.4964,-1,-1,-1
126,29,298.12,178.24,25.85,79.08,0.2947,-1,-1,-1
126,9,286.80,180.20,26.04,78.13,0.3462,-1,-1,-1
127,1,306.18,0.38,276.67,479.49,0.8969,-1,-1,-1
127,2,0.40,1.06,251.14,473.33,0.8428,-1,-1,-1
127,17,205.08,22.78,79.26,406.39,0.8087,-1,-1,-1
127,22,205.08,22.78,79.26,406.38,0.8087,-1,-1,-1
127,5,502.10,193.29,27.63,77.86,0.5892,-1,-1,-1
127,23,-0.09,77.56,45.36,404.65,0.4115,-1,-1,-1
127,35,562.35,202.95,15.35,37.03,0.5215,-1,-1,-1
127,29,296.79,178.62,27.53,79.20,0.2805,-1,-1,-1
127,9,285.98,184.30,24.71,74.03,0.2700,-1,-1,-1
128,1,305.96,0.36,277.15,479.60,0.9036,-1,-1,-1
128,2,-0.15,0.76,253.92,473.70,0.8326,-1,-1,-1
128,17,204.98,22.65,79.41,407.05,0.7369,-1,-1,-1
128,22,204.98,22.65,79.41,407.05,0.7369,-1,-1,-1
128,5,502.70,193.81,26.90,77.13,0.6029,-1,-1,-1
128,23,-0.48,77.48,47.16,405.20,0.5871,-1,-1,-1
128,35,562.23,203.38,15.79,37.42,0.4792,-1,-1,-1
128,29,295.15,178.43,29.84,79.66,0.3227,-1,-1,-1
128,9,285.81,186.21,23.67,72.08,0.2643,-1,-1,-1
129,1,306.56,0.14,275.95,479.46,0.8965,-1,-1,-1
129,2,-0.27,0.71,254.42,474.25,0.8552,-1,-1,-1
129,17,204.79,22.78,79.36,407.70,0.7419,-1,-1,-1
129,22,204.79,22.78,79.36,407.70,0.7419,-1,-1,-1
129,5,502.86,193.96,26.65,77.20,0.5898,-1,-1,-1
129,23,-0.69,79.14,48.06,403.49,0.6341,-1,-1,-1
129,35,561.51,203.94,16.23,37.13,0.4412,-1,-1,-1
129,29,295.52,178.55,28.09,79.90,0.2026,-1,-1,-1
129,9,286.80,187.35,22.25,71.08,0.3242,-1,-1,-1
130,1,306.26,0.06,276.57,479.76,0.9090,-1,-1,-1
130,2,0.76,0.63,251.24,473.76,0.8324,-1,-1,-1
130,17,204.80,23.44,79.21,407.73,0.7664,-1,-1,-1
130,22,204.80,23.44,79.21,407.73,0.7664,-1,-1,-1
130,5,503.81,193.76,26.57,77.16,0.6027,-1,-1,-1
130,23,-0.74,79.98,49.10,402.60,0.6947,-1,-1,-1
130,35,561.44,203.40,16.32,37.81,0.4588,-1,-1,-1
130,29,295.78,178.27,26.71,80.08,0.1652,-1,-1,-1
130,9,288.28,189.19,20.90,69.21,0.3440,-1,-1,-1
131,1,306.00,0.15,276.10,479.71,0.8996,-1,-1,-1
131,2,7.96,0.59,242.11,471.96,0.8093,-1,-1,-1
131,17,204.13,23.12,79.91,406.04,0.7975,-1,-1,-1
131,22,204.13,23.12,79.91,406.04,0.7975,-1,-1,-1
131,5,502.59,193.68,27.55,77.66,0.6515,-1,-1,-1
131,23,-0.80,80.06,49.41,292.01,0.3750,-1,-1,-1
131,35,560.34,203.57,17.12,37.15,0.4560,-1,-1,-1
131,29,296.81,179.70,25.02,78.27,0.1675,-1,-1,-1
131,9,288.40,190.80,20.54,67.57,0.3444,-1,-1,-1
132,1,306.32,-0.07,274.50,480.09,0.8961,-1,-1,-1
132,2,9.74,0.43,238.34,472.27,0.7881,-1,-1,-1
132,17,202.32,22.81,81.36,406.43,0.8255,-1,-1,-1
132,22,202.32,22.81,81.36,406.42,0.8255,-1,-1,-1
132,5,502.43,193.06,27.61,77.90,0.6414,-1,-1,-1
132,23,-0.86,80.38,49.08,368.93,0.2878,-1,-1,-1
132,35,559.90,205.45,17.57,35.02,0.2232,-1,-1,-1
132,29,296.00,178.49,26.34,80.27,0.5034,-1,-1,-1
132,9,286.48,189.26,22.09,69.38,0.2335,-1,-1,-1
133,1,306.01,-0.21,273.80,478.25,0.8986,-1,-1,-1
133,2,8.80,0.31,237.44,474.78,0.8360,-1,-1,-1
133,17,201.10,22.56,82.41,407.16,0.8322,-1,-1,-1
133,22,201.10,22.56,82.41,407.16,0.8322,-1,-1,-1
133,5,502.09,192.99,28.03,78.46,0.5939,-1,-1,-1
133,23,-0.89,79.74,48.90,388.42,0.1822,-1,-1,-1
133,35,558.51,204.08,18.50,36.40,0.2557,-1,-1,-1
133,29,294.81,178.16,28.63,80.76,0.5440,-1,-1,-1
133,9,282.03,188.17,22.09,68.75,0.3832,-1,-1,-1
134,1,305.31,-0.06,271.96,477.55,0.9033,-1,-1,-1
134,2,9.15,0.43,235.37,477.23,0.8551,-1,-1,-1
134,17,200.89,22.57,81.69,410.55,0.8372,-1,-1,-1
134,22,200.89,22.57,81.69,410.54,0.8372,-1,-1,-1
134,5,501.35,192.80,28.82,79.23,0.6290,-1,-1,-1
134,23,-0.93,80.48,47.89,396.39,0.4219,-1,-1,-1
134,35,557.94,201.63,19.25,39.04,0.4409,-1,-1,-1
134,29,294.68,178.39,29.56,80.54,0.5869,-1,-1,-1
134,9,280.38,188.22,21.01,67.08,0.3155,-1,-1,-1
135,1,305.86,-0.22,270.55,479.84,0.8891,-1,-1,-1
135,2,7.56,0.45,234.85,478.51,0.8785,-1,-1,-1
135,17,201.40,22.55,81.16,412.45,0.8360,-1,-1,-1
135,22,201.40,22.55,81.16,412.45,0.8360,-1,-1,-1
135,5,500.92,192.96,28.40,79.11,0.6267,-1,-1,-1
135,23,-0.94,80.21,45.21,398.63,0.4020,-1,-1,-1
135,35,557.15,203.39,20.45,37.83,0.1535,-1,-1,-1
135,29,294.61,177.82,29.94,81.49,0.5321,-1,-1,-1
135,9,279.77,188.68,22.75,66.98,0.2183,-1,-1,-1
135,39,537.13,192.49,19.22,55.47,0.5089,-1,-1,-1
136,1,305.60,-0.22,269.82,480.50,0.8891,-1,-1,-1
136,2,5.97,0.51,232.28,478.45,0.8581,-1,-1,-1
136,17,200.10,23.22,82.46,411.52,0.8289,-1,-1,-1
136,22,200.10,23.22,82.46,411.51,0.8289,-1,-1,-1
136,5,500.48,192.71,28.70,79.52,0.6369,-1,-1,-1
136,23,-0.80,78.60,44.22,397.22,0.4076,-1,-1,-1
136,29,296.06,178.22,28.16,81.06,0.4172,-1,-1,-1
136,39,535.39,191.18,20.64,57.70,0.3693,-1,-1,-1
137,1,305.54,-0.20,269.65,480.61,0.8920,-1,-1,-1
137,2,5.95,0.58,227.40,478.81,0.8565,-1,-1,-1
137,17,196.25,22.95,86.86,410.40,0.8277,-1,-1,-1
137,22,196.25,22.95,86.86,410.40,0.8277,-1,-1,-1
137,5,500.56,193.10,28.68,79.06,0.6007,-1,-1,-1
137,23,-0.72,79.40,42.22,393.82,0.4125,-1,-1,-1
137,29,297.01,178.13,27.32,80.95,0.5053,-1,-1,-1
137,39,534.30,190.96,21.89,58.20,0.4993,-1,-1,-1
138,1,304.22,-0.32,271.35,480.96,0.9059,-1,-1,-1
138,2,4.82,0.18,223.63,480.17,0.8711,-1,-1,-1
138,17,192.50,23.04,90.48,412.25,0.8409,-1,-1,-1
138,22,192.50,23.04,90.48,412.25,0.8409,-1,-1,-1
138,5,501.28,193.01,28.22,79.09,0.5743,-1,-1,-1
138,23,-1.09,78.77,40.22,388.86,0.1598,-1,-1,-1
138,29,293.74,178.37,31.77,81.10,0.6005,-1,-1,-1
138,39,533.15,190.18,23.84,58.45,0.4714,-1,-1,-1
139,1,304.62,-0.17,272.10,480.56,0.9105,-1,-1,-1
139,2,4.00,0.20,222.52,480.12,0.8712,-1,-1,-1
139,17,190.75,22.57,92.68,411.10,0.8470,-1,-1,-1
139,22,190.75,22.57,92.68,411.10,0.8470,-1,-1,-1
139,5,501.73,193.45,27.86,78.36,0.5516,-1,-1,-1
139,29,292.18,178.22,34.04,81.23,0.6249,-1,-1,-1
139,39,531.34,191.46,21.45,57.32,0.1671,-1,-1,-1
139,35,556.30,201.94,17.83,40.06,0.3997,-1,-1,-1
140,1,304.98,0.35,273.55,479.68,0.9103,-1,-1,-1
140,2,2.61,0.51,220.65,479.65,0.8795,-1,-1,-1
140,17,189.29,22.41,94.65,410.80,0.8525,-1,-1,-1
140,22,189.29,22.41,94.65,410.79,0.8525,-1,-1,-1
140,5,502.32,192.99,27.95,78.51,0.5440,-1,-1,-1
140,29,292.35,177.48,33.04,81.95,0.6004,-1,-1,-1
140,39,530.04,190.89,24.20,57.55,0.1866,-1,-1,-1
140,35,556.25,202.97,16.80,38.97,0.3283,-1,-1,-1
141,1,304.12,0.06,275.88,476.35,0.8997,-1,-1,-1
141,2,1.65,0.73,218.43,479.07,0.8872,-1,-1,-1
141,17,187.48,21.40,96.79,411.99,0.8562,-1,-1,-1
141,22,187.48,21.40,96.79,411.98,0.8562,-1,-1,-1
141,5,502.11,192.82,27.63,78.37,0.5857,-1,-1,-1
141,29,292.48,178.11,32.66,80.81,0.4772,-1,-1,-1
141,39,527.72,193.98,19.72,54.47,0.2406,-1,-1,-1
141,35,555.03,203.57,15.95,38.35,0.3271,-1,-1,-1
142,1,303.89,0.22,277.08,478.19,0.9093,-1,-1,-1
142,2,1.22,0.93,216.25,479.13,0.8835,-1,-1,-1
142,17,186.90,20.87,97.42,413.18,0.8585,-1,-1,-1
142,22,186.90,20.87,97.42,413.18,0.8585,-1,-1,-1
142,5,502.36,192.38,27.27,78.81,0.5660,-1,-1,-1
142,29,293.57,178.19,29.66,80.38,0.4533,-1,-1,-1
142,39,524.79,196.77,16.68,47.52,0.1667,-1,-1,-1
142,35,555.39,203.35,17.26,38.91,0.3910,-1,-1,-1
143,1,304.83,-0.13,278.33,479.71,0.9058,-1,-1,-1
143,2,0.27,0.83,216.03,479.59,0.8861,-1,-1,-1
143,17,185.30,20.24,99.38,414.36,0.8618,-1,-1,-1
143,22,185.30,20.24,99.38,414.36,0.8618,-1,-1,-1
143,5,503.80,192.03,25.40,78.59,0.5973,-1,-1,-1
143,29,292.14,178.17,31.97,81.16,0.5432,-1,-1,-1
143,39,522.96,198.14,16.07,46.98,0.2030,-1,-1,-1
143,35,555.51,205.73,15.08,36.73,0.3283,-1,-1,-1
144,1,304.98,-0.24,281.05,480.32,0.9140,-1,-1,-1
144,2,-0.09,0.73,216.12,479.26,0.8927,-1,-1,-1
144,17,184.63,20.19,100.04,414.09,0.8556,-1,-1,-1
144,22,184.63,20.19,100.04,414.08,0.8556,-1,-1,-1
144,5,504.45,191.49,24.11,78.79,0.5346,-1,-1,-1
144,29,292.70,178.13,30.71,80.57,0.5565,-1,-1,-1
144,39,522.08,198.87,15.15,44.96,0.1836,-1,-1,-1
144,35,554.53,203.85,16.28,38.58,0.4365,-1,-1,-1
145,1,306.45,-0.31,284.74,481.09,0.9005,-1,-1,-1
145,2,-0.22,0.32,214.79,479.41,0.9011,-1,-1,-1
145,17,182.79,19.78,101.64,414.03,0.8543,-1,-1,-1
145,22,182.79,19.78,101.64,414.03,0.8543,-1,-1,-1
145,5,505.57,192.18,23.08,78.28,0.5529,-1,-1,-1
145,29,293.38,178.31,29.50,80.24,0.5817,-1,-1,-1
145,39,523.19,200.83,13.90,42.90,0.1975,-1,-1,-1
145,35,555.14,202.80,19.26,52.24,0.4485,-1,-1,-1
146,1,308.09,-0.11,285.29,480.38,0.8603,-1,-1,-1
146,2,0.20,0.68,214.44,478.23,0.8963,-1,-1,-1
146,17,182.55,19.96,102.11,412.99,0.8513,-1,-1,-1
146,22,182.55,19.96,102.11,412.99,0.8513,-1,-1,-1
146,29,295.17,178.13,27.38,80.31,0.6034,-1,-1,-1
147,1,318.73,-0.09,283.30,477.82,0.8403,-1,-1,-1
147,2,0.50,1.21,215.13,476.79,0.8910,-1,-1,-1
147,17,183.04,20.22,101.64,412.40,0.8539,-1,-1,-1
147,22,183.04,20.22,101.64,412.40,0.8539,-1,-1,-1
147,29,296.34,177.37,25.04,82.09,0.3720,-1,-1,-1
148,1,317.34,0.17,290.21,476.20,0.8730,-1,-1,-1
148,2,1.46,1.48,216.18,476.97,0.8647,-1,-1,-1
148,17,185.30,20.56,99.59,411.86,0.8583,-1,-1,-1
148,22,185.30,20.56,99.59,411.86,0.8583,-1,-1,-1
148,29,298.55,177.89,24.06,82.79,0.3988,-1,-1,-1
149,1,316.71,0.21,294.35,475.95,0.8849,-1,-1,-1
149,2,2.37,1.20,219.66,477.71,0.8583,-1,-1,-1
149,17,188.06,20.94,96.71,410.62,0.8565,-1,-1,-1
149,22,188.06,20.94,96.71,410.62,0.8565,-1,-1,-1
149,29,300.34,178.25,22.46,83.88,0.4506,-1,-1,-1
149,40,289.67,197.39,19.84,62.27,0.4408,-1,-1,-1
150,1,316.16,0.31,297.84,477.67,0.8776,-1,-1,-1
150,2,2.48,1.44,222.23,478.05,0.8666,-1,-1,-1
150,17,189.67,21.74,95.05,411.91,0.8527,-1,-1,-1
150,22,189.67,21.74,95.05,411.91,0.8527,-1,-1,-1
150,40,288.93,200.76,19.30,47.64,0.2913,-1,-1,-1
151,1,316.78,0.45,296.48,478.33,0.8437,-1,-1,-1
151,2,3.75,1.41,223.64,478.08,0.8561,-1,-1,-1
151,17,192.24,22.27,92.03,413.20,0.8592,-1,-1,-1
151,22,192.24,22.27,92.03,413.20,0.8592,-1,-1,-1
152,1,316.96,0.10,292.17,478.54,0.7836,-1,-1,-1
152,2,7.03,0.96,223.50,478.87,0.8585,-1,-1,-1
152,17,193.49,22.05,90.65,413.14,0.8666,-1,-1,-1
152,22,193.49,22.05,90.65,413.14,0.8666,-1,-1,-1
153,1,313.02,0.31,290.82,475.98,0.8183,-1,-1,-1
153,2,9.17,0.83,223.76,475.60,0.8398,-1,-1,-1
153,17,193.83,21.88,89.47,411.35,0.8636,-1,-1,-1
153,22,193.83,21.88,89.47,411.35,0.8636,-1,-1,-1
154,1,308.27,0.70,288.61,477.44,0.8768,-1,-1,-1
154,2,7.51,0.59,226.04,474.43,0.8283,-1,-1,-1
154,17,193.22,21.66,89.69,412.38,0.8524,-1,-1,-1
154,22,193.22,21.66,89.69,412.38,0.8524,-1,-1,-1
154,23,0.24,79.77,45.18,386.06,0.3546,-1,-1,-1
154,5,502.98,188.63,25.89,79.40,0.6723,-1,-1,-1
154,35,553.76,206.28,15.44,36.95,0.4257,-1,-1,-1
155,1,305.99,0.76,285.91,478.63,0.8916,-1,-1,-1
155,2,8.02,0.78,226.06,475.69,0.8270,-1,-1,-1
155,17,192.80,22.06,89.86,413.68,0.8441,-1,-1,-1
155,22,192.80,22.06,89.86,413.68,0.8441,-1,-1,-1
155,23,0.30,79.22,44.14,386.67,0.3344,-1,-1,-1
155,5,501.01,191.48,27.11,77.43,0.6322,-1,-1,-1
155,35,553.55,205.36,16.05,37.17,0.3842,-1,-1,-1
156,1,304.96,0.49,281.65,479.59,0.9024,-1,-1,-1
156,2,7.04,0.69,227.22,477.20,0.8637,-1,-1,-1
156,17,192.25,21.97,89.54,413.79,0.8660,-1,-1,-1
156,22,192.25,21.97,89.54,413.79,0.8660,-1,-1,-1
156,23,0.15,79.74,43.29,386.41,0.1937,-1,-1,-1
156,5,499.19,194.13,27.87,75.59,0.5660,-1,-1,-1
156,35,552.34,207.77,15.55,34.93,0.3118,-1,-1,-1
157,1,303.22,0.12,267.73,480.16,0.9151,-1,-1,-1
157,2,7.06,0.29,226.73,476.13,0.8366,-1,-1,-1
157,17,191.48,21.15,89.13,415.42,0.8652,-1,-1,-1
157,22,191.48,21.15,89.13,415.42,0.8652,-1,-1,-1
157,23,0.03,78.44,42.49,388.26,0.2101,-1,-1,-1
157,5,498.01,194.50,29.05,76.39,0.5836,-1,-1,-1
157,35,550.68,209.20,16.65,34.02,0.1804,-1,-1,-1
158,1,303.77,-0.16,242.11,480.59,0.9172,-1,-1,-1
158,2,6.20,-0.28,225.48,477.72,0.8401,-1,-1,-1
158,17,190.95,19.67,88.96,418.15,0.8587,-1,-1,-1
158,22,190.95,19.67,88.96,418.15,0.8587,-1,-1,-1
158,5,497.35,195.61,29.68,75.65,0.5190,-1,-1,-1
158,35,551.29,209.35,16.79,33.93,0.4268,-1,-1,-1
158,42,589.76,0.86,49.72,255.04,0.4966,-1,-1,-1
159,1,300.95,-0.08,224.10,480.78,0.9095,-1,-1,-1
159,2,4.43,-0.14,226.62,478.59,0.8462,-1,-1,-1
159,17,190.58,18.96,90.75,418.59,0.8467,-1,-1,-1
159,22,190.58,18.96,90.75,418.59,0.8467,-1,-1,-1
159,5,496.78,188.24,30.92,84.06,0.7016,-1,-1,-1
159,35,552.02,208.63,16.97,34.85,0.2756,-1,-1,-1
159,42,587.95,0.43,51.59,252.41,0.3504,-1,-1,-1
159,43,526.91,195.23,20.55,56.38,0.4938,-1,-1,-1
159,23,-0.21,76.44,39.73,393.13,0.4557,-1,-1,-1
160,1,301.63,0.21,205.28,477.33,0.9183,-1,-1,-1
160,2,0.99,0.18,227.80,479.16,0.8644,-1,-1,-1
160,17,189.85,18.59,90.72,420.05,0.8495,-1,-1,-1
160,22,189.85,18.59,90.72,420.05,0.8495,-1,-1,-1
160,5,496.17,186.24,31.89,86.43,0.7206,-1,-1,-1
160,35,549.83,208.02,17.93,36.81,0.2934,-1,-1,-1
160,42,585.22,0.23,54.33,252.35,0.2666,-1,-1,-1
160,43,528.26,196.85,18.79,55.81,0.2914,-1,-1,-1
160,23,-0.52,75.99,39.61,393.92,0.4352,-1,-1,-1
161,1,296.57,-0.35,203.80,480.15,0.9106,-1,-1,-1
161,2,-0.35,-0.05,228.45,480.46,0.8619,-1,-1,-1
161,17,188.80,17.74,91.34,421.58,0.8481,-1,-1,-1
161,22,188.80,17.74,91.34,421.58,0.8481,-1,-1,-1
161,5,495.97,186.02,32.36,86.71,0.6948,-1,-1,-1
161,35,549.57,208.15,13.93,36.68,0.1795,-1,-1,-1
161,42,585.39,0.24,54.71,250.57,0.3891,-1,-1,-1
161,43,530.53,196.99,16.22,56.03,0.2321,-1,-1,-1
161,23,-0.80,75.48,37.14,393.97,0.4435,-1,-1,-1
162,1,291.89,-0.14,208.10,477.25,0.9057,-1,-1,-1
162,2,-0.29,-0.17,229.58,480.06,0.8341,-1,-1,-1
162,17,188.46,15.79,93.77,422.75,0.8530,-1,-1,-1
162,22,188.46,15.79,93.77,422.75,0.8530,-1,-1,-1
162,5,497.21,184.57,32.51,88.14,0.7160,-1,-1,-1
162,35,548.93,206.50,17.53,37.95,0.2369,-1,-1,-1
162,42,588.25,0.32,52.50,248.92,0.3282,-1,-1,-1
162,43,526.50,194.23,18.72,58.30,0.4761,-1,-1,-1
162,23,-0.12,73.25,35.67,391.81,0.3514,-1,-1,-1
163,1,288.75,-0.01,210.73,476.70,0.9063,-1,-1,-1
163,2,-0.95,0.05,229.26,477.51,0.8298,-1,-1,-1
163,17,187.42,15.21,94.14,426.34,0.8500,-1,-1,-1
163,22,187.42,15.21,94.14,426.34,0.8500,-1,-1,-1
163,5,497.10,183.89,33.58,88.79,0.7193,-1,-1,-1
163,35,549.04,205.58,18.64,38.97,0.2220,-1,-1,-1
163,42,589.25,0.44,51.20,248.47,0.3869,-1,-1,-1
163,43,526.88,192.89,18.43,58.94,0.1884,-1,-1,-1
163,23,-0.58,71.29,35.46,380.13,0.3306,-1,-1,-1
164,1,288.47,0.02,210.26,475.86,0.9040,-1,-1,-1
164,2,-1.11,-0.02,226.63,476.65,0.8045,-1,-1,-1
164,17,186.35,13.57,94.20,428.78,0.8367,-1,-1,-1
164,22,186.35,13.57,94.20,428.78,0.8367,-1,-1,-1
164,5,496.22,182.73,33.22,89.93,0.7226,-1,-1,-1
164,35,548.70,205.88,16.80,37.96,0.2384,-1,-1,-1
164,42,588.25,-0.15,51.74,249.92,0.2068,-1,-1,-1
164,43,528.96,192.76,16.41,58.01,0.1741,-1,-1,-1
164,23,-0.72,71.18,33.50,369.73,0.3544,-1,-1,-1
165,1,292.38,-0.15,207.00,479.20,0.9196,-1,-1,-1
165,2,-0.94,0.15,225.00,476.53,0.8192,-1,-1,-1
165,17,186.57,13.27,93.90,429.43,0.8456,-1,-1,-1
165,22,186.57,13.27,93.90,429.43,0.8456,-1,-1,-1
165,5,496.49,182.95,33.48,89.93,0.7147,-1,-1,-1
165,35,549.24,208.03,14.12,36.34,0.2580,-1,-1,-1
165,42,588.06,-0.13,52.11,249.65,0.1863,-1,-1,-1
165,23,-0.52,75.83,30.51,353.95,0.3300,-1,-1,-1
166,1,294.85,-0.32,205.54,479.94,0.9216,-1,-1,-1
166,2,-0.22,-0.14,223.61,476.87,0.8164,-1,-1,-1
166,17,186.06,12.03,94.71,430.97,0.8413,-1,-1,-1
166,22,186.06,12.03,94.71,430.97,0.8413,-1,-1,-1
166,5,496.84,182.43,33.38,90.00,0.7194,-1,-1,-1
166,35,549.57,205.76,14.50,38.38,0.2188,-1,-1,-1
166,42,588.83,0.20,51.42,246.13,0.2177,-1,-1,-1
167,1,294.20,-0.15,205.84,480.32,0.9167,-1,-1,-1
167,2,-0.87,0.35,222.26,474.43,0.7955,-1,-1,-1
167,17,184.44,10.95,94.98,432.63,0.8183,-1,-1,-1
167,22,184.44,10.95,94.98,432.63,0.8183,-1,-1,-1
167,5,496.07,183.13,33.94,89.45,0.7213,-1,-1,-1
167,35,547.80,203.86,16.34,41.15,0.3512,-1,-1,-1
167,42,587.39,0.01,52.25,244.21,0.1931,-1,-1,-1
168,1,293.51,-0.16,206.20,480.13,0.9130,-1,-1,-1
168,2,-0.61,0.42,221.42,474.35,0.8191,-1,-1,-1
168,17,183.56,10.45,95.18,432.82,0.8437,-1,-1,-1
168,22,183.56,10.45,95.18,432.82,0.8437,-1,-1,-1
168,5,495.88,182.61,34.25,89.64,0.7229,-1,-1,-1
168,35,547.38,201.62,19.20,43.80,0.3974,-1,-1,-1
168,42,586.63,-0.15,52.85,242.82,0.2033,-1,-1,-1
169,1,288.37,0.86,211.71,475.68,0.9027,-1,-1,-1
169,2,-0.14,0.70,221.00,473.92,0.7544,-1,-1,-1
169,17,183.20,10.52,96.06,433.53,0.8433,-1,-1,-1
169,22,183.20,10.52,96.06,433.53,0.8433,-1,-1,-1
169,5,496.33,183.34,33.84,89.39,0.7325,-1,-1,-1
169,35,547.86,202.23,19.97,42.85,0.3259,-1,-1,-1
169,42,587.48,0.55,52.19,243.50,0.2687,-1,-1,-1
170,1,282.97,0.84,216.82,474.93,0.8991,-1,-1,-1
170,2,-0.25,0.14,220.05,472.97,0.7600,-1,-1,-1
170,17,182.81,9.83,96.10,435.88,0.8439,-1,-1,-1
170,22,182.81,9.83,96.10,435.88,0.8439,-1,-1,-1
170,5,496.47,183.10,33.79,90.03,0.7139,-1,-1,-1
170,43,526.78,188.78,17.64,63.63,0.3604,-1,-1,-1
171,1,280.14,1.02,218.87,474.05,0.9022,-1,-1,-1
171,2,0.10,0.23,218.91,472.90,0.7941,-1,-1,-1
171,17,182.28,9.88,96.46,436.72,0.8462,-1,-1,-1
171,22,182.28,9.88,96.46,436.72,0.8462,-1,-1,-1
172,1,280.71,0.97,219.17,474.54,0.8971,-1,-1,-1
172,2,0.22,0.55,219.15,474.42,0.8446,-1,-1,-1
172,17,182.43,9.91,97.04,437.54,0.8467,-1,-1,-1
172,22,182.43,9.91,97.04,437.54,0.8467,-1,-1,-1
173,1,280.61,1.08,220.19,472.41,0.8991,-1,-1,-1
173,2,-0.12,2.48,221.74,472.57,0.8153,-1,-1,-1
173,17,180.78,10.85,101.05,434.26,0.8485,-1,-1,-1
173,22,180.78,10.85,101.05,434.26,0.8485,-1,-1,-1
174,1,281.37,1.22,217.63,474.23,0.9030,-1,-1,-1
174,2,-0.02,1.50,219.83,473.72,0.8273,-1,-1,-1
174,17,180.54,10.68,99.66,435.11,0.8488,-1,-1,-1
174,22,180.54,10.68,99.66,435.11,0.8488,-1,-1,-1
175,1,280.52,1.30,218.65,475.62,0.8519,-1,-1,-1
175,2,-0.01,1.36,219.61,475.21,0.8591,-1,-1,-1
175,17,179.81,11.21,100.95,439.82,0.8492,-1,-1,-1
175,22,179.81,11.21,100.95,439.82,0.8492,-1,-1,-1
176,1,282.81,0.43,216.56,478.38,0.8984,-1,-1,-1
176,2,0.20,0.39,219.20,476.78,0.8271,-1,-1,-1
176,17,180.63,11.18,100.35,440.10,0.8401,-1,-1,-1
176,22,180.63,11.18,100.35,440.10,0.8401,-1,-1,-1
177,1,283.62,1.02,214.18,476.60,0.8926,-1,-1,-1
177,2,1.41,-0.48,216.75,475.52,0.7938,-1,-1,-1
177,17,181.85,11.56,97.24,439.31,0.8551,-1,-1,-1
177,22,181.85,11.56,97.24,439.31,0.8551,-1,-1,-1
178,1,283.14,0.91,215.34,476.61,0.9043,-1,-1,-1
178,2,2.23,-0.38,215.49,475.77,0.8279,-1,-1,-1
178,17,181.64,11.53,97.47,436.43,0.8604,-1,-1,-1
178,22,181.64,11.53,97.47,436.43,0.8604,-1,-1,-1
178,5,495.58,183.04,34.65,89.34,0.7169,-1,-1,-1
179,1,272.45,0.61,227.23,477.17,0.8600,-1,-1,-1
179,2,0.91,-0.30,216.99,476.12,0.8363,-1,-1,-1
179,17,181.25,11.16,98.00,439.34,0.8658,-1,-1,-1
179,22,181.25,11.16,98.00,439.34,0.8658,-1,-1,-1
179,45,548.44,204.21,18.13,41.32,0.4068,-1,-1,-1
179,5,496.33,183.28,34.03,89.60,0.7315,-1,-1,-1
180,1,279.56,0.07,221.15,478.84,0.9031,-1,-1,-1
180,2,0.65,-0.26,217.72,477.39,0.8415,-1,-1,-1
180,17,181.02,11.06,98.54,438.77,0.8561,-1,-1,-1
180,22,181.02,11.06,98.54,438.77,0.8561,-1,-1,-1
180,45,549.66,205.83,17.34,40.24,0.3471,-1,-1,-1
180,5,496.79,183.33,33.48,89.58,0.7044,-1,-1,-1
181,1,281.01,0.21,220.56,479.56,0.9067,-1,-1,-1
181,2,0.40,0.19,218.10,476.97,0.8205,-1,-1,-1
181,17,181.87,11.68,97.66,437.93,0.8608,-1,-1,-1
181,22,181.87,11.68,97.66,437.93,0.8608,-1,-1,-1
181,45,549.84,206.63,17.23,39.99,0.3745,-1,-1,-1
181,5,496.91,183.63,33.03,89.42,0.7025,-1,-1,-1
182,1,282.12,0.25,220.45,477.12,0.9032,-1,-1,-1
182,2,0.20,-0.26,217.49,475.53,0.8312,-1,-1,-1
182,17,181.57,10.98,97.05,436.60,0.8436,-1,-1,-1
182,22,181.57,10.98,97.05,436.60,0.8436,-1,-1,-1
182,45,549.11,206.64,15.91,40.13,0.2835,-1,-1,-1
182,5,496.76,183.76,32.61,88.89,0.7113,-1,-1,-1
183,1,282.90,0.32,220.89,476.54,0.9035,-1,-1,-1
183,2,0.22,-0.03,218.18,476.06,0.8450,-1,-1,-1
183,17,182.04,11.25,96.49,436.40,0.8514,-1,-1,-1
183,22,182.04,11.25,96.49,436.40,0.8514,-1,-1,-1
183,45,548.86,206.12,15.86,40.39,0.3511,-1,-1,-1
183,5,497.20,184.37,31.56,88.17,0.7192,-1,-1,-1
184,1,284.74,0.63,220.92,475.92,0.9052,-1,-1,-1
184,2,0.34,0.24,218.39,475.51,0.8218,-1,-1,-1
184,17,181.68,11.39,97.01,435.91,0.8484,-1,-1,-1
184,22,181.68,11.39,97.01,435.91,0.8484,-1,-1,-1
184,45,549.39,205.77,17.48,41.05,0.2844,-1,-1,-1
184,5,498.12,184.32,30.25,88.44,0.7046,-1,-1,-1
184,46,524.08,187.73,25.21,69.43,0.5913,-1,-1,-1
185,1,287.62,0.73,219.84,475.34,0.8970,-1,-1,-1
185,2,0.23,0.33,218.57,475.65,0.8311,-1,-1,-1
185,17,181.18,11.49,97.46,435.67,0.8490,-1,-1,-1
185,22,181.18,11.49,97.46,435.67,0.8490,-1,-1,-1
185,45,549.98,205.90,14.71,41.00,0.2205,-1,-1,-1
185,5,498.77,184.53,29.53,87.88,0.7022,-1,-1,-1
185,46,523.35,188.79,25.50,67.52,0.4269,-1,-1,-1
186,1,292.73,0.96,216.36,474.87,0.9136,-1,-1,-1
186,2,0.17,0.27,218.71,476.45,0.8592,-1,-1,-1
186,17,181.36,11.39,97.34,436.03,0.8525,-1,-1,-1
186,22,181.36,11.39,97.34,436.03,0.8525,-1,-1,-1
186,45,549.02,205.39,17.07,41.81,0.3170,-1,-1,-1
186,5,499.05,185.30,28.85,86.61,0.6991,-1,-1,-1
186,46,522.92,188.11,23.34,68.36,0.5188,-1,-1,-1
187,1,294.33,1.06,215.73,474.82,0.9097,-1,-1,-1
187,2,-0.02,0.35,218.83,476.17,0.8707,-1,-1,-1
187,17,181.92,11.46,96.58,435.99,0.8491,-1,-1,-1
187,22,181.92,11.46,96.58,435.99,0.8491,-1,-1,-1
187,45,548.60,204.43,17.22,42.62,0.2982,-1,-1,-1
187,5,499.40,185.66,28.12,85.74,0.6705,-1,-1,-1
187,46,522.76,190.99,21.29,65.67,0.5336,-1,-1,-1
188,1,295.78,0.97,214.57,474.50,0.9124,-1,-1,-1
188,2,-0.03,0.30,218.75,476.17,0.8591,-1,-1,-1
188,17,181.37,11.31,97.06,435.86,0.8515,-1,-1,-1
188,22,181.37,11.31,97.06,435.86,0.8515,-1,-1,-1
188,45,549.12,205.84,16.67,41.31,0.3246,-1,-1,-1
188,5,499.82,185.45,27.97,86.18,0.6813,-1,-1,-1
188,46,522.58,192.02,19.66,66.83,0.4155,-1,-1,-1
189,1,296.74,0.86,213.46,474.15,0.9132,-1,-1,-1
189,2,0.06,0.14,218.62,475.87,0.8382,-1,-1,-1
189,17,181.38,10.94,96.78,436.00,0.8536,-1,-1,-1
189,22,181.38,10.94,96.78,436.00,0.8536,-1,-1,-1
189,45,545.98,199.61,19.57,46.42,0.2296,-1,-1,-1
189,5,499.69,184.86,28.36,86.78,0.6820,-1,-1,-1
189,46,523.46,190.29,19.98,69.07,0.5305,-1,-1,-1
190,1,296.88,0.79,213.25,474.51,0.9129,-1,-1,-1
190,2,0.01,0.18,218.54,475.62,0.8496,-1,-1,-1
190,17,181.57,10.95,96.45,435.19,0.8424,-1,-1,-1
190,22,181.57,10.95,96.45,435.19,0.8424,-1,-1,-1
190,45,544.97,202.29,20.38,42.66,0.1544,-1,-1,-1
190,5,499.34,185.38,28.71,86.12,0.6714,-1,-1,-1
190,46,523.33,189.43,19.92,70.39,0.5011,-1,-1,-1
191,1,296.96,0.94,212.78,474.57,0.9146,-1,-1,-1
191,2,-0.02,0.34,218.38,475.71,0.8552,-1,-1,-1
191,17,181.47,10.91,96.50,435.63,0.8468,-1,-1,-1
191,22,181.47,10.91,96.50,435.63,0.8468,-1,-1,-1
191,5,499.00,185.07,29.14,86.95,0.6867,-1,-1,-1
191,46,524.35,189.55,20.63,70.04,0.4344,-1,-1,-1
191,48,294.45,178.07,22.99,78.29,0.5040,-1,-1,-1
192,1,296.19,0.95,213.53,474.46,0.9103,-1,-1,-1
192,2,-0.06,0.35,218.35,475.65,0.8472,-1,-1,-1
192,17,180.96,11.00,97.17,435.73,0.8523,-1,-1,-1
192,22,180.96,11.00,97.17,435.73,0.8523,-1,-1,-1
192,5,498.89,184.70,29.30,86.99,0.6721,-1,-1,-1
192,46,525.19,189.13,21.91,71.24,0.2826,-1,-1,-1
192,48,294.33,178.30,23.05,77.70,0.4817,-1,-1,-1
193,1,295.11,0.81,214.54,474.57,0.9085,-1,-1,-1
193,2,-0.10,0.35,218.02,474.84,0.8333,-1,-1,-1
193,17,181.14,11.09,96.93,436.22,0.8511,-1,-1,-1
193,22,181.14,11.09,96.93,436.22,0.8511,-1,-1,-1
193,5,498.92,184.80,29.12,87.31,0.6923,-1,-1,-1
193,46,525.06,189.07,23.80,71.90,0.3453,-1,-1,-1
193,48,293.35,177.51,23.74,77.70,0.3577,-1,-1,-1
194,1,291.89,0.53,217.46,475.40,0.8971,-1,-1,-1
194,2,-0.01,0.24,217.44,475.58,0.8345,-1,-1,-1
194,17,180.47,10.94,97.41,436.70,0.8552,-1,-1,-1
194,22,180.47,10.94,97.41,436.70,0.8552,-1,-1,-1
194,5,499.11,184.71,28.98,87.58,0.6949,-1,-1,-1
194,46,523.75,188.87,25.89,72.82,0.3117,-1,-1,-1
194,48,292.82,177.00,24.04,74.63,0.2352,-1,-1,-1
195,1,287.33,0.34,221.59,476.06,0.8812,-1,-1,-1
195,2,-0.19,0.28,217.18,475.80,0.8489,-1,-1,-1
195,17,179.91,10.81,97.40,436.98,0.8557,-1,-1,-1
195,22,179.91,10.81,97.40,436.98,0.8557,-1,-1,-1
195,5,498.78,184.33,28.64,88.22,0.6762,-1,-1,-1
195,46,525.24,190.33,26.81,71.83,0.2968,-1,-1,-1
196,1,283.90,0.41,225.05,476.30,0.8901,-1,-1,-1
196,2,-0.07,0.39,216.96,474.79,0.7973,-1,-1,-1
196,17,179.04,10.88,98.45,437.06,0.8554,-1,-1,-1
196,22,179.04,10.88,98.45,437.06,0.8554,-1,-1,-1
196,5,499.33,183.87,28.73,88.87,0.6644,-1,-1,-1
196,46,526.03,190.15,28.16,72.06,0.3367,-1,-1,-1
197,1,281.73,0.44,228.02,476.68,0.8978,-1,-1,-1
197,2,-0.05,0.52,217.29,474.52,0.8444,-1,-1,-1
197,17,178.23,10.53,99.25,437.58,0.8518,-1,-1,-1
197,22,178.23,10.53,99.25,437.58,0.8518,-1,-1,-1
197,5,499.19,184.27,29.10,88.21,0.6448,-1,-1,-1
197,46,526.46,189.82,27.54,72.99,0.3978,-1,-1,-1
198,1,280.68,0.61,228.52,476.28,0.9113,-1,-1,-1
198,2,-0.18,0.54,216.66,474.67,0.8636,-1,-1,-1
198,17,177.19,10.45,99.09,438.31,0.8590,-1,-1,-1
198,22,177.19,10.45,99.09,438.31,0.8590,-1,-1,-1
198,5,498.94,184.63,29.75,87.88,0.6914,-1,-1,-1
198,46,524.77,189.98,27.73,72.97,0.3502,-1,-1,-1
199,1,279.15,0.52,229.72,476.77,0.9095,-1,-1,-1
199,2,-0.45,1.06,216.70,474.01,0.8072,-1,-1,-1
199,17,175.82,10.91,98.82,438.19,0.8503,-1,-1,-1
199,22,175.82,10.91,98.82,438.19,0.8503,-1,-1,-1
199,5,498.16,184.64,30.43,86.95,0.6872,-1,-1,-1
199,46,524.42,187.67,27.59,75.46,0.4142,-1,-1,-1
199,35,540.15,187.19,23.35,73.64,0.3566,-1,-1,-1
200,1,277.19,0.59,231.49,476.16,0.9050,-1,-1,-1
200,2,-0.39,3.88,216.51,470.71,0.7859,-1,-1,-1
200,17,174.59,11.57,97.45,438.00,0.8485,-1,-1,-1
200,22,174.59,11.57,97.45,438.00,0.8485,-1,-1,-1
200,5,498.04,184.97,30.70,87.17,0.7190,-1,-1,-1
200,46,527.45,186.26,33.19,74.94,0.4081,-1,-1,-1
200,35,539.84,188.31,24.40,67.39,0.1853,-1,-1,-1
201,1,274.53,0.18,233.36,478.81,0.9075,-1,-1,-1
201,2,-0.41,3.54,216.54,470.88,0.7747,-1,-1,-1
201,17,170.74,12.47,98.67,438.63,0.8344,-1,-1,-1
201,22,170.74,12.47,98.67,438.63,0.8344,-1,-1,-1
201,5,497.52,185.14,30.38,87.37,0.7010,-1,-1,-1
201,46,526.54,187.71,29.46,74.94,0.2524,-1,-1,-1
201,35,539.27,191.37,25.01,68.50,0.2667,-1,-1,-1
202,1,272.96,0.03,234.16,479.99,0.9087,-1,-1,-1
202,2,-0.73,6.18,217.01,469.63,0.7261,-1,-1,-1
202,17,165.51,14.42,100.23,437.05,0.8104,-1,-1,-1
202,22,165.51,14.42,100.23,437.05,0.8104,-1,-1,-1
202,5,497.16,185.33,30.11,87.32,0.6884,-1,-1,-1
202,46,525.29,188.63,27.92,75.60,0.3474,-1,-1,-1
202,35,538.19,190.32,24.61,65.79,0.2446,-1,-1,-1
203,1,272.63,0.05,233.77,479.21,0.8959,-1,-1,-1
203,2,-0.13,11.88,215.87,464.37,0.6433,-1,-1,-1
203,17,158.28,16.23,104.56,433.98,0.7761,-1,-1,-1
203,22,158.28,16.23,104.56,433.98,0.7761,-1,-1,-1
203,5,496.86,185.02,29.90,87.89,0.7031,-1,-1,-1
203,46,524.42,188.27,28.07,76.68,0.5205,-1,-1,-1
203,35,537.07,191.11,19.80,63.37,0.2057,-1,-1,-1
204,1,272.00,0.73,233.72,476.06,0.8902,-1,-1,-1
204,2,-0.51,5.72,215.32,467.82,0.6955,-1,-1,-1
204,17,155.41,18.49,103.57,424.50,0.8096,-1,-1,-1
204,22,155.41,18.49,103.57,424.50,0.8096,-1,-1,-1
204,5,495.38,185.94,29.79,87.31,0.7612,-1,-1,-1
204,46,520.98,189.04,30.54,76.93,0.5683,-1,-1,-1
204,35,536.18,191.34,16.78,69.73,0.1960,-1,-1,-1
205,1,271.74,0.72,234.56,474.85,0.8818,-1,-1,-1
205,2,-0.21,2.38,214.44,469.53,0.6696,-1,-1,-1
205,17,153.80,20.10,99.71,416.47,0.8105,-1,-1,-1
205,22,153.80,20.10,99.71,416.47,0.8105,-1,-1,-1
205,5,495.94,186.36,28.99,86.47,0.7398,-1,-1,-1
205,46,521.51,188.22,30.52,78.26,0.5864,-1,-1,-1
205,35,533.01,190.46,18.90,72.49,0.3006,-1,-1,-1
206,1,269.71,0.61,236.67,474.40,0.8896,-1,-1,-1
206,2,-0.34,1.97,213.05,470.79,0.6220,-1,-1,-1
206,17,152.59,22.43,96.95,409.31,0.7806,-1,-1,-1
206,22,152.59,22.43,96.95,409.31,0.7806,-1,-1,-1
206,5,495.33,186.41,29.25,85.78,0.7053,-1,-1,-1
206,46,522.75,187.13,30.15,78.47,0.4720,-1,-1,-1
206,35,531.71,188.81,19.80,74.16,0.3946,-1,-1,-1
207,1,270.37,0.86,235.84,474.05,0.8838,-1,-1,-1
207,2,-0.32,2.19,212.11,469.88,0.5667,-1,-1,-1
207,17,154.07,24.64,93.85,399.43,0.7156,-1,-1,-1
207,22,154.07,24.64,93.85,399.43,0.7156,-1,-1,-1
207,5,494.98,186.08,28.86,86.02,0.7403,-1,-1,-1
207,46,520.30,185.89,31.18,79.69,0.5186,-1,-1,-1
207,35,531.87,188.57,18.21,74.01,0.2575,-1,-1,-1
208,1,265.26,0.58,241.28,474.60,0.8868,-1,-1,-1
208,2,-0.15,0.82,211.20,472.56,0.7746,-1,-1,-1
208,17,161.91,28.67,87.75,381.26,0.7923,-1,-1,-1
208,22,161.91,28.67,87.75,381.26,0.7923,-1,-1,-1
208,5,493.87,186.36,29.50,86.72,0.7039,-1,-1,-1
208,46,519.49,186.45,33.79,78.91,0.4417,-1,-1,-1
208,35,522.37,187.25,22.33,77.49,0.4231,-1,-1,-1
209,1,262.31,0.79,244.70,474.96,0.8914,-1,-1,-1
209,2,0.25,0.41,209.48,473.69,0.7689,-1,-1,-1
209,17,167.53,32.62,82.63,368.50,0.7932,-1,-1,-1
209,22,167.53,32.62,82.63,368.50,0.7932,-1,-1,-1
209,5,494.22,186.16,29.18,86.71,0.7295,-1,-1,-1
209,46,527.31,186.51,27.62,78.33,0.3976,-1,-1,-1
209,35,520.94,186.25,29.63,80.78,0.4609,-1,-1,-1
209,45,518.80,184.84,25.69,81.08,0.3691,-1,-1,-1
210,1,257.79,0.96,248.20,475.70,0.8625,-1,-1,-1
210,2,0.13,1.10,206.01,474.03,0.8731,-1,-1,-1
210,17,171.32,41.94,80.24,355.69,0.8382,-1,-1,-1
210,22,171.32,41.94,80.24,355.69,0.8382,-1,-1,-1
210,5,492.89,185.79,30.13,87.72,0.7286,-1,-1,-1
210,46,522.09,186.33,25.43,79.93,0.4352,-1,-1,-1
210,45,518.85,185.30,25.02,81.66,0.4352,-1,-1,-1
211,1,263.84,1.12,241.60,476.25,0.8113,-1,-1,-1
211,2,0.17,1.25,202.47,475.26,0.8798,-1,-1,-1
211,17,171.96,47.07,82.69,349.12,0.8474,-1,-1,-1
211,22,171.96,47.07,82.69,349.12,0.8474,-1,-1,-1
211,5,492.04,184.26,31.12,89.10,0.7399,-1,-1,-1
211,46,523.88,185.34,24.98,80.47,0.4123,-1,-1,-1
211,45,519.67,182.74,24.29,84.18,0.2526,-1,-1,-1
212,1,263.37,1.59,241.62,476.27,0.8356,-1,-1,-1
212,2,-0.16,1.61,199.08,473.25,0.8258,-1,-1,-1
212,17,170.38,53.58,89.74,344.41,0.8593,-1,-1,-1
212,22,170.38,53.58,89.74,344.41,0.8593,-1,-1,-1
212,5,491.08,185.61,30.57,89.42,0.7198,-1,-1,-1
212,46,524.37,186.65,31.09,79.52,0.3883,-1,-1,-1
212,45,520.72,185.64,23.28,82.21,0.3648,-1,-1,-1
212,35,520.80,187.42,24.31,80.24,0.3648,-1,-1,-1
213,1,255.14,1.20,248.51,477.18,0.8697,-1,-1,-1
213,2,-0.50,2.11,191.71,473.97,0.7970,-1,-1,-1
213,17,168.14,54.67,99.00,342.99,0.8614,-1,-1,-1
213,22,168.14,54.67,99.00,342.99,0.8614,-1,-1,-1
213,5,490.12,184.94,29.81,89.55,0.6659,-1,-1,-1
213,46,522.01,186.08,27.23,80.14,0.4460,-1,-1,-1
213,45,515.73,184.43,21.17,82.73,0.2318,-1,-1,-1
213,35,520.34,186.50,24.26,80.27,0.4460,-1,-1,-1
214,1,253.70,1.27,247.45,476.64,0.8787,-1,-1,-1
214,2,-0.31,1.72,185.94,475.98,0.8093,-1,-1,-1
214,17,159.38,56.91,114.21,348.81,0.8708,-1,-1,-1
214,22,159.38,56.91,114.21,348.81,0.8708,-1,-1,-1
214,5,489.48,184.86,29.10,89.88,0.7142,-1,-1,-1
214,46,518.88,185.47,26.98,82.27,0.5571,-1,-1,-1
214,35,518.06,185.79,25.85,82.22,0.5571,-1,-1,-1
215,1,254.79,1.08,244.08,475.56,0.8978,-1,-1,-1
215,2,0.30,1.00,183.09,476.25,0.7629,-1,-1,-1
215,17,160.55,57.82,117.55,345.06,0.8817,-1,-1,-1
215,22,160.55,57.82,117.55,345.06,0.8817,-1,-1,-1
215,5,486.63,184.99,31.77,89.66,0.7069,-1,-1,-1
215,46,516.98,184.79,26.73,83.31,0.5481,-1,-1,-1
215,35,516.50,185.04,26.28,83.16,0.5481,-1,-1,-1
216,1,255.30,0.51,240.68,475.89,0.8769,-1,-1,-1
216,2,0.82,0.34,179.24,474.80,0.7168,-1,-1,-1
216,17,165.39,59.54,116.17,340.83,0.8861,-1,-1,-1
216,22,165.39,59.54,116.17,340.83,0.8861,-1,-1,-1
216,5,487.26,184.53,29.49,89.95,0.7331,-1,-1,-1
216,46,519.43,186.24,22.04,81.16,0.4106,-1,-1,-1
216,35,514.36,184.75,26.47,83.88,0.2701,-1,-1,-1
216,51,537.21,197.85,20.68,53.45,0.4401,-1,-1,-1
217,1,278.17,1.10,216.36,477.16,0.8183,-1,-1,-1
217,2,1.65,0.18,177.67,475.86,0.8017,-1,-1,-1
217,17,169.42,61.94,115.77,337.96,0.8841,-1,-1,-1
217,22,169.42,61.94,115.77,337.96,0.8841,-1,-1,-1
217,5,486.00,183.02,30.81,91.10,0.7297,-1,-1,-1
217,46,521.71,185.38,19.68,80.25,0.5044,-1,-1,-1
217,35,512.74,182.42,27.98,85.95,0.2633,-1,-1,-1
217,51,537.91,196.64,19.57,54.26,0.4278,-1,-1,-1
218,1,269.36,2.50,221.39,476.50,0.7992,-1,-1,-1
218,2,2.56,1.62,178.39,475.73,0.7899,-1,-1,-1
218,17,173.35,68.74,114.72,330.91,0.8689,-1,-1,-1
218,22,173.35,68.74,114.72,330.91,0.8689,-1,-1,-1
218,5,482.96,182.79,31.06,93.41,0.7211,-1,-1,-1
218,46,521.39,189.77,18.59,76.88,0.3868,-1,-1,-1
218,35,513.48,185.55,25.66,83.48,0.2066,-1,-1,-1
218,51,537.43,198.59,19.52,52.57,0.2771,-1,-1,-1
219,1,287.16,1.85,201.23,477.04,0.8276,-1,-1,-1
219,2,3.23,1.44,179.76,474.50,0.8153,-1,-1,-1
219,17,180.17,74.33,111.71,324.92,0.8703,-1,-1,-1
219,22,180.17,74.33,111.71,324.92,0.8703,-1,-1,-1
219,5,481.86,181.53,30.82,93.85,0.7536,-1,-1,-1
219,46,510.85,186.77,26.69,81.05,0.4144,-1,-1,-1
219,35,515.34,186.34,22.57,82.48,0.2363,-1,-1,-1
219,51,535.76,198.60,21.05,53.43,0.3230,-1,-1,-1
220,1,293.29,8.89,191.94,468.69,0.7507,-1,-1,-1
220,2,4.55,2.30,182.67,472.93,0.8099,-1,-1,-1
220,17,186.92,80.59,107.13,316.29,0.8614,-1,-1,-1
220,22,186.92,80.59,107.13,316.29,0.8614,-1,-1,-1
220,5,480.70,181.36,30.86,94.87,0.7704,-1,-1,-1
220,46,509.80,185.90,27.17,83.08,0.5778,-1,-1,-1
220,35,511.41,185.81,25.67,83.52,0.5778,-1,-1,-1
220,51,537.08,199.40,21.41,52.33,0.3205,-1,-1,-1
221,1,278.09,19.41,208.11,458.74,0.8684,-1,-1,-1
221,2,4.18,2.98,188.52,472.65,0.7586,-1,-1,-1
221,17,190.95,87.79,105.08,303.27,0.8713,-1,-1,-1
221,22,190.95,87.79,105.08,303.27,0.8713,-1,-1,-1
221,5,482.90,182.20,27.40,93.75,0.7415,-1,-1,-1
221,46,507.68,185.45,28.75,83.85,0.6158,-1,-1,-1
221,35,514.35,187.08,22.61,80.76,0.3514,-1,-1,-1
221,51,537.79,200.27,21.32,51.96,0.3595,-1,-1,-1
222,1,282.52,26.18,208.54,451.14,0.9130,-1,-1,-1
222,2,4.10,3.24,195.29,474.04,0.5463,-1,-1,-1
222,17,197.39,91.00,103.38,291.38,0.8688,-1,-1,-1
222,22,197.39,91.00,103.38,291.38,0.8688,-1,-1,-1
222,5,486.29,182.01,25.07,92.03,0.6508,-1,-1,-1
222,46,507.53,182.66,30.11,85.48,0.6744,-1,-1,-1
222,35,509.80,183.21,27.88,84.39,0.6744,-1,-1,-1
222,51,539.14,202.08,21.26,49.98,0.4668,-1,-1,-1
223,1,288.98,31.16,205.58,446.28,0.8906,-1,-1,-1
223,2,3.83,1.46,205.27,471.18,0.7689,-1,-1,-1
223,17,203.49,93.01,98.35,276.14,0.8623,-1,-1,-1
223,22,203.49,93.01,98.35,276.14,0.8623,-1,-1,-1
223,5,488.36,181.71,22.52,95.45,0.4531,-1,-1,-1
223,46,506.80,182.57,29.65,87.09,0.4509,-1,-1,-1
223,35,507.75,182.85,28.65,86.59,0.4509,-1,-1,-1
223,51,538.46,202.78,21.87,49.60,0.5086,-1,-1,-1
224,1,291.55,34.54,204.32,443.97,0.9124,-1,-1,-1
224,2,2.40,0.77,211.91,473.03,0.6625,-1,-1,-1
224,17,208.13,95.21,94.12,270.20,0.8636,-1,-1,-1
224,22,208.13,95.21,94.12,270.20,0.8636,-1,-1,-1
224,5,488.71,182.00,22.91,95.53,0.5212,-1,-1,-1
224,46,512.61,188.26,24.22,80.87,0.1763,-1,-1,-1
224,35,508.11,184.45,26.49,86.59,0.3174,-1,-1,-1
224,51,538.16,202.86,22.04,50.33,0.5165,-1,-1,-1
225,1,293.45,38.42,202.29,439.32,0.9179,-1,-1,-1
225,2,2.42,0.66,217.53,474.99,0.8390,-1,-1,-1
225,17,214.01,100.80,90.47,264.56,0.8740,-1,-1,-1
225,22,214.01,100.80,90.47,264.56,0.8740,-1,-1,-1
225,5,487.23,183.03,26.73,94.86,0.6246,-1,-1,-1
225,46,511.00,189.01,23.98,82.09,0.1674,-1,-1,-1
225,35,508.16,188.00,22.14,83.09,0.2739,-1,-1,-1
225,51,538.63,201.36,22.43,52.17,0.5127,-1,-1,-1
226,1,295.34,42.73,195.72,436.16,0.9127,-1,-1,-1
226,2,1.47,1.88,224.17,473.75,0.8229,-1,-1,-1
226,17,219.28,106.73,86.79,259.48,0.8762,-1,-1,-1
226,22,219.28,106.73,86.79,259.48,0.8762,-1,-1,-1
226,5,485.42,181.07,28.96,97.27,0.6675,-1,-1,-1
226,46,510.76,189.48,22.24,82.31,0.4368,-1,-1,-1
226,35,506.66,186.85,23.07,85.70,0.1558,-1,-1,-1
226,51,539.02,201.78,23.08,53.06,0.5080,-1,-1,-1
227,1,298.11,48.92,186.42,431.11,0.9026,-1,-1,-1
227,2,0.58,2.09,226.63,474.70,0.8147,-1,-1,-1
227,17,222.02,111.50,86.51,250.66,0.8698,-1,-1,-1
227,22,222.02,111.50,86.51,250.66,0.8698,-1,-1,-1
227,5,482.11,181.07,31.72,99.39,0.7180,-1,-1,-1
227,46,509.81,189.52,21.69,83.36,0.4048,-1,-1,-1
227,35,508.29,188.62,21.97,84.57,0.4048,-1,-1,-1
227,51,539.25,201.96,22.45,53.72,0.5443,-1,-1,-1
228,1,301.60,54.12,176.15,425.61,0.9123,-1,-1,-1
228,2,0.01,1.66,230.38,475.67,0.9134,-1,-1,-1
228,17,228.93,112.64,84.39,245.45,0.8428,-1,-1,-1
228,22,228.93,112.64,84.39,245.45,0.8428,-1,-1,-1
228,5,481.58,180.80,33.38,101.89,0.7393,-1,-1,-1
228,46,510.04,187.09,21.80,85.87,0.3761,-1,-1,-1
228,35,509.56,186.80,21.86,86.27,0.3761,-1,-1,-1
228,51,541.11,202.13,21.76,54.67,0.5634,-1,-1,-1
229,1,305.58,60.98,162.59,419.82,0.9038,-1,-1,-1
229,2,0.69,2.31,227.90,475.94,0.9023,-1,-1,-1
229,17,235.57,112.54,85.04,234.09,0.8608,-1,-1,-1
229,22,235.57,112.54,85.04,234.09,0.8608,-1,-1,-1
229,5,483.47,183.61,32.50,101.58,0.6983,-1,-1,-1
229,46,511.48,186.40,23.14,87.67,0.2033,-1,-1,-1
229,51,542.61,201.60,23.11,57.16,0.5928,-1,-1,-1
230,1,308.35,65.51,153.80,414.88,0.8854,-1,-1,-1
230,2,-0.48,1.66,226.07,477.82,0.8907,-1,-1,-1
230,17,239.01,111.86,84.59,229.45,0.8485,-1,-1,-1
230,22,239.01,111.86,84.59,229.45,0.8485,-1,-1,-1
230,5,484.91,183.28,32.46,102.81,0.6966,-1,-1,-1
230,46,511.97,185.09,22.94,89.72,0.2883,-1,-1,-1
230,51,544.78,200.35,22.06,58.67,0.6462,-1,-1,-1
230,55,454.92,169.04,32.11,122.35,0.6902,-1,-1,-1
231,1,308.62,66.40,149.17,414.03,0.8866,-1,-1,-1
231,2,-1.43,3.20,225.33,474.07,0.7197,-1,-1,-1
231,17,243.71,111.17,83.87,227.96,0.8646,-1,-1,-1
231,22,243.71,111.17,83.87,227.96,0.8646,-1,-1,-1
231,5,487.80,182.92,30.79,103.42,0.7235,-1,-1,-1
231,46,514.36,184.13,22.97,89.69,0.4094,-1,-1,-1
231,51,550.09,199.24,22.40,59.27,0.6641,-1,-1,-1
231,55,453.77,165.94,36.91,125.58,0.7730,-1,-1,-1
232,1,320.94,66.38,138.37,414.01,0.8691,-1,-1,-1
232,2,-0.93,3.98,223.83,474.96,0.8017,-1,-1,-1
232,17,250.48,113.16,81.77,226.78,0.8518,-1,-1,-1
232,22,250.48,113.16,81.77,226.78,0.8518,-1,-1,-1
232,5,492.86,183.04,27.07,102.72,0.6567,-1,-1,-1
232,46,515.40,183.92,24.40,92.24,0.5440,-1,-1,-1
232,51,553.26,199.49,25.36,60.48,0.5286,-1,-1,-1
232,55,455.97,163.30,41.07,129.80,0.7572,-1,-1,-1
232,56,577.80,155.75,62.65,190.64,0.6590,-1,-1,-1
233,1,331.45,65.23,131.37,415.42,0.8698,-1,-1,-1
233,2,0.56,1.38,222.01,473.94,0.5824,-1,-1,-1
233,17,258.23,117.10,79.20,223.48,0.8269,-1,-1,-1
233,22,258.23,117.10,79.20,223.48,0.8269,-1,-1,-1
233,5,501.63,180.21,21.74,100.35,0.3930,-1,-1,-1
233,46,521.58,184.51,21.66,92.98,0.5436,-1,-1,-1
233,51,558.42,199.27,25.45,61.56,0.6123,-1,-1,-1
233,55,465.06,160.54,39.59,133.23,0.6893,-1,-1,-1
233,56,578.40,162.16,62.88,190.76,0.3397,-1,-1,-1
234,1,327.57,68.80,152.89,412.09,0.8999,-1,-1,-1
234,2,0.85,0.03,223.03,473.62,0.6602,-1,-1,-1
234,17,265.93,120.21,76.35,218.17,0.8079,-1,-1,-1
234,22,265.93,120.21,76.35,218.17,0.8079,-1,-1,-1
234,5,509.95,180.85,19.14,101.84,0.2201,-1,-1,-1
234,46,522.18,184.48,24.71,93.35,0.4940,-1,-1,-1
234,51,566.22,201.64,22.76,59.40,0.5038,-1,-1,-1
234,55,475.51,159.80,38.36,133.40,0.5223,-1,-1,-1
234,56,585.15,166.75,56.10,210.24,0.4543,-1,-1,-1
235,1,335.00,73.46,161.71,407.62,0.8958,-1,-1,-1
235,2,5.68,-0.62,220.76,477.80,0.8443,-1,-1,-1
235,17,272.07,121.83,76.31,213.69,0.8102,-1,-1,-1
235,22,272.07,121.83,76.31,213.69,0.8102,-1,-1,-1
235,46,527.63,186.62,23.67,93.56,0.4078,-1,-1,-1
235,51,571.54,200.08,26.37,62.46,0.4996,-1,-1,-1
235,55,484.47,159.11,37.37,131.46,0.3944,-1,-1,-1
236,1,342.92,78.09,166.39,402.60,0.8976,-1,-1,-1
236,2,7.81,-0.46,222.92,478.30,0.8866,-1,-1,-1
236,17,279.43,119.40,73.96,207.13,0.7915,-1,-1,-1
236,22,279.43,119.40,73.96,207.13,0.7915,-1,-1,-1
236,46,531.32,190.27,25.31,88.69,0.4801,-1,-1,-1
236,51,576.39,194.15,28.34,67.75,0.5560,-1,-1,-1
236,55,491.81,156.77,39.14,149.55,0.2100,-1,-1,-1
236,57,1.32,114.00,43.45,216.66,0.5007,-1,-1,-1
236,56,608.07,169.70,32.69,263.76,0.5688,-1,-1,-1
237,1,359.75,86.72,165.21,395.84,0.9058,-1,-1,-1
237,2,10.18,4.50,229.39,476.42,0.8753,-1,-1,-1
237,17,288.63,120.61,73.86,204.37,0.8393,-1,-1,-1
237,22,288.63,120.61,73.86,204.37,0.8393,-1,-1,-1
237,46,542.23,187.06,21.18,94.50,0.4476,-1,-1,-1
237,51,586.71,194.93,27.98,69.50,0.5670,-1,-1,-1
237,55,495.88,162.24,43.15,156.10,0.3037,-1,-1,-1
237,57,2.84,119.86,53.78,160.49,0.5855,-1,-1,-1
237,56,611.61,194.99,29.20,275.96,0.6433,-1,-1,-1
238,1,371.38,86.92,164.28,394.22,0.9026,-1,-1,-1
238,2,10.40,6.33,234.99,474.64,0.8707,-1,-1,-1
238,17,292.11,120.69,75.93,202.03,0.8212,-1,-1,-1
238,22,292.11,120.69,75.93,202.03,0.8212,-1,-1,-1
238,46,546.39,185.68,20.79,96.90,0.3530,-1,-1,-1
238,51,591.03,194.74,29.25,69.08,0.5374,-1,-1,-1
238,57,1.61,117.22,64.34,154.39,0.4619,-1,-1,-1
238,56,610.61,111.93,29.85,369.84,0.4486,-1,-1,-1
238,58,242.11,170.40,30.78,103.19,0.5701,-1,-1,-1
239,1,387.98,88.69,160.44,391.77,0.8985,-1,-1,-1
239,2,6.02,11.99,246.79,469.36,0.8337,-1,-1,-1
239,17,304.09,123.92,69.23,198.60,0.7857,-1,-1,-1
239,22,304.09,123.92,69.23,198.60,0.7857,-1,-1,-1
239,51,597.52,197.62,29.96,65.73,0.3599,-1,-1,-1
239,58,248.42,165.16,32.64,112.90,0.5152,-1,-1,-1
239,60,366.23,175.84,22.88,86.90,0.5245,-1,-1,-1
240,1,397.67,86.02,161.53,378.13,0.8860,-1,-1,-1
240,2,14.13,14.18,247.46,464.99,0.7602,-1,-1,-1
240,17,306.89,124.02,69.49,194.24,0.7561,-1,-1,-1
240,22,306.89,124.02,69.49,194.24,0.7561,-1,-1,-1
240,51,599.64,190.23,31.46,70.49,0.5218,-1,-1,-1
240,58,252.97,159.06,37.21,116.59,0.7077,-1,-1,-1
240,60,367.97,178.78,24.44,81.38,0.4234,-1,-1,-1
241,1,407.93,84.33,156.71,375.57,0.8927,-1,-1,-1
241,2,4.20,14.37,260.60,462.03,0.7144,-1,-1,-1
241,17,309.20,123.57,74.06,192.95,0.7987,-1,-1,-1
241,22,309.20,123.57,74.06,192.95,0.7987,-1,-1,-1
241,51,599.39,194.76,31.23,62.05,0.3114,-1,-1,-1
241,58,255.93,156.46,30.89,109.55,0.2412,-1,-1,-1
241,60,366.74,180.65,24.30,79.63,0.3869,-1,-1,-1
242,1,413.14,86.70,150.91,375.03,0.8768,-1,-1,-1
242,2,31.59,11.39,238.67,466.54,0.8343,-1,-1,-1
242,17,297.13,122.82,87.10,191.17,0.8221,-1,-1,-1
242,22,297.13,122.82,87.10,191.17,0.8221,-1,-1,-1
242,64,392.86,180.19,24.86,80.76,0.5071,-1,-1,-1
242,57,21.98,114.56,83.38,139.44,0.4001,-1,-1,-1
242,56,593.21,42.70,46.98,441.27,0.3786,-1,-1,-1
243,1,415.44,88.75,147.00,377.32,0.8919,-1,-1,-1
243,2,45.11,8.61,229.41,468.75,0.8381,-1,-1,-1
243,17,301.30,122.35,81.79,188.50,0.8472,-1,-1,-1
243,22,301.30,122.35,81.79,188.50,0.8472,-1,-1,-1
243,64,391.60,180.71,26.24,80.91,0.5727,-1,-1,-1
243,66,8.61,115.37,102.21,325.55,0.3918,-1,-1,-1
243,57,42.54,115.00,65.96,152.07,0.1695,-1,-1,-1
243,56,579.16,27.80,58.12,454.55,0.7337,-1,-1,-1
244,1,422.41,91.08,142.38,375.84,0.8873,-1,-1,-1
244,2,67.24,8.69,213.03,466.79,0.7839,-1,-1,-1
244,17,311.62,121.86,71.33,187.42,0.7010,-1,-1,-1
244,22,311.62,121.86,71.33,187.42,0.7010,-1,-1,-1
244,64,393.16,179.55,25.58,82.64,0.5856,-1,-1,-1
244,66,21.55,119.48,94.03,319.95,0.1724,-1,-1,-1
244,56,553.81,11.03,81.92,470.46,0.8332,-1,-1,-1
244,67,12.62,168.42,54.96,85.78,0.7449,-1,-1,-1
245,1,426.96,89.13,137.12,379.79,0.8594,-1,-1,-1
245,2,69.12,10.64,214.59,453.57,0.8552,-1,-1,-1
245,17,310.81,121.73,72.17,189.47,0.7880,-1,-1,-1
245,22,310.81,121.73,72.17,189.47,0.7880,-1,-1,-1
245,64,391.69,179.24,25.85,82.52,0.6205,-1,-1,-1
245,56,535.18,1.81,100.57,478.07,0.7260,-1,-1,-1
245,68,413.30,173.20,30.37,106.02,0.4909,-1,-1,-1
246,1,431.85,87.15,125.60,378.60,0.8572,-1,-1,-1
246,2,72.61,10.73,214.64,460.81,0.9022,-1,-1,-1
246,17,307.18,121.08,75.00,188.58,0.8128,-1,-1,-1
246,22,307.18,121.08,75.00,188.58,0.8128,-1,-1,-1
246,64,388.45,175.33,27.81,85.75,0.5740,-1,-1,-1
246,56,527.32,-0.05,108.79,478.56,0.7501,-1,-1,-1
246,68,411.35,169.62,37.14,108.68,0.7343,-1,-1,-1
247,1,435.05,86.18,119.69,365.73,0.8353,-1,-1,-1
247,2,78.38,12.47,210.73,460.76,0.9034,-1,-1,-1
247,17,306.32,122.34,73.84,187.43,0.8132,-1,-1,-1
247,22,306.32,122.34,73.84,187.43,0.8132,-1,-1,-1
247,64,386.04,175.46,27.05,84.82,0.6346,-1,-1,-1
247,56,506.61,-1.21,129.14,478.01,0.8081,-1,-1,-1
247,68,408.62,170.68,35.49,106.74,0.7498,-1,-1,-1
248,1,437.11,87.61,125.45,356.61,0.8477,-1,-1,-1
248,2,85.77,10.10,203.88,466.24,0.8325,-1,-1,-1
248,17,306.48,122.75,73.21,188.44,0.8409,-1,-1,-1
248,22,306.48,122.75,73.21,188.44,0.8409,-1,-1,-1
248,64,384.33,174.67,27.96,86.83,0.6756,-1,-1,-1
248,56,512.97,0.74,123.06,479.34,0.8617,-1,-1,-1
248,68,407.84,171.79,34.73,107.64,0.7695,-1,-1,-1
248,73,27.75,195.01,18.77,38.79,0.6139,-1,-1,-1
248,74,285.66,169.02,28.12,93.02,0.5170,-1,-1,-1
249,1,445.81,87.47,122.17,357.89,0.7634,-1,-1,-1
249,2,96.62,7.94,197.86,469.81,0.8886,-1,-1,-1
249,17,311.35,122.35,72.51,186.70,0.8360,-1,-1,-1
249,22,311.35,122.35,72.51,186.70,0.8360,-1,-1,-1
249,64,386.45,174.17,28.92,88.06,0.6867,-1,-1,-1
249,56,501.14,0.75,136.27,479.26,0.8527,-1,-1,-1
249,68,410.64,170.93,34.88,110.15,0.7721,-1,-1,-1
249,73,30.13,195.34,17.46,38.22,0.5669,-1,-1,-1
249,74,290.17,169.55,25.17,92.36,0.6560,-1,-1,-1
250,1,459.31,88.88,121.48,363.79,0.6550,-1,-1,-1
250,2,108.77,8.15,194.04,472.12,0.9174,-1,-1,-1
250,17,318.77,123.95,71.59,183.68,0.8529,-1,-1,-1
250,22,318.77,123.95,71.59,183.68,0.8529,-1,-1,-1
250,64,391.18,175.77,29.89,90.81,0.6796,-1,-1,-1
250,56,501.70,1.30,138.75,482.27,0.8214,-1,-1,-1
250,68,415.32,172.79,35.23,113.01,0.7798,-1,-1,-1
250,73,33.18,197.43,18.11,39.27,0.5373,-1,-1,-1
250,74,297.47,172.94,21.97,91.88,0.5939,-1,-1,-1
250,75,79.98,176.26,35.40,87.15,0.4477,-1,-1,-1
251,1,492.07,35.47,102.63,420.57,0.3526,-1,-1,-1
251,2,119.11,8.49,189.38,472.50,0.9129,-1,-1,-1
251,17,324.06,123.92,68.40,182.74,0.8604,-1,-1,-1
251,22,324.06,123.92,68.40,182.74,0.8604,-1,-1,-1
251,64,394.66,175.28,28.09,91.97,0.6136,-1,-1,-1
251,56,506.27,0.24,133.95,483.36,0.8438,-1,-1,-1
251,68,416.20,171.39,36.48,116.00,0.7772,-1,-1,-1
251,73,34.73,196.95,17.33,40.38,0.5070,-1,-1,-1
251,75,79.66,177.10,39.60,89.21,0.5204,-1,-1,-1
252,1,503.57,105.70,88.41,352.46,0.2072,-1,-1,-1
252,2,126.36,14.98,188.70,467.17,0.8903,-1,-1,-1
252,17,327.58,128.33,66.47,181.64,0.8592,-1,-1,-1
252,22,327.58,128.33,66.47,181.64,0.8592,-1,-1,-1
252,64,397.06,177.72,27.53,92.77,0.5380,-1,-1,-1
252,56,512.27,3.27,127.33,476.74,0.8709,-1,-1,-1
252,68,416.88,174.59,36.34,117.31,0.7350,-1,-1,-1
252,73,36.58,199.79,16.47,40.65,0.4356,-1,-1,-1
252,75,70.75,180.19,48.05,90.30,0.6016,-1,-1,-1
253,1,521.42,36.52,108.50,432.92,0.8818,-1,-1,-1
253,2,136.72,24.95,188.19,456.77,0.8997,-1,-1,-1
253,17,333.89,130.48,68.19,181.70,0.8571,-1,-1,-1
253,22,333.89,130.48,68.19,181.70,0.8571,-1,-1,-1
253,64,401.85,175.30,27.91,94.97,0.5321,-1,-1,-1
253,56,518.12,4.78,124.56,470.13,0.8818,-1,-1,-1
253,68,421.32,174.38,37.52,119.79,0.6897,-1,-1,-1
253,73,42.57,203.33,15.34,39.63,0.4386,-1,-1,-1
253,75,68.37,181.57,51.10,92.96,0.7022,-1,-1,-1
253,77,463.41,143.51,57.66,177.69,0.7376,-1,-1,-1
254,1,530.20,13.69,110.24,461.08,0.8783,-1,-1,-1
254,2,145.78,28.21,184.40,452.75,0.8915,-1,-1,-1
254,17,338.26,133.09,65.12,180.08,0.8496,-1,-1,-1
254,22,338.26,133.09,65.12,180.08,0.8496,-1,-1,-1
254,64,404.71,175.41,26.90,95.59,0.4114,-1,-1,-1
254,56,523.45,4.62,117.95,472.21,0.8783,-1,-1,-1
254,68,422.15,172.38,38.29,122.92,0.6798,-1,-1,-1
254,73,44.20,204.01,14.80,39.35,0.3575,-1,-1,-1
254,75,67.11,181.11,48.42,93.40,0.6662,-1,-1,-1
254,77,461.54,141.81,57.37,180.80,0.7379,-1,-1,-1
254,57,124.95,143.48,41.84,149.52,0.3939,-1,-1,-1
255,1,532.11,4.89,111.70,474.49,0.8989,-1,-1,-1
255,2,136.00,35.93,202.92,446.56,0.8652,-1,-1,-1
255,17,341.77,137.35,61.79,178.95,0.8388,-1,-1,-1
255,22,341.77,137.35,61.79,178.95,0.8388,-1,-1,-1
255,56,524.87,5.36,115.79,475.02,0.8989,-1,-1,-1
255,68,420.26,173.05,38.56,125.91,0.6414,-1,-1,-1
255,73,42.43,208.51,15.04,37.80,0.2381,-1,-1,-1
255,75,60.24,182.19,44.07,96.51,0.6413,-1,-1,-1
255,77,445.24,142.24,70.70,186.64,0.8488,-1,-1,-1
255,57,115.66,144.69,52.04,157.84,0.7458,-1,-1,-1
256,1,530.94,-1.48,112.31,480.60,0.9070,-1,-1,-1
256,2,157.56,34.95,191.28,445.00,0.8961,-1,-1,-1
256,17,344.44,134.84,58.85,177.59,0.7647,-1,-1,-1
256,22,344.44,134.84,58.85,177.59,0.7647,-1,-1,-1
256,56,524.45,1.97,114.72,477.49,0.9070,-1,-1,-1
256,68,417.28,168.97,37.04,129.77,0.5573,-1,-1,-1
256,75,43.36,177.94,47.19,99.96,0.6235,-1,-1,-1
256,77,431.11,140.71,82.38,190.62,0.8102,-1,-1,-1
256,79,497.60,163.77,44.92,137.92,0.5907,-1,-1,-1
257,1,528.36,-3.55,113.62,483.07,0.9039,-1,-1,-1
257,2,166.55,35.49,186.54,442.87,0.8838,-1,-1,-1
257,17,345.45,133.35,53.71,176.28,0.7823,-1,-1,-1
257,22,345.45,133.35,53.71,176.28,0.7823,-1,-1,-1
257,56,522.46,0.90,115.34,478.86,0.9039,-1,-1,-1
257,68,415.56,167.45,33.95,130.86,0.2341,-1,-1,-1
257,75,21.94,177.52,59.27,101.67,0.6385,-1,-1,-1
257,77,424.53,138.98,85.71,195.58,0.8733,-1,-1,-1
257,79,491.33,166.80,49.95,142.40,0.6822,-1,-1,-1
257,80,62.62,132.09,82.54,175.07,0.7948,-1,-1,-1
258,1,499.01,-4.29,141.45,485.06,0.8379,-1,-1,-1
258,2,156.61,29.65,196.65,448.01,0.8614,-1,-1,-1
258,17,342.72,132.91,54.49,178.46,0.7985,-1,-1,-1
258,22,342.72,132.91,54.49,178.46,0.7985,-1,-1,-1
258,56,493.81,0.10,142.70,480.85,0.8379,-1,-1,-1
258,75,3.01,180.19,56.18,98.62,0.3846,-1,-1,-1
258,77,411.76,133.43,83.01,205.43,0.8204,-1,-1,-1
258,79,483.95,164.87,53.14,148.30,0.6864,-1,-1,-1
258,80,38.94,132.00,94.87,179.14,0.8589,-1,-1,-1
259,1,481.96,-3.79,157.32,485.39,0.8552,-1,-1,-1
259,2,152.59,28.78,198.24,449.65,0.8739,-1,-1,-1
259,17,342.81,135.53,51.28,177.41,0.7994,-1,-1,-1
259,22,342.81,135.53,51.28,177.41,0.7994,-1,-1,-1
259,56,476.56,0.27,158.61,481.43,0.8552,-1,-1,-1
259,75,-3.85,176.82,48.58,99.41,0.4516,-1,-1,-1
259,77,397.76,129.63,77.52,212.47,0.8711,-1,-1,-1
259,79,479.86,164.62,56.09,150.43,0.6150,-1,-1,-1
259,80,15.58,129.94,108.01,184.03,0.8813,-1,-1,-1
260,1,488.02,-2.15,146.69,483.95,0.8915,-1,-1,-1
260,2,144.09,28.26,196.16,451.27,0.9072,-1,-1,-1
260,17,334.77,140.09,51.76,174.44,0.7813,-1,-1,-1
260,22,334.77,140.09,51.76,174.44,0.7813,-1,-1,-1
260,56,482.85,1.50,148.02,480.29,0.8915,-1,-1,-1
260,77,386.25,128.08,74.22,222.37,0.7484,-1,-1,-1
260,79,470.48,148.95,57.93,170.78,0.6938,-1,-1,-1
260,80,-2.20,127.85,107.75,191.05,0.8998,-1,-1,-1
261,1,484.61,-1.24,149.55,482.42,0.9112,-1,-1,-1
261,2,134.40,27.61,193.22,452.64,0.8995,-1,-1,-1
261,17,323.57,144.82,55.32,172.16,0.8075,-1,-1,-1
261,22,323.57,144.82,55.32,172.16,0.8075,-1,-1,-1
261,56,480.21,2.03,150.66,479.12,0.9112,-1,-1,-1
261,77,361.46,128.81,91.96,230.88,0.8354,-1,-1,-1
261,79,463.08,146.64,51.02,178.58,0.6196,-1,-1,-1
261,80,-7.90,125.19,89.80,195.54,0.8624,-1,-1,-1
262,1,463.54,-1.60,170.37,478.96,0.8911,-1,-1,-1
262,2,120.16,23.85,194.45,454.49,0.8416,-1,-1,-1
262,17,315.33,146.01,55.85,168.98,0.6463,-1,-1,-1
262,22,315.33,146.01,55.85,168.98,0.6463,-1,-1,-1
262,56,459.51,1.49,171.36,476.03,0.8911,-1,-1,-1
262,77,334.83,127.26,105.88,238.57,0.8338,-1,-1,-1
263,1,446.47,-3.22,189.98,479.31,0.9250,-1,-1,-1
263,2,109.59,15.75,197.12,462.59,0.8953,-1,-1,-1
263,17,314.86,159.82,43.27,151.02,0.2173,-1,-1,-1
263,56,442.45,-0.23,190.99,476.67,0.9250,-1,-1,-1
263,77,318.08,121.74,107.26,252.36,0.8725,-1,-1,-1
264,1,437.93,-3.25,200.64,480.15,0.9049,-1,-1,-1
264,2,103.37,11.80,196.27,465.91,0.8476,-1,-1,-1
264,17,307.23,171.42,36.08,126.14,0.1581,-1,-1,-1
264,56,434.17,-0.53,201.60,477.82,0.9049,-1,-1,-1
264,77,311.80,117.57,109.53,261.81,0.8486,-1,-1,-1
265,1,428.46,-2.15,208.47,479.57,0.9103,-1,-1,-1
265,2,78.86,8.80,212.16,470.51,0.8509,-1,-1,-1
265,56,425.06,0.29,209.34,477.49,0.9103,-1,-1,-1
265,77,288.29,110.48,92.38,275.74,0.7722,-1,-1,-1
266,1,424.51,-2.39,214.56,479.53,0.8700,-1,-1,-1
266,2,77.80,7.26,212.49,471.86,0.8525,-1,-1,-1
266,56,421.49,-0.26,215.34,477.67,0.8700,-1,-1,-1
266,77,280.90,101.48,73.74,286.41,0.7699,-1,-1,-1
266,83,370.16,156.56,46.96,159.25,0.7847,-1,-1,-1
267,1,420.76,-3.92,219.80,478.82,0.9144,-1,-1,-1
267,2,62.12,4.25,224.99,472.71,0.8257,-1,-1,-1
267,56,417.96,-1.96,220.53,477.16,0.9144,-1,-1,-1
267,77,259.04,89.60,81.14,294.23,0.7856,-1,-1,-1
267,83,360.55,147.50,59.68,164.22,0.7856,-1,-1,-1
267,84,318.00,140.22,49.50,158.37,0.8248,-1,-1,-1
268,1,421.96,-3.09,220.40,477.67,0.9181,-1,-1,-1
268,2,45.05,0.32,240.27,477.43,0.7727,-1,-1,-1
268,56,419.45,-1.32,221.05,476.21,0.9181,-1,-1,-1
268,77,244.54,79.11,88.49,301.47,0.5002,-1,-1,-1
268,83,356.20,141.43,66.20,166.34,0.7796,-1,-1,-1
268,84,310.70,134.41,53.35,160.80,0.8496,-1,-1,-1
268,68,285.66,159.57,30.08,102.45,0.3464,-1,-1,-1
269,1,419.78,-2.13,222.04,475.95,0.9117,-1,-1,-1
269,2,36.11,-1.81,255.45,479.75,0.8082,-1,-1,-1
269,56,417.56,-0.57,222.62,474.66,0.9117,-1,-1,-1
269,83,348.63,135.65,63.87,170.31,0.7766,-1,-1,-1
269,84,307.34,129.97,53.57,159.38,0.7998,-1,-1,-1
269,68,276.95,147.87,33.44,123.35,0.3930,-1,-1,-1
270,1,409.08,-6.63,231.29,477.18,0.9089,-1,-1,-1
270,2,34.72,-7.39,256.03,480.39,0.8814,-1,-1,-1
270,56,407.11,-5.25,231.79,476.05,0.9089,-1,-1,-1
270,83,338.56,114.97,59.92,175.75,0.7992,-1,-1,-1
270,84,308.12,110.68,44.40,160.05,0.7386,-1,-1,-1
270,68,277.90,128.39,25.59,119.27,0.2890,-1,-1,-1
270,85,588.99,169.15,49.64,239.88,0.6832,-1,-1,-1
271,1,402.94,-11.90,239.50,480.27,0.9133,-1,-1,-1
271,2,30.79,-12.16,260.30,478.45,0.8835,-1,-1,-1
271,56,401.09,-10.61,239.98,479.26,0.9133,-1,-1,-1
271,83,329.61,85.53,60.97,181.47,0.7889,-1,-1,-1
271,84,313.30,83.06,36.71,161.79,0.5845,-1,-1,-1
271,85,590.71,102.33,48.94,267.98,0.5438,-1,-1,-1
272,1,398.22,-16.19,245.43,485.97,0.9158,-1,-1,-1
272,2,26.64,-16.64,253.95,459.73,0.7820,-1,-1,-1
272,56,396.51,-15.00,245.88,485.03,0.9158,-1,-1,-1
272,83,316.47,47.54,66.38,191.70,0.8086,-1,-1,-1
272,85,591.24,41.22,49.31,297.41,0.4048,-1,-1,-1
272,66,21.07,0.31,122.19,386.62,0.3727,-1,-1,-1
272,17,270.97,68.01,39.16,137.92,0.4075,-1,-1,-1
273,1,397.31,-4.57,245.82,483.62,0.9118,-1,-1,-1
273,2,23.86,-4.17,250.94,451.34,0.6984,-1,-1,-1
273,56,395.77,-3.54,246.23,482.80,0.9118,-1,-1,-1
273,83,310.67,41.35,66.92,195.82,0.7509,-1,-1,-1
273,85,586.83,103.37,53.19,218.78,0.3696,-1,-1,-1
273,66,6.21,0.74,108.53,379.57,0.3706,-1,-1,-1
273,17,257.85,61.76,54.58,145.09,0.7547,-1,-1,-1
274,1,395.88,6.72,247.75,475.63,0.9034,-1,-1,-1
274,2,60.11,8.61,208.42,467.30,0.7080,-1,-1,-1
274,56,394.45,7.65,248.12,474.90,0.9034,-1,-1,-1
274,83,305.02,55.58,70.26,198.96,0.7753,-1,-1,-1
274,85,585.06,70.30,55.24,254.34,0.4810,-1,-1,-1
274,17,256.95,80.24,54.47,143.60,0.7574,-1,-1,-1
274,57,0.06,1.51,66.56,262.60,0.4698,-1,-1,-1
275,1,393.29,11.41,245.83,473.60,0.8674,-1,-1,-1
275,2,41.21,12.61,217.20,471.68,0.8455,-1,-1,-1
275,56,392.05,12.22,246.15,472.97,0.8674,-1,-1,-1
275,83,296.76,73.77,68.61,202.22,0.7900,-1,-1,-1
275,85,592.66,29.96,45.66,301.54,0.5048,-1,-1,-1
275,17,260.54,100.86,45.59,140.58,0.6514,-1,-1,-1
275,57,-0.96,58.17,58.61,247.89,0.6454,-1,-1,-1
275,68,249.87,107.35,22.54,109.63,0.3852,-1,-1,-1
276,1,400.50,16.01,240.42,475.66,0.9043,-1,-1,-1
276,2,40.68,17.03,212.90,467.97,0.8090,-1,-1,-1
276,56,399.40,16.72,240.70,475.11,0.9043,-1,-1,-1
276,83,292.68,102.68,71.39,204.79,0.8093,-1,-1,-1
276,85,601.79,100.02,37.76,255.51,0.4007,-1,-1,-1
276,17,260.63,132.98,47.25,134.87,0.4935,-1,-1,-1
276,68,247.66,138.34,23.12,111.04,0.2303,-1,-1,-1
277,1,401.82,10.12,237.38,478.37,0.9186,-1,-1,-1
277,2,42.64,9.97,202.67,446.92,0.8311,-1,-1,-1
277,56,400.88,10.76,237.61,477.88,0.9186,-1,-1,-1
277,83,283.40,112.88,70.99,209.63,0.7235,-1,-1,-1
277,85,597.11,58.54,41.55,308.45,0.4073,-1,-1,-1
277,17,259.39,142.51,40.64,135.76,0.3699,-1,-1,-1
277,64,247.90,142.96,37.92,130.67,0.4889,-1,-1,-1
278,1,397.52,3.48,230.15,477.86,0.9041,-1,-1,-1
278,2,26.57,4.83,209.19,466.58,0.8500,-1,-1,-1
278,56,396.66,4.10,230.37,477.42,0.9041,-1,-1,-1
278,83,269.15,113.76,73.95,216.43,0.7792,-1,-1,-1
278,85,589.84,82.06,48.05,283.38,0.4624,-1,-1,-1
278,64,237.57,147.90,38.52,128.75,0.5448,-1,-1,-1
279,1,380.14,5.24,226.54,476.51,0.8975,-1,-1,-1
279,2,7.96,22.96,209.17,456.90,0.8794,-1,-1,-1
279,56,379.40,5.83,226.72,476.12,0.8975,-1,-1,-1
279,83,251.10,129.76,77.03,221.77,0.7787,-1,-1,-1
279,85,576.09,69.67,58.82,307.96,0.8094,-1,-1,-1
279,89,313.49,148.81,53.38,144.07,0.6579,-1,-1,-1
279,90,187.82,142.71,61.27,194.14,0.7392,-1,-1,-1
280,1,359.51,-0.43,224.49,478.89,0.8896,-1,-1,-1
280,2,-5.21,20.17,192.80,457.55,0.8899,-1,-1,-1
280,56,358.89,0.12,224.63,478.53,0.8896,-1,-1,-1
280,83,229.50,127.22,76.57,228.07,0.7876,-1,-1,-1
280,85,562.81,58.96,69.73,318.65,0.8290,-1,-1,-1
280,89,296.19,149.34,54.47,146.20,0.8051,-1,-1,-1
280,90,167.13,144.66,69.88,200.93,0.8065,-1,-1,-1
281,1,331.53,-5.93,230.25,484.22,0.9069,-1,-1,-1
281,2,-11.66,1.99,158.40,474.49,0.9054,-1,-1,-1
281,56,331.01,-5.44,230.36,483.90,0.9069,-1,-1,-1
281,83,193.39,108.46,78.01,242.00,0.7880,-1,-1,-1
281,85,542.72,50.27,78.76,318.68,0.8293,-1,-1,-1
281,89,268.36,138.56,52.26,146.28,0.8328,-1,-1,-1
281,90,137.83,132.90,73.79,202.89,0.8364,-1,-1,-1
281,79,317.03,101.68,58.18,219.72,0.6762,-1,-1,-1
282,1,328.28,1.73,230.43,486.38,0.9030,-1,-1,-1
282,2,-3.72,4.90,119.85,474.70,0.8911,-1,-1,-1
282,56,327.85,2.10,230.52,486.10,0.9030,-1,-1,-1
282,83,165.83,110.52,79.07,254.52,0.8022,-1,-1,-1
282,85,533.88,85.89,76.78,306.92,0.4121,-1,-1,-1
282,89,258.54,146.42,43.47,145.48,0.8065,-1,-1,-1
282,90,133.54,135.68,45.85,196.07,0.6086,-1,-1,-1
282,79,293.60,88.68,70.84,273.07,0.5356,-1,-1,-1
282,68,113.26,156.36,32.76,149.44,0.6135,-1,-1,-1
283,1,348.40,4.64,228.61,484.26,0.8831,-1,-1,-1
283,2,3.36,18.44,113.43,460.83,0.8596,-1,-1,-1
283,56,348.01,4.94,228.70,484.02,0.8831,-1,-1,-1
283,83,154.99,118.02,86.39,263.68,0.8315,-1,-1,-1
283,85,535.37,126.84,74.34,291.33,0.3843,-1,-1,-1
283,89,264.62,159.02,36.95,144.66,0.7232,-1,-1,-1
283,79,306.43,120.32,70.64,276.23,0.6676,-1,-1,-1
283,68,112.51,166.44,40.43,149.48,0.6091,-1,-1,-1
284,1,378.15,1.16,225.54,483.83,0.8912,-1,-1,-1
284,2,6.47,17.73,119.83,460.39,0.8171,-1,-1,-1
284,56,377.78,1.42,225.63,483.62,0.8912,-1,-1,-1
284,83,154.78,114.23,91.26,272.87,0.8489,-1,-1,-1
284,85,556.40,141.30,62.57,285.49,0.2863,-1,-1,-1
284,89,276.32,161.05,38.80,143.95,0.7298,-1,-1,-1
284,79,320.14,126.83,78.21,287.59,0.7438,-1,-1,-1
284,68,119.34,164.93,42.09,153.27,0.7253,-1,-1,-1
284,91,299.44,86.44,67.33,224.36,0.5066,-1,-1,-1
285,1,409.63,-3.28,227.89,484.37,0.9175,-1,-1,-1
285,2,6.25,15.58,129.54,463.45,0.8868,-1,-1,-1
285,56,409.28,-3.03,227.98,484.18,0.9175,-1,-1,-1
285,83,160.78,105.57,92.30,280.88,0.8550,-1,-1,-1
285,89,291.41,158.64,37.69,142.75,0.7032,-1,-1,-1
285,79,338.84,97.85,86.88,321.66,0.8513,-1,-1,-1
285,68,124.32,160.35,46.34,159.57,0.6721,-1,-1,-1
285,91,312.84,75.83,69.05,266.98,0.7348,-1,-1,-1
285,84,241.04,170.83,32.72,128.31,0.4865,-1,-1,-1
286,1,442.35,-2.29,209.30,488.69,0.9101,-1,-1,-1
286,2,3.36,24.01,137.76,460.28,0.9024,-1,-1,-1
286,56,442.04,-2.08,209.38,488.52,0.9101,-1,-1,-1
286,83,164.95,104.45,93.65,290.51,0.8644,-1,-1,-1
286,89,305.38,145.24,38.40,162.38,0.1837,-1,-1,-1
286,79,356.31,85.00,99.63,355.09,0.8755,-1,-1,-1
286,68,129.26,163.60,44.45,165.16,0.6714,-1,-1,-1
286,91,319.72,73.64,75.59,288.45,0.6258,-1,-1,-1
286,84,253.19,174.15,33.88,129.77,0.4767,-1,-1,-1
287,1,472.29,-2.37,181.23,488.05,0.8892,-1,-1,-1
287,2,1.79,33.39,144.78,451.37,0.8947,-1,-1,-1
287,56,472.03,-2.19,181.31,487.90,0.8892,-1,-1,-1
287,83,168.21,103.32,99.79,296.30,0.8161,-1,-1,-1
287,79,370.69,72.29,116.13,382.34,0.8855,-1,-1,-1
287,68,135.27,163.38,42.28,169.86,0.6263,-1,-1,-1
287,91,329.27,72.05,80.08,300.27,0.7646,-1,-1,-1
287,84,266.19,174.98,33.95,129.24,0.4456,-1,-1,-1
288,1,502.91,-4.30,149.31,486.96,0.8588,-1,-1,-1
288,2,-0.12,37.43,151.20,446.08,0.8995,-1,-1,-1
288,56,502.70,-4.14,149.38,486.82,0.8588,-1,-1,-1
288,83,171.83,98.17,99.97,307.02,0.8312,-1,-1,-1
288,79,385.57,58.36,137.25,407.08,0.8844,-1,-1,-1
288,68,137.86,160.47,46.46,171.28,0.6095,-1,-1,-1
288,91,338.92,64.51,85.76,309.86,0.8194,-1,-1,-1
288,84,278.40,170.51,32.78,131.91,0.5889,-1,-1,-1
288,17,252.62,160.02,37.07,170.93,0.5597,-1,-1,-1
289,1,551.40,1.37,97.81,475.52,0.8153,-1,-1,-1
289,2,2.83,49.94,160.63,431.69,0.9023,-1,-1,-1
289,56,551.25,1.52,97.86,475.40,0.8153,-1,-1,-1
289,83,182.99,100.00,102.81,316.62,0.8151,-1,-1,-1
289,79,405.99,51.53,151.74,423.56,0.8817,-1,-1,-1
289,68,147.29,159.94,57.10,176.15,0.6043,-1,-1,-1
289,91,354.89,60.88,89.09,317.51,0.7690,-1,-1,-1
289,84,295.34,170.74,33.89,132.17,0.5505,-1,-1,-1
289,17,268.33,159.87,53.63,171.82,0.3063,-1,-1,-1
289,55,525.27,75.99,57.35,362.28,0.5404,-1,-1,-1
289,90,260.21,157.09,47.40,178.85,0.6809,-1,-1,-1
290,2,4.28,58.81,173.09,421.52,0.8948,-1,-1,-1
290,83,195.02,98.23,106.54,327.87,0.8001,-1,-1,-1
290,79,430.11,39.06,166.46,442.35,0.8746,-1,-1,-1
290,68,158.79,157.49,54.08,178.90,0.6930,-1,-1,-1
290,91,373.44,52.71,92.86,336.69,0.8409,-1,-1,-1
290,84,316.87,172.28,33.45,127.09,0.4801,-1,-1,-1
290,17,290.11,159.65,59.33,177.35,0.2011,-1,-1,-1
290,55,555.91,63.20,58.12,379.18,0.3850,-1,-1,-1
290,90,288.01,159.85,45.64,178.03,0.5820,-1,-1,-1
291,2,5.25,57.50,178.40,421.14,0.8692,-1,-1,-1
291,83,207.94,90.98,106.73,344.28,0.8385,-1,-1,-1
291,79,450.29,25.23,179.26,455.94,0.8855,-1,-1,-1
291,68,166.41,151.59,52.35,181.79,0.7067,-1,-1,-1
291,91,389.69,42.60,104.11,353.59,0.8330,-1,-1,-1
291,84,338.74,177.13,26.92,119.24,0.2179,-1,-1,-1
291,17,307.83,159.38,55.07,178.35,0.6888,-1,-1,-1
291,55,586.89,54.93,53.61,396.95,0.6430,-1,-1,-1
291,90,308.42,160.25,49.52,176.67,0.6888,-1,-1,-1
292,2,10.56,56.74,181.10,422.22,0.8850,-1,-1,-1
292,83,219.84,87.98,111.92,362.54,0.8385,-1,-1,-1
292,79,471.79,13.53,177.09,471.11,0.8920,-1,-1,-1
292,68,171.66,154.46,55.75,180.42,0.7097,-1,-1,-1
292,91,405.73,37.28,111.23,372.03,0.8806,-1,-1,-1
292,84,358.97,182.35,24.62,116.21,0.3408,-1,-1,-1
292,17,324.10,164.75,58.06,177.13,0.7875,-1,-1,-1
292,90,325.86,165.76,55.92,174.70,0.7875,-1,-1,-1
293,2,11.99,48.16,181.74,428.87,0.9075,-1,-1,-1
293,83,228.21,77.40,111.58,374.80,0.8477,-1,-1,-1
293,79,487.87,0.24,163.05,484.50,0.8871,-1,-1,-1
293,68,169.03,149.37,61.33,184.09,0.5397,-1,-1,-1
293,91,416.09,26.46,119.40,397.92,0.8618,-1,-1,-1
293,17,333.62,166.15,62.10,175.71,0.8567,-1,-1,-1
293,90,335.70,167.26,61.27,173.26,0.8567,-1,-1,-1
294,2,21.97,47.03,179.99,430.27,0.8776,-1,-1,-1
294,83,237.44,69.09,116.32,392.43,0.8386,-1,-1,-1
294,79,511.47,-2.63,140.11,486.34,0.8177,-1,-1,-1
294,68,173.45,169.13,61.42,166.53,0.2245,-1,-1,-1
294,91,429.16,18.12,129.56,420.89,0.8434,-1,-1,-1
294,17,349.37,166.34,64.77,176.20,0.8116,-1,-1,-1
294,90,351.46,167.25,64.51,174.08,0.8116,-1,-1,-1
295,2,34.02,48.43,180.86,429.07,0.7478,-1,-1,-1
295,83,243.35,59.65,122.41,410.81,0.8833,-1,-1,-1
295,79,533.33,41.17,116.74,440.42,0.8526,-1,-1,-1
295,91,440.39,9.09,141.29,440.99,0.8817,-1,-1,-1
295,17,367.65,165.25,62.74,173.55,0.7780,-1,-1,-1
295,90,369.62,165.91,62.78,171.67,0.7780,-1,-1,-1
296,2,12.78,55.11,208.30,421.89,0.8215,-1,-1,-1
296,83,247.98,52.36,126.20,424.11,0.8884,-1,-1,-1
296,79,553.31,55.59,93.63,425.00,0.7011,-1,-1,-1
296,91,448.79,2.15,152.81,459.14,0.8692,-1,-1,-1
296,17,383.04,164.73,59.91,175.60,0.8127,-1,-1,-1
296,90,384.75,165.18,60.05,174.10,0.8127,-1,-1,-1
296,94,219.79,195.00,40.43,115.02,0.7646,-1,-1,-1
297,2,4.41,56.02,222.61,419.92,0.8669,-1,-1,-1
297,83,246.87,37.64,133.50,440.38,0.8809,-1,-1,-1
297,91,456.53,-3.62,165.99,470.05,0.8799,-1,-1,-1
297,17,389.21,161.14,66.83,176.15,0.8626,-1,-1,-1
297,90,390.76,161.48,66.94,174.82,0.8626,-1,-1,-1
297,94,222.97,194.84,38.88,112.68,0.4861,-1,-1,-1
297,95,1.96,126.41,68.59,207.67,0.7804,-1,-1,-1
298,2,31.29,57.01,202.88,420.13,0.7867,-1,-1,-1
298,83,239.72,21.84,142.99,459.17,0.8798,-1,-1,-1
298,91,464.14,-4.23,174.68,482.68,0.9150,-1,-1,-1
298,17,398.77,164.03,79.50,173.25,0.8571,-1,-1,-1
298,90,400.25,164.35,79.56,172.05,0.8571,-1,-1,-1
298,95,-0.50,122.58,58.84,198.69,0.8389,-1,-1,-1
299,2,51.76,55.95,188.82,419.92,0.8573,-1,-1,-1
299,83,237.54,9.96,142.60,471.49,0.8843,-1,-1,-1
299,91,469.42,-3.45,173.40,485.77,0.9085,-1,-1,-1
299,17,404.54,166.65,84.94,170.09,0.8671,-1,-1,-1
299,90,405.99,166.94,85.00,169.06,0.8671,-1,-1,-1
299,95,-0.30,117.72,52.30,200.81,0.8597,-1,-1,-1
299,97,394.57,171.69,36.28,123.78,0.3716,-1,-1,-1
300,2,68.92,53.73,174.92,425.29,0.8134,-1,-1,-1
300,83,226.54,-0.88,149.01,482.78,0.8595,-1,-1,-1
300,91,481.58,-4.27,165.50,488.53,0.8960,-1,-1,-1
300,17,412.06,164.78,86.23,171.23,0.8895,-1,-1,-1
300,90,413.44,164.98,86.29,170.36,0.8895,-1,-1,-1
300,95,-1.51,131.94,56.92,199.87,0.8117,-1,-1,-1
300,97,405.01,173.14,33.26,120.33,0.4048,-1,-1,-1
300,98,369.59,167.76,48.09,137.35,0.7340,-1,-1,-1
301,2,82.33,50.11,156.83,427.20,0.8626,-1,-1,-1
301,83,211.92,-4.36,163.12,486.20,0.9034,-1,-1,-1
301,91,490.66,-3.07,153.28,486.03,0.9062,-1,-1,-1
301,17,418.31,163.50,82.02,171.68,0.8430,-1,-1,-1
301,90,419.49,163.67,82.09,170.92,0.8430,-1,-1,-1
301,95,-0.96,145.03,59.91,182.48,0.7267,-1,-1,-1
301,97,405.37,188.13,34.20,106.21,0.4443,-1,-1,-1
301,98,366.26,165.93,54.27,139.54,0.7596,-1,-1,-1
302,2,91.46,43.44,141.26,431.81,0.7947,-1,-1,-1
302,83,183.40,-7.13,176.55,489.17,0.8281,-1,-1,-1
302,91,504.85,-3.62,138.01,488.85,0.9075,-1,-1,-1
302,17,435.20,160.53,70.52,173.41,0.7802,-1,-1,-1
302,90,436.20,160.68,70.60,172.72,0.7802,-1,-1,-1
302,95,-2.77,145.52,54.52,172.54,0.6399,-1,-1,-1
302,97,403.91,172.29,34.51,122.22,0.2434,-1,-1,-1
302,98,361.42,164.15,67.75,142.90,0.6593,-1,-1,-1
303,83,122.88,-7.78,209.55,492.40,0.6805,-1,-1,-1
303,91,521.63,-3.41,121.35,491.09,0.9000,-1,-1,-1
303,17,448.11,159.35,70.12,175.13,0.7804,-1,-1,-1
303,90,448.89,159.48,70.19,174.50,0.7804,-1,-1,-1
303,97,398.45,164.48,41.46,130.01,0.1579,-1,-1,-1
303,98,373.15,163.11,63.87,144.73,0.6274,-1,-1,-1
303,99,47.17,102.12,88.67,310.59,0.6892,-1,-1,-1
303,100,335.38,192.43,31.54,118.27,0.6986,-1,-1,-1
304,83,101.43,-9.42,200.93,492.21,0.7529,-1,-1,-1
304,91,536.96,-2.46,104.71,490.81,0.8460,-1,-1,-1
304,17,458.36,157.35,66.82,175.48,0.8056,-1,-1,-1
304,90,459.07,157.48,66.89,174.89,0.8056,-1,-1,-1
304,97,387.30,159.93,50.50,139.40,0.6639,-1,-1,-1
304,98,380.15,160.01,58.28,143.35,0.6639,-1,-1,-1
304,99,6.50,92.43,112.12,303.75,0.8246,-1,-1,-1
304,100,333.99,190.89,46.81,122.80,0.6367,-1,-1,-1
304,101,284.81,160.17,60.74,156.68,0.5010,-1,-1,-1
305,83,80.91,-6.32,193.99,485.15,0.3586,-1,-1,-1
305,91,554.48,2.72,86.39,486.04,0.7592,-1,-1,-1
305,17,464.29,161.79,65.95,173.75,0.8323,-1,-1,-1
305,90,464.90,161.91,66.01,173.23,0.8323,-1,-1,-1
305,97,384.63,160.70,51.82,148.13,0.7339,-1,-1,-1
305,98,384.70,161.31,53.29,148.19,0.7339,-1,-1,-1
305,99,-7.30,90.10,138.12,303.35,0.8746,-1,-1,-1
305,100,333.56,190.47,57.32,127.09,0.7114,-1,-1,-1
305,101,293.47,157.20,57.02,161.76,0.5839,-1,-1,-1
305,103,276.58,156.97,37.77,151.57,0.5747,-1,-1,-1
305,104,527.14,151.69,68.53,226.93,0.7763,-1,-1,-1
305,68,1.48,91.93,142.19,301.28,0.8746,-1,-1,-1
306,83,21.33,-3.06,228.47,473.46,0.3518,-1,-1,-1
306,91,574.28,1.43,65.00,482.23,0.4566,-1,-1,-1
306,17,466.29,161.77,69.64,169.80,0.8050,-1,-1,-1
306,90,466.83,161.85,69.69,169.37,0.8050,-1,-1,-1
306,97,382.42,158.94,56.03,149.64,0.7648,-1,-1,-1
306,98,384.59,159.71,55.87,148.30,0.7648,-1,-1,-1
306,100,343.12,188.63,50.08,126.12,0.5548,-1,-1,-1
306,101,302.19,153.56,52.94,163.96,0.6871,-1,-1,-1
306,103,270.76,159.94,37.68,149.10,0.5986,-1,-1,-1
306,104,516.76,138.42,86.90,240.29,0.8044,-1,-1,-1
307,83,-1.66,-1.50,223.01,476.15,0.3877,-1,-1,-1
307,17,468.83,164.07,64.33,168.41,0.7172,-1,-1,-1
307,90,469.33,164.14,64.38,168.05,0.7172,-1,-1,-1
307,97,382.89,158.26,63.50,149.98,0.7865,-1,-1,-1
307,98,385.78,159.02,63.07,148.32,0.7865,-1,-1,-1
307,100,343.28,187.21,49.06,127.51,0.5545,-1,-1,-1
307,101,305.54,152.23,51.70,166.05,0.7662,-1,-1,-1
307,103,266.42,154.93,41.10,150.00,0.4169,-1,-1,-1
307,104,509.73,129.20,105.79,249.35,0.8132,-1,-1,-1
308,17,478.93,162.73,54.57,141.30,0.2384,-1,-1,-1
308,90,476.68,171.33,60.69,155.64,0.3117,-1,-1,-1
308,97,383.07,158.32,71.16,148.11,0.8043,-1,-1,-1
308,98,386.04,159.01,70.73,146.60,0.8043,-1,-1,-1
308,100,352.70,185.53,40.58,128.16,0.7033,-1,-1,-1
308,101,309.36,150.73,50.49,167.17,0.7904,-1,-1,-1
308,103,272.02,173.78,35.09,119.85,0.4038,-1,-1,-1
308,104,498.94,123.18,120.27,257.07,0.8263,-1,-1,-1
308,105,155.50,66.91,129.98,400.66,0.8632,-1,-1,-1
309,97,386.68,157.52,72.44,149.37,0.8142,-1,-1,-1
309,98,389.65,158.10,71.80,148.12,0.8142,-1,-1,-1
309,100,362.54,184.24,38.23,128.12,0.6372,-1,-1,-1
309,101,311.43,149.76,64.17,168.66,0.8432,-1,-1,-1
309,104,491.33,117.48,134.68,275.91,0.8729,-1,-1,-1
309,105,127.55,59.22,165.24,417.05,0.8760,-1,-1,-1
309,106,467.88,168.54,32.67,121.41,0.6659,-1,-1,-1
309,83,-7.17,0.33,134.64,474.64,0.5382,-1,-1,-1
310,97,390.18,158.98,66.89,152.37,0.7614,-1,-1,-1
310,98,392.96,159.50,66.05,151.30,0.7614,-1,-1,-1
310,100,364.02,185.70,50.01,130.39,0.6416,-1,-1,-1
310,101,308.24,151.68,74.42,170.96,0.8537,-1,-1,-1
310,104,490.76,117.60,141.34,290.17,0.8440,-1,-1,-1
310,105,107.31,78.32,184.53,402.70,0.8673,-1,-1,-1
310,106,464.11,174.36,36.68,118.76,0.6794,-1,-1,-1
310,107,81.35,89.76,82.35,293.10,0.6474,-1,-1,-1
311,97,392.17,159.43,63.19,156.11,0.7740,-1,-1,-1
311,98,394.61,159.87,62.34,155.19,0.7740,-1,-1,-1
311,100,364.38,187.04,55.17,132.41,0.6608,-1,-1,-1
311,101,301.07,152.48,81.97,173.30,0.8541,-1,-1,-1
311,104,488.86,114.74,147.45,311.95,0.8848,-1,-1,-1
311,105,106.83,82.67,180.76,399.41,0.8416,-1,-1,-1
311,106,459.38,177.35,38.27,116.62,0.7472,-1,-1,-1
311,107,47.63,78.90,103.56,345.11,0.8240,-1,-1,-1
312,97,393.40,156.11,63.55,161.26,0.7225,-1,-1,-1
312,98,395.66,156.28,62.70,160.55,0.7225,-1,-1,-1
312,100,363.95,188.80,58.06,133.28,0.6161,-1,-1,-1
312,101,295.26,151.89,88.02,176.71,0.8818,-1,-1,-1
312,104,485.30,107.26,152.93,328.92,0.8926,-1,-1,-1
312,105,105.91,71.37,178.33,409.95,0.8811,-1,-1,-1
312,106,454.17,177.83,38.23,115.58,0.7328,-1,-1,-1
312,107,9.50,67.04,123.70,382.57,0.8998,-1,-1,-1
313,97,394.56,156.54,62.34,162.55,0.7336,-1,-1,-1
313,98,396.59,156.66,61.55,161.91,0.7336,-1,-1,-1
313,100,361.01,188.82,56.85,136.40,0.6822,-1,-1,-1
313,101,294.30,150.79,87.22,179.89,0.8424,-1,-1,-1
313,104,480.68,97.75,153.48,345.98,0.8805,-1,-1,-1
313,105,102.56,70.50,176.35,410.67,0.8785,-1,-1,-1
313,106,447.03,178.42,38.76,113.97,0.7122,-1,-1,-1
313,107,-6.41,56.04,113.70,409.53,0.8863,-1,-1,-1
314,97,396.99,155.97,61.72,163.40,0.7813,-1,-1,-1
314,98,398.80,155.94,60.97,162.89,0.7813,-1,-1,-1
314,100,364.03,186.18,52.94,138.42,0.7038,-1,-1,-1
314,101,298.40,149.75,85.53,181.87,0.8188,-1,-1,-1
314,104,476.72,87.48,157.46,359.86,0.8715,-1,-1,-1
314,105,102.81,69.28,177.93,411.65,0.8712,-1,-1,-1
314,106,443.88,177.71,36.91,113.17,0.6571,-1,-1,-1
314,107,-9.00,46.06,97.54,431.08,0.8190,-1,-1,-1
315,97,404.29,159.35,66.36,163.04,0.7405,-1,-1,-1
315,98,405.86,159.26,65.76,162.62,0.7405,-1,-1,-1
315,100,374.29,189.42,50.73,142.70,0.6791,-1,-1,-1
315,101,310.69,152.42,73.01,185.28,0.8029,-1,-1,-1
315,104,476.98,80.57,164.44,385.72,0.8983,-1,-1,-1
315,105,108.84,71.44,178.73,410.48,0.8882,-1,-1,-1
315,106,443.19,188.20,36.92,104.68,0.1621,-1,-1,-1
316,97,413.52,156.38,64.07,162.60,0.7189,-1,-1,-1
316,98,414.96,156.29,63.49,162.23,0.7189,-1,-1,-1
316,100,376.95,187.16,66.19,145.31,0.8178,-1,-1,-1
316,101,318.25,146.78,69.59,190.71,0.7823,-1,-1,-1
316,104,478.42,68.22,165.12,408.03,0.9018,-1,-1,-1
316,105,114.52,66.05,180.34,413.76,0.8937,-1,-1,-1
316,111,16.14,146.65,69.63,179.75,0.8001,-1,-1,-1
316,2,117.45,64.40,178.35,416.56,0.8937,-1,-1,-1
317,97,425.29,155.80,60.58,165.84,0.7290,-1,-1,-1
317,98,426.50,155.71,60.08,165.53,0.7290,-1,-1,-1
317,100,386.78,187.36,73.96,147.76,0.5471,-1,-1,-1
317,101,325.13,143.80,76.68,195.75,0.8409,-1,-1,-1
317,104,484.65,55.13,159.93,425.83,0.9216,-1,-1,-1
317,105,122.18,65.08,180.35,413.65,0.8971,-1,-1,-1
317,111,28.93,146.27,58.75,178.57,0.8409,-1,-1,-1
317,2,126.17,65.38,178.83,412.70,0.8971,-1,-1,-1
318,97,434.65,156.03,59.62,166.74,0.7451,-1,-1,-1
318,98,435.64,155.91,59.20,166.47,0.7451,-1,-1,-1
318,100,397.51,185.35,75.00,151.03,0.7635,-1,-1,-1
318,101,329.27,141.63,82.21,199.91,0.8617,-1,-1,-1
318,104,489.99,43.44,155.14,439.60,0.9193,-1,-1,-1
318,105,127.73,66.26,184.49,413.43,0.8462,-1,-1,-1
318,111,33.21,146.38,58.23,179.26,0.8351,-1,-1,-1
318,2,132.08,67.02,183.33,411.17,0.8462,-1,-1,-1
319,97,444.54,150.56,59.88,170.13,0.6664,-1,-1,-1
319,98,445.40,150.40,59.51,169.92,0.6664,-1,-1,-1
319,100,408.91,182.73,74.84,152.09,0.5638,-1,-1,-1
319,101,334.28,129.53,92.40,211.97,0.8664,-1,-1,-1
319,104,500.15,21.18,146.43,459.50,0.9129,-1,-1,-1
319,105,136.12,68.86,182.67,408.96,0.8767,-1,-1,-1
319,111,38.30,145.73,60.44,177.78,0.8262,-1,-1,-1
319,2,140.44,69.56,181.66,406.38,0.8767,-1,-1,-1
320,97,458.36,145.59,59.60,174.24,0.4720,-1,-1,-1
320,98,459.12,145.41,59.27,174.07,0.4720,-1,-1,-1
320,100,421.86,174.08,69.04,159.17,0.6890,-1,-1,-1
320,101,337.61,128.59,100.48,211.44,0.8862,-1,-1,-1
320,104,514.19,3.18,131.97,477.35,0.8849,-1,-1,-1
320,105,147.63,71.80,179.80,405.87,0.8648,-1,-1,-1
320,111,36.85,142.99,69.29,177.56,0.8179,-1,-1,-1
320,2,151.50,72.42,178.93,403.43,0.8648,-1,-1,-1
321,97,476.47,140.87,60.16,178.11,0.2374,-1,-1,-1
321,98,482.07,166.13,49.84,152.43,0.1834,-1,-1,-1
321,100,453.44,171.04,50.90,161.36,0.5408,-1,-1,-1
321,101,347.36,123.98,103.98,215.99,0.8861,-1,-1,-1
321,104,541.30,29.06,106.52,450.78,0.3475,-1,-1,-1
321,105,167.19,58.37,173.53,420.54,0.8706,-1,-1,-1
321,111,44.79,136.91,71.02,179.45,0.8634,-1,-1,-1
321,2,170.61,58.59,172.78,418.56,0.8706,-1,-1,-1
321,113,154.01,122.70,50.69,136.93,0.3831,-1,-1,-1
322,100,473.44,161.91,61.68,169.60,0.6781,-1,-1,-1
322,101,359.31,115.93,104.98,221.24,0.8589,-1,-1,-1
322,105,182.66,46.32,171.56,434.00,0.8801,-1,-1,-1
322,111,55.65,129.32,67.71,179.61,0.8229,-1,-1,-1
322,2,185.53,46.47,170.95,432.19,0.8801,-1,-1,-1
322,113,149.63,113.09,64.50,180.06,0.7457,-1,-1,-1
322,114,544.28,157.91,39.95,137.73,0.4820,-1,-1,-1
322,116,344.37,156.36,47.98,135.53,0.5336,-1,-1,-1
323,100,487.04,160.93,63.79,170.53,0.5737,-1,-1,-1
323,101,381.42,113.34,99.29,225.30,0.8610,-1,-1,-1
323,105,197.21,41.36,174.49,439.52,0.9010,-1,-1,-1
323,111,71.69,126.67,62.50,176.99,0.8201,-1,-1,-1
323,2,199.76,41.30,173.96,437.96,0.9010,-1,-1,-1
323,113,145.56,106.34,76.90,210.94,0.8354,-1,-1,-1
323,114,547.28,151.92,53.63,143.78,0.5037,-1,-1,-1
323,116,360.11,156.37,50.50,117.56,0.4358,-1,-1,-1
323,118,468.91,164.67,36.74,108.71,0.7131,-1,-1,-1
323,98,490.12,160.76,83.64,168.55,0.4585,-1,-1,-1
324,100,491.09,157.73,69.87,172.05,0.3754,-1,-1,-1
324,101,399.34,107.78,88.08,229.35,0.8247,-1,-1,-1
324,105,205.11,32.98,177.44,446.48,0.9034,-1,-1,-1
324,111,78.51,122.24,60.40,176.30,0.7953,-1,-1,-1
324,2,207.33,32.85,177.00,445.16,0.9034,-1,-1,-1
324,113,138.05,98.17,84.44,226.62,0.8335,-1,-1,-1
324,114,550.60,154.27,55.36,158.97,0.2497,-1,-1,-1
324,116,370.06,150.19,52.88,159.75,0.5660,-1,-1,-1
324,118,474.90,162.57,35.48,108.56,0.6750,-1,-1,-1
324,98,492.63,157.11,96.25,173.68,0.7858,-1,-1,-1
325,100,508.62,153.10,84.18,177.68,0.7677,-1,-1,-1
325,101,417.31,101.38,81.14,236.58,0.8088,-1,-1,-1
325,105,214.12,31.69,180.79,448.76,0.9066,-1,-1,-1
325,111,71.17,121.66,71.96,176.95,0.7950,-1,-1,-1
325,2,216.16,31.49,180.37,447.59,0.9066,-1,-1,-1
325,113,126.95,92.70,90.15,244.16,0.8381,-1,-1,-1
325,114,563.72,161.98,45.90,154.45,0.3111,-1,-1,-1
325,116,379.76,145.21,53.52,175.41,0.7265,-1,-1,-1
325,118,476.46,171.28,34.34,95.75,0.1806,-1,-1,-1
325,98,506.42,153.41,96.52,178.08,0.7677,-1,-1,-1
326,100,525.35,150.99,81.77,180.26,0.6977,-1,-1,-1
326,101,429.42,98.27,77.47,242.92,0.8656,-1,-1,-1
326,105,216.48,34.16,183.32,446.41,0.8992,-1,-1,-1
326,111,67.45,123.28,81.55,178.09,0.7126,-1,-1,-1
326,2,218.26,33.95,182.94,445.37,0.8992,-1,-1,-1
326,113,116.28,89.65,93.87,254.07,0.8184,-1,-1,-1
326,114,579.43,165.84,40.08,151.32,0.4577,-1,-1,-1
326,116,386.51,142.74,51.89,181.78,0.6699,-1,-1,-1
326,98,511.92,132.54,88.13,190.93,0.5854,-1,-1,-1
327,100,553.28,145.27,74.28,183.61,0.8157,-1,-1,-1
327,101,434.86,93.50,84.32,248.57,0.8880,-1,-1,-1
327,105,219.38,35.53,186.94,443.53,0.8832,-1,-1,-1
327,111,70.62,123.58,75.50,176.56,0.6388,-1,-1,-1
327,2,220.97,35.29,186.60,442.61,0.8832,-1,-1,-1
327,113,101.24,82.95,98.74,264.07,0.8709,-1,-1,-1
327,114,568.51,149.99,61.04,176.49,0.8157,-1,-1,-1
327,116,393.44,139.62,53.11,184.08,0.7286,-1,-1,-1
327,98,515.05,118.40,89.12,199.09,0.7677,-1,-1,-1
328,100,567.06,143.39,73.10,189.83,0.7824,-1,-1,-1
328,101,433.44,92.29,96.13,252.24,0.8788,-1,-1,-1
328,105,212.77,38.73,200.64,439.12,0.8398,-1,-1,-1
328,111,62.68,132.22,69.89,169.19,0.2632,-1,-1,-1
328,2,214.16,38.48,200.35,438.32,0.8398,-1,-1,-1
328,113,88.11,79.11,97.89,279.51,0.7856,-1,-1,-1
328,114,568.37,145.91,69.27,189.20,0.7824,-1,-1,-1
328,116,400.07,136.41,53.01,193.65,0.2103,-1,-1,-1
328,98,518.71,112.23,91.67,209.68,0.4236,-1,-1,-1
328,120,-1.38,126.19,32.10,160.03,0.7583,-1,-1,-1
328,106,513.25,137.39,46.50,157.65,0.4092,-1,-1,-1
329,100,568.02,144.28,75.12,190.89,0.8078,-1,-1,-1
329,101,428.31,91.13,103.78,255.67,0.8939,-1,-1,-1
329,105,219.24,39.19,196.65,440.68,0.8233,-1,-1,-1
329,2,220.52,38.97,196.36,439.98,0.8233,-1,-1,-1
329,113,59.32,70.04,109.28,294.52,0.8752,-1,-1,-1
329,114,564.65,146.01,75.04,192.57,0.8078,-1,-1,-1
329,116,405.94,136.49,48.12,161.90,0.4212,-1,-1,-1
329,98,530.27,107.89,81.53,211.11,0.5161,-1,-1,-1
329,106,511.25,137.29,52.42,158.32,0.4949,-1,-1,-1
329,97,556.31,109.24,55.27,157.60,0.3835,-1,-1,-1
330,100,565.85,148.04,79.11,191.98,0.7779,-1,-1,-1
330,101,425.03,92.78,106.48,260.40,0.8872,-1,-1,-1
330,105,234.60,37.04,186.06,444.64,0.8508,-1,-1,-1
330,2,235.73,36.83,185.80,444.01,0.8508,-1,-1,-1
330,113,42.92,64.20,111.43,309.83,0.8381,-1,-1,-1
330,114,561.03,149.49,80.41,194.23,0.7779,-1,-1,-1
330,116,410.38,139.43,47.65,156.23,0.5150,-1,-1,-1
330,98,546.90,109.56,68.48,216.73,0.7172,-1,-1,-1
330,106,505.83,138.29,58.18,162.14,0.6632,-1,-1,-1
330,121,-1.55,130.62,47.71,156.94,0.6371,-1,-1,-1
330,97,555.46,110.59,59.23,202.28,0.7172,-1,-1,-1
331,100,568.33,150.72,77.44,191.28,0.7373,-1,-1,-1
331,101,427.95,92.41,104.10,264.40,0.8693,-1,-1,-1
331,105,240.76,33.13,183.15,447.63,0.8660,-1,-1,-1
331,2,241.69,32.93,182.94,447.07,0.8660,-1,-1,-1
331,113,23.79,55.16,116.37,323.31,0.8642,-1,-1,-1
331,114,563.03,152.03,79.44,193.50,0.7373,-1,-1,-1
331,116,399.28,139.98,65.53,182.87,0.6650,-1,-1,-1
331,98,559.31,108.71,60.83,226.12,0.7403,-1,-1,-1
331,106,501.15,137.36,61.82,164.02,0.5731,-1,-1,-1
331,121,-1.79,131.90,47.22,158.44,0.6218,-1,-1,-1
331,97,561.82,109.52,57.88,220.28,0.7403,-1,-1,-1
332,100,583.04,134.54,62.84,202.34,0.3204,-1,-1,-1
332,101,440.70,88.04,100.20,266.92,0.8649,-1,-1,-1
332,105,240.62,27.73,185.72,452.60,0.9127,-1,-1,-1
332,2,241.47,27.50,185.53,452.12,0.9127,-1,-1,-1
332,113,2.44,44.05,116.63,340.74,0.8850,-1,-1,-1
332,116,407.32,136.41,62.09,195.80,0.6835,-1,-1,-1
332,98,561.79,104.57,70.02,224.36,0.7999,-1,-1,-1
332,121,-2.27,131.51,32.79,159.37,0.1515,-1,-1,-1
332,97,562.52,105.29,68.68,222.70,0.7999,-1,-1,-1
333,101,452.82,87.47,90.88,267.66,0.8395,-1,-1,-1
333,105,243.75,25.57,183.01,455.49,0.8931,-1,-1,-1
333,2,244.48,25.36,182.84,455.06,0.8931,-1,-1,-1
333,113,-6.11,35.92,108.00,354.91,0.9165,-1,-1,-1
333,116,419.05,133.50,56.71,205.97,0.8000,-1,-1,-1
333,98,562.33,106.48,77.54,227.99,0.8702,-1,-1,-1
333,97,562.44,107.17,76.90,227.77,0.8702,-1,-1,-1
334,101,460.29,83.50,92.41,271.89,0.8788,-1,-1,-1
334,105,241.56,27.32,181.79,453.14,0.8956,-1,-1,-1
334,2,242.20,27.11,181.64,452.76,0.8956,-1,-1,-1
334,113,-9.52,26.70,83.04,369.15,0.8867,-1,-1,-1
334,116,419.21,130.30,60.22,213.24,0.8471,-1,-1,-1
334,98,556.74,106.19,85.17,226.29,0.9007,-1,-1,-1
334,97,556.67,106.85,84.84,226.62,0.9007,-1,-1,-1
334,111,38.92,121.15,60.95,176.50,0.6978,-1,-1,-1
335,101,464.06,84.09,90.93,272.75,0.8358,-1,-1,-1
335,105,241.58,28.92,179.44,449.41,0.9059,-1,-1,-1
335,2,242.13,28.73,179.31,449.08,0.9059,-1,-1,-1
335,113,-6.47,38.06,58.17,365.08,0.8329,-1,-1,-1
335,116,418.04,131.65,58.80,216.00,0.6961,-1,-1,-1
335,98,552.02,108.98,89.90,223.77,0.8955,-1,-1,-1
335,97,551.90,109.58,89.71,224.25,0.8955,-1,-1,-1
335,123,78.66,175.88,29.40,88.07,0.4104,-1,-1,-1
335,111,29.86,121.01,68.63,180.32,0.7376,-1,-1,-1
336,101,465.61,77.95,97.51,274.55,0.8486,-1,-1,-1
336,105,241.58,23.41,178.06,452.43,0.9050,-1,-1,-1
336,2,242.06,23.23,177.95,452.15,0.9050,-1,-1,-1
336,116,413.63,127.56,74.13,221.52,0.6552,-1,-1,-1
336,98,552.64,104.00,89.45,225.92,0.8825,-1,-1,-1
336,97,552.47,104.55,89.39,226.39,0.8825,-1,-1,-1
336,123,72.81,181.64,24.34,78.99,0.2164,-1,-1,-1
336,111,25.98,116.06,64.44,179.25,0.7517,-1,-1,-1
337,101,467.20,70.72,108.92,275.81,0.8442,-1,-1,-1
337,105,241.88,13.68,179.94,462.86,0.9129,-1,-1,-1
337,2,242.29,13.51,179.85,462.62,0.9129,-1,-1,-1
337,116,412.84,119.81,87.43,230.00,0.7620,-1,-1,-1
337,98,566.43,97.00,76.06,225.36,0.8724,-1,-1,-1
337,97,566.16,97.53,76.16,225.78,0.8724,-1,-1,-1
337,111,26.65,109.65,58.66,176.86,0.8423,-1,-1,-1
338,101,470.57,69.08,113.69,282.79,0.8406,-1,-1,-1
338,105,242.25,17.73,184.45,461.15,0.9028,-1,-1,-1
338,2,242.63,17.56,184.36,460.94,0.9028,-1,-1,-1
338,116,421.80,117.58,79.56,230.21,0.7688,-1,-1,-1
338,98,587.47,96.97,55.32,223.98,0.8011,-1,-1,-1
338,97,587.11,97.48,55.62,224.32,0.8011,-1,-1,-1
338,111,24.78,112.62,61.62,178.91,0.8275,-1,-1,-1
339,101,468.89,67.73,117.33,287.72,0.8681,-1,-1,-1
339,105,242.21,16.74,185.45,462.07,0.9062,-1,-1,-1
339,2,242.54,16.58,185.37,461.88,0.9062,-1,-1,-1
339,116,429.61,115.54,75.21,226.55,0.7680,-1,-1,-1
339,98,594.58,94.50,46.62,227.76,0.8487,-1,-1,-1
339,97,594.33,94.98,46.86,228.02,0.8487,-1,-1,-1
339,111,23.60,112.49,62.72,180.65,0.8276,-1,-1,-1
339,126,-0.86,157.29,28.79,134.37,0.4021,-1,-1,-1
340,101,470.31,66.28,126.58,290.53,0.8770,-1,-1,-1
340,105,243.55,12.75,189.37,466.46,0.8864,-1,-1,-1
340,2,243.84,12.61,189.30,466.30,0.8864,-1,-1,-1
340,116,451.90,115.61,61.80,219.89,0.7130,-1,-1,-1
340,98,603.21,93.56,38.03,229.65,0.8175,-1,-1,-1
340,97,603.03,94.00,38.24,229.86,0.8175,-1,-1,-1
340,111,16.64,111.81,84.44,182.80,0.8414,-1,-1,-1
340,126,-0.84,125.51,24.13,165.05,0.5379,-1,-1,-1
340,127,188.99,200.70,15.65,38.30,0.4481,-1,-1,-1
341,101,490.02,65.95,122.59,294.64,0.8618,-1,-1,-1
341,105,250.53,14.29,186.66,466.03,0.8716,-1,-1,-1
341,2,250.79,14.16,186.60,465.89,0.8716,-1,-1,-1
341,116,471.92,119.30,56.26,224.31,0.7192,-1,-1,-1
341,98,611.11,111.20,30.42,216.01,0.6629,-1,-1,-1
341,97,611.01,111.58,30.57,216.18,0.6629,-1,-1,-1
341,111,8.75,115.53,102.54,182.96,0.8640,-1,-1,-1
341,126,0.07,115.25,27.00,175.93,0.6965,-1,-1,-1
341,128,433.77,108.86,53.93,208.00,0.7801,-1,-1,-1
342,101,511.66,61.02,117.74,299.09,0.8153,-1,-1,-1
342,105,254.73,13.12,191.19,466.11,0.8405,-1,-1,-1
342,2,254.95,13.00,191.14,465.98,0.8405,-1,-1,-1
342,116,486.18,114.31,59.28,233.92,0.8003,-1,-1,-1
342,98,614.47,106.52,26.57,221.75,0.4783,-1,-1,-1
342,111,4.87,115.44,110.73,182.43,0.8865,-1,-1,-1
342,126,1.01,109.40,34.29,181.52,0.7067,-1,-1,-1
342,128,434.26,104.83,63.22,216.39,0.7183,-1,-1,-1
342,129,229.74,170.68,34.03,86.48,0.6958,-1,-1,-1
343,101,541.72,60.59,102.69,307.07,0.8511,-1,-1,-1
343,105,255.42,16.05,208.31,466.07,0.8244,-1,-1,-1
343,2,255.62,15.94,208.26,465.96,0.8244,-1,-1,-1
343,116,500.66,116.77,68.37,240.83,0.7784,-1,-1,-1
343,111,19.02,119.83,99.06,177.41,0.8432,-1,-1,-1
343,126,2.25,114.17,46.79,187.06,0.7695,-1,-1,-1
343,128,450.84,104.94,61.14,220.52,0.7995,-1,-1,-1
343,129,227.56,174.10,37.43,88.75,0.7600,-1,-1,-1
344,101,557.30,58.56,88.03,314.44,0.8875,-1,-1,-1
344,105,259.74,14.79,212.52,465.89,0.8384,-1,-1,-1
344,2,259.93,14.69,212.47,465.79,0.8384,-1,-1,-1
344,116,505.15,118.74,76.87,241.69,0.8536,-1,-1,-1
344,111,31.31,119.67,83.28,177.59,0.8142,-1,-1,-1
344,126,1.32,116.27,54.42,184.51,0.7613,-1,-1,-1
344,128,459.16,103.57,58.65,227.85,0.7393,-1,-1,-1
344,129,221.65,173.13,37.63,90.40,0.7699,-1,-1,-1
345,101,576.22,53.80,71.05,321.02,0.8783,-1,-1,-1
345,105,272.25,6.05,216.57,472.57,0.8089,-1,-1,-1
345,2,272.42,5.95,216.53,472.48,0.8089,-1,-1,-1
345,116,517.87,115.66,80.58,244.52,0.8287,-1,-1,-1
345,111,53.15,116.04,62.31,179.80,0.8049,-1,-1,-1
345,126,0.92,117.48,65.76,179.39,0.8403,-1,-1,-1
345,128,467.67,97.53,52.75,234.84,0.4728,-1,-1,-1
345,129,211.78,169.59,43.88,94.06,0.7458,-1,-1,-1
346,101,596.71,57.66,48.96,327.25,0.7632,-1,-1,-1
346,105,295.18,6.48,204.12,473.89,0.7969,-1,-1,-1
346,2,295.34,6.40,204.08,473.82,0.7969,-1,-1,-1
346,116,541.50,117.04,83.75,253.44,0.7942,-1,-1,-1
346,111,72.13,123.64,52.83,179.42,0.7773,-1,-1,-1
346,126,4.60,127.41,75.18,175.20,0.8446,-1,-1,-1
346,128,466.85,101.97,54.92,243.85,0.4931,-1,-1,-1
346,129,210.68,175.40,47.37,95.66,0.7930,-1,-1,-1
347,105,306.41,1.69,207.27,477.37,0.8327,-1,-1,-1
347,2,306.54,1.61,207.24,477.31,0.8327,-1,-1,-1
347,116,567.67,113.08,76.38,262.07,0.8130,-1,-1,-1
347,111,84.83,127.22,60.09,178.45,0.8375,-1,-1,-1
347,126,9.81,128.68,79.68,176.36,0.8244,-1,-1,-1
347,128,485.86,97.26,57.15,248.28,0.4442,-1,-1,-1
347,129,213.28,175.90,46.75,96.78,0.7567,-1,-1,-1
348,105,314.47,-0.98,205.39,478.75,0.7766,-1,-1,-1
348,2,314.58,-1.06,205.36,478.70,0.7766,-1,-1,-1
348,116,583.48,107.05,63.39,261.39,0.8472,-1,-1,-1
348,111,87.45,126.59,71.85,175.44,0.8691,-1,-1,-1
348,126,20.86,124.65,72.24,175.98,0.7702,-1,-1,-1
348,128,489.46,88.11,58.64,262.51,0.2161,-1,-1,-1
348,129,212.77,171.09,43.40,99.42,0.6572,-1,-1,-1
349,105,319.91,0.59,207.19,479.26,0.8067,-1,-1,-1
349,2,320.01,0.52,207.16,479.21,0.8067,-1,-1,-1
349,116,598.45,111.59,47.91,261.66,0.7199,-1,-1,-1
349,111,88.30,131.62,80.76,171.68,0.8358,-1,-1,-1
349,126,40.23,126.90,62.84,176.58,0.7850,-1,-1,-1
349,128,499.11,84.97,61.93,277.00,0.5497,-1,-1,-1
349,129,207.52,171.69,43.92,102.15,0.5478,-1,-1,-1
349,121,25.72,158.54,34.66,118.80,0.5407,-1,-1,-1
350,105,321.16,0.55,205.97,479.14,0.8555,-1,-1,-1
350,2,321.25,0.49,205.95,479.10,0.8555,-1,-1,-1
350,116,607.86,127.13,34.62,247.86,0.6290,-1,-1,-1
350,111,87.73,130.95,83.81,173.17,0.8513,-1,-1,-1
350,126,48.96,127.97,58.26,173.40,0.7859,-1,-1,-1
350,128,505.62,80.39,58.57,295.02,0.7985,-1,-1,-1
350,129,201.92,170.39,43.70,104.06,0.6747,-1,-1,-1
350,121,26.31,158.38,35.57,117.21,0.5310,-1,-1,-1
351,105,323.30,0.06,208.93,479.05,0.8401,-1,-1,-1
351,2,323.38,0.01,208.91,479.01,0.8401,-1,-1,-1
351,111,109.52,127.88,64.32,171.03,0.8052,-1,-1,-1
351,126,51.60,127.20,76.82,171.70,0.8458,-1,-1,-1
351,128,511.74,67.77,63.88,320.76,0.7699,-1,-1,-1
351,129,197.40,168.02,44.88,104.20,0.6922,-1,-1,-1
351,121,25.50,154.83,40.42,118.58,0.5897,-1,-1,-1
352,105,326.11,-0.35,201.59,477.35,0.8306,-1,-1,-1
352,2,326.18,-0.40,201.57,477.32,0.8306,-1,-1,-1
352,111,128.45,126.04,54.95,170.07,0.8239,-1,-1,-1
352,126,53.41,128.48,92.82,168.07,0.8871,-1,-1,-1
352,128,512.66,59.36,82.13,342.62,0.5618,-1,-1,-1
352,129,193.42,165.61,46.35,107.17,0.7720,-1,-1,-1
352,121,26.84,152.17,45.51,119.76,0.3493,-1,-1,-1
353,105,330.04,-1.84,205.28,477.76,0.8404,-1,-1,-1
353,2,330.10,-1.88,205.26,477.74,0.8404,-1,-1,-1
353,111,142.49,121.84,54.93,170.75,0.8179,-1,-1,-1
353,126,57.84,129.28,96.80,163.63,0.8761,-1,-1,-1
353,128,516.49,47.87,99.39,366.32,0.8688,-1,-1,-1
353,129,194.03,160.88,45.12,109.08,0.5699,-1,-1,-1
353,121,29.09,145.89,45.15,122.57,0.3284,-1,-1,-1
353,134,0.37,91.74,38.59,254.44,0.7841,-1,-1,-1
354,105,331.30,1.68,208.91,475.80,0.8395,-1,-1,-1
354,2,331.35,1.65,208.90,475.77,0.8395,-1,-1,-1
354,111,152.26,126.18,60.09,170.71,0.8322,-1,-1,-1
354,126,65.36,133.68,93.19,162.43,0.8426,-1,-1,-1
354,128,521.74,45.03,110.33,381.98,0.9040,-1,-1,-1
354,129,194.98,164.62,40.31,107.03,0.6842,-1,-1,-1
354,121,33.56,147.43,44.32,124.70,0.2616,-1,-1,-1
354,134,1.05,90.34,43.04,261.68,0.7609,-1,-1,-1
354,135,530.97,57.63,38.34,69.34,0.5133,-1,-1,-1
355,105,330.53,1.37,220.54,475.43,0.7053,-1,-1,-1
355,2,330.58,1.34,220.53,475.41,0.7053,-1,-1,-1
355,111,155.81,132.78,78.79,168.16,0.8619,-1,-1,-1
355,126,87.06,135.37,83.67,162.18,0.8369,-1,-1,-1
355,128,539.32,36.73,102.81,401.01,0.8924,-1,-1,-1
355,134,0.35,75.92,65.27,294.09,0.8493,-1,-1,-1
355,135,537.26,49.85,45.42,100.33,0.5611,-1,-1,-1
356,105,328.82,-1.68,230.46,472.08,0.6621,-1,-1,-1
356,2,328.86,-1.71,230.44,472.06,0.6621,-1,-1,-1
356,111,153.98,128.86,86.64,166.42,0.8628,-1,-1,-1
356,126,105.56,127.88,68.86,162.70,0.7900,-1,-1,-1
356,128,552.22,18.53,90.79,418.26,0.8952,-1,-1,-1
356,134,-1.09,48.37,77.35,315.85,0.8704,-1,-1,-1
356,135,540.16,35.43,51.01,123.74,0.2732,-1,-1,-1
357,105,327.01,-1.49,233.83,478.13,0.7511,-1,-1,-1
357,2,327.05,-1.51,233.82,478.12,0.7511,-1,-1,-1
357,111,157.43,125.90,82.32,167.16,0.8382,-1,-1,-1
357,126,120.37,125.44,59.89,161.76,0.7952,-1,-1,-1
357,128,569.42,11.61,73.71,455.92,0.7956,-1,-1,-1
357,134,-2.81,37.01,98.18,319.10,0.9116,-1,-1,-1
358,105,328.55,1.86,234.48,478.62,0.7972,-1,-1,-1
358,2,328.58,1.84,234.47,478.61,0.7972,-1,-1,-1
358,111,169.57,129.76,68.15,165.33,0.7141,-1,-1,-1
358,126,126.69,130.70,59.66,161.61,0.8413,-1,-1,-1
358,128,582.24,45.51,58.57,415.28,0.7906,-1,-1,-1
358,134,-0.83,39.39,107.25,316.13,0.9061,-1,-1,-1
358,136,535.66,21.65,76.86,371.83,0.8245,-1,-1,-1
359,105,328.83,21.25,230.07,464.49,0.8329,-1,-1,-1
359,2,328.85,21.23,230.06,464.47,0.8329,-1,-1,-1
359,111,183.50,153.81,51.80,163.84,0.7842,-1,-1,-1
359,126,122.13,158.21,70.31,157.94,0.8435,-1,-1,-1
359,128,591.68,82.24,46.49,387.84,0.7897,-1,-1,-1
359,134,0.07,70.56,104.39,311.22,0.9116,-1,-1,-1
359,136,532.70,44.03,79.90,383.10,0.8600,-1,-1,-1
360,105,332.62,28.85,228.45,453.86,0.8130,-1,-1,-1
360,2,332.65,28.83,228.44,453.85,0.8130,-1,-1,-1
360,111,193.39,161.13,43.74,164.48,0.8010,-1,-1,-1
360,126,121.91,163.31,74.10,161.88,0.8402,-1,-1,-1
360,134,0.97,80.03,100.48,311.99,0.9074,-1,-1,-1
360,136,536.20,44.55,93.99,400.95,0.8534,-1,-1,-1
361,105,332.77,19.37,228.12,455.60,0.8066,-1,-1,-1
361,2,332.79,19.35,228.12,455.59,0.8066,-1,-1,-1
361,111,190.74,156.72,46.57,164.81,0.8307,-1,-1,-1
361,126,117.93,159.96,73.02,161.24,0.8032,-1,-1,-1
361,134,-2.87,73.20,96.92,317.39,0.9181,-1,-1,-1
361,136,529.97,23.31,110.76,420.45,0.8874,-1,-1,-1
362,105,333.42,11.55,224.57,462.44,0.8221,-1,-1,-1
362,2,333.44,11.54,224.56,462.43,0.8221,-1,-1,-1
362,111,184.36,152.91,52.26,163.26,0.8650,-1,-1,-1
362,126,128.55,153.84,57.55,157.41,0.7199,-1,-1,-1
362,134,-3.49,64.20,95.35,323.35,0.8995,-1,-1,-1
362,136,526.48,2.44,116.45,441.32,0.8871,-1,-1,-1
363,105,339.41,12.72,222.52,461.93,0.8705,-1,-1,-1
363,2,339.43,12.70,222.51,461.92,0.8705,-1,-1,-1
363,111,183.38,156.78,59.01,162.43,0.8106,-1,-1,-1
363,126,138.42,155.61,50.54,155.86,0.7852,-1,-1,-1
363,134,-0.81,66.35,100.52,327.09,0.8986,-1,-1,-1
363,136,531.73,-1.86,114.49,453.42,0.8737,-1,-1,-1
363,138,99.85,174.81,45.33,135.31,0.7431,-1,-1,-1
364,105,349.33,17.91,213.23,458.37,0.8309,-1,-1,-1
364,2,349.35,17.90,213.23,458.36,0.8309,-1,-1,-1
364,111,184.89,164.03,59.91,162.90,0.8290,-1,-1,-1
364,126,146.05,163.03,48.17,156.38,0.8069,-1,-1,-1
364,134,-0.62,74.54,106.91,329.33,0.8800,-1,-1,-1
364,136,541.58,-0.50,105.33,473.05,0.8256,-1,-1,-1
364,138,95.90,180.58,46.78,137.62,0.7117,-1,-1,-1
365,105,351.29,21.70,205.23,457.51,0.8641,-1,-1,-1
365,2,351.30,21.69,205.22,457.51,0.8641,-1,-1,-1
365,111,190.21,169.09,52.73,160.75,0.8370,-1,-1,-1
365,126,144.37,168.39,51.55,156.73,0.8374,-1,-1,-1
365,134,-1.38,81.87,107.20,327.19,0.8847,-1,-1,-1
365,136,545.75,23.83,97.44,456.63,0.8246,-1,-1,-1
365,138,83.93,179.58,49.67,144.17,0.3847,-1,-1,-1
366,105,351.96,14.59,199.02,465.81,0.8087,-1,-1,-1
366,2,351.97,14.59,199.02,465.81,0.8087,-1,-1,-1
366,111,191.56,155.72,48.98,161.77,0.8535,-1,-1,-1
366,126,132.92,159.22,73.58,155.10,0.8549,-1,-1,-1
366,134,-3.95,67.87,104.36,329.24,0.8833,-1,-1,-1
366,136,566.19,22.64,75.69,459.77,0.8544,-1,-1,-1
366,138,68.05,166.55,38.98,145.99,0.1964,-1,-1,-1
367,105,359.72,10.39,199.74,468.68,0.7834,-1,-1,-1
367,2,359.73,10.39,199.74,468.68,0.7834,-1,-1,-1
367,111,201.51,147.61,49.04,160.18,0.8117,-1,-1,-1
367,126,135.99,151.68,76.34,153.29,0.8684,-1,-1,-1
367,134,0.07,60.28,111.78,326.72,0.6890,-1,-1,-1
367,136,592.47,28.84,51.20,454.28,0.4224,-1,-1,-1
367,138,66.14,156.24,36.15,147.00,0.1718,-1,-1,-1
367,135,602.03,35.46,38.09,258.40,0.6347,-1,-1,-1
368,105,370.06,13.60,203.68,462.21,0.7973,-1,-1,-1
368,2,370.07,13.59,203.68,462.20,0.7973,-1,-1,-1
368,111,213.90,147.92,53.06,160.10,0.8368,-1,-1,-1
368,126,145.07,154.49,75.16,151.12,0.8736,-1,-1,-1
368,134,4.10,64.16,120.67,324.64,0.9084,-1,-1,-1
369,105,380.77,16.27,207.33,460.14,0.7992,-1,-1,-1
369,2,380.78,16.26,207.33,460.14,0.7992,-1,-1,-1
369,111,224.03,155.13,62.42,158.64,0.8792,-1,-1,-1
369,126,159.75,160.31,71.78,150.77,0.8360,-1,-1,-1
369,134,5.54,75.24,133.13,313.47,0.9081,-1,-1,-1
370,105,377.59,25.44,169.82,445.57,0.3531,-1,-1,-1
370,2,402.36,13.35,193.11,463.40,0.7042,-1,-1,-1
370,111,222.90,160.34,67.16,156.74,0.8731,-1,-1,-1
370,126,171.03,162.54,63.96,148.79,0.8048,-1,-1,-1
370,134,1.27,78.39,138.93,307.13,0.9045,-1,-1,-1
370,139,0.03,208.36,30.34,155.55,0.4444,-1,-1,-1
371,105,378.21,12.43,214.45,463.67,0.7239,-1,-1,-1
371,2,385.86,11.02,166.89,458.91,0.3409,-1,-1,-1
371,111,223.44,159.61,67.06,156.79,0.8604,-1,-1,-1
371,126,184.11,158.27,54.75,151.49,0.8100,-1,-1,-1
371,134,-0.14,75.14,139.25,307.97,0.8933,-1,-1,-1
371,139,-0.18,215.46,39.90,155.48,0.2541,-1,-1,-1
372,105,389.56,3.65,231.56,471.32,0.7739,-1,-1,-1
372,2,392.45,2.95,217.73,470.38,0.7739,-1,-1,-1
372,111,231.45,159.22,64.44,155.39,0.8310,-1,-1,-1
372,126,194.92,158.27,52.17,151.30,0.8387,-1,-1,-1
372,134,5.93,73.84,137.78,307.99,0.8883,-1,-1,-1
372,139,1.32,176.83,42.98,198.35,0.4379,-1,-1,-1
373,105,392.93,0.36,246.21,475.73,0.7728,-1,-1,-1
373,2,394.18,0.03,240.23,475.63,0.7728,-1,-1,-1
373,111,247.22,158.17,59.58,156.28,0.8103,-1,-1,-1
373,126,206.49,159.11,54.46,150.67,0.7867,-1,-1,-1
373,134,17.48,78.59,136.94,307.50,0.8767,-1,-1,-1
373,139,2.27,131.86,42.38,247.58,0.5747,-1,-1,-1
374,105,398.12,-0.32,247.51,479.17,0.8051,-1,-1,-1
374,2,398.50,-0.45,245.42,479.17,0.8051,-1,-1,-1
374,111,264.28,158.92,50.32,156.65,0.8148,-1,-1,-1
374,126,214.21,163.45,58.61,148.25,0.8291,-1,-1,-1
374,134,25.16,83.53,137.06,309.96,0.9134,-1,-1,-1
374,139,1.55,109.62,47.72,273.47,0.8111,-1,-1,-1
374,141,187.56,221.22,20.35,49.17,0.6454,-1,-1,-1
375,105,413.05,-1.15,232.96,482.12,0.8332,-1,-1,-1
375,2,412.97,-1.19,232.56,482.09,0.8332,-1,-1,-1
375,111,273.33,157.79,46.15,157.45,0.8191,-1,-1,-1
375,126,217.13,163.74,59.88,147.76,0.8253,-1,-1,-1
375,134,28.64,80.08,132.55,317.57,0.9087,-1,-1,-1
375,139,-0.32,96.96,50.96,287.88,0.8408,-1,-1,-1
375,141,188.54,221.27,18.46,48.20,0.4491,-1,-1,-1
376,105,425.60,-0.76,220.01,483.36,0.8702,-1,-1,-1
376,2,425.40,-0.76,220.20,483.33,0.8702,-1,-1,-1
376,111,278.87,159.19,45.15,155.71,0.8111,-1,-1,-1
376,126,222.34,162.91,56.90,149.47,0.8275,-1,-1,-1
376,134,32.54,79.33,132.23,316.24,0.8994,-1,-1,-1
376,139,-1.55,91.36,58.14,293.59,0.8471,-1,-1,-1
376,141,187.81,219.63,18.56,48.52,0.4900,-1,-1,-1
377,105,448.35,11.41,195.29,471.02,0.8272,-1,-1,-1
377,2,448.08,11.43,195.70,470.98,0.8272,-1,-1,-1
377,111,281.25,160.49,46.37,154.73,0.8219,-1,-1,-1
377,126,229.24,160.42,50.64,147.36,0.8411,-1,-1,-1
377,134,34.76,74.07,136.02,316.97,0.9036,-1,-1,-1
377,139,-1.78,87.11,63.57,299.88,0.8692,-1,-1,-1
377,141,186.18,217.65,19.73,49.49,0.5297,-1,-1,-1
377,142,446.93,193.08,40.01,89.83,0.6947,-1,-1,-1
378,105,473.98,21.96,168.62,458.90,0.7825,-1,-1,-1
378,2,473.68,21.98,169.09,458.86,0.7825,-1,-1,-1
378,111,283.37,160.27,47.48,155.68,0.7887,-1,-1,-1
378,126,234.42,159.61,46.42,147.74,0.8088,-1,-1,-1
378,134,40.94,72.47,133.84,310.44,0.9042,-1,-1,-1
378,139,-2.05,86.61,66.94,302.34,0.8418,-1,-1,-1
378,141,186.25,217.05,19.17,49.14,0.4006,-1,-1,-1
378,142,449.29,193.58,39.94,91.56,0.7468,-1,-1,-1
379,105,499.18,35.03,142.33,444.89,0.8235,-1,-1,-1
379,2,498.89,35.06,142.79,444.84,0.8235,-1,-1,-1
379,111,287.45,156.71,47.39,154.89,0.8250,-1,-1,-1
379,126,237.79,158.28,44.58,147.72,0.7582,-1,-1,-1
379,134,42.78,70.42,132.04,311.26,0.9090,-1,-1,-1
379,139,-2.85,86.85,61.67,292.40,0.8316,-1,-1,-1
379,141,184.42,214.48,18.70,49.52,0.1956,-1,-1,-1
379,142,447.68,191.48,41.39,89.42,0.7359,-1,-1,-1
380,105,527.09,50.92,112.73,429.31,0.7979,-1,-1,-1
380,2,526.83,50.95,113.09,429.27,0.7979,-1,-1,-1
380,111,291.41,159.03,45.49,153.66,0.8534,-1,-1,-1
380,126,238.75,161.35,50.59,147.64,0.7777,-1,-1,-1
380,134,41.47,71.81,130.42,316.08,0.9091,-1,-1,-1
380,139,-2.43,91.67,58.12,289.07,0.8307,-1,-1,-1
380,141,177.95,217.13,20.34,50.42,0.1797,-1,-1,-1
380,142,444.96,193.41,41.16,91.13,0.7601,-1,-1,-1
381,105,549.83,73.32,89.18,406.39,0.8513,-1,-1,-1
381,2,549.64,73.35,89.43,406.34,0.8513,-1,-1,-1
381,111,293.03,161.78,45.69,154.35,0.8393,-1,-1,-1
381,126,236.39,167.76,56.40,145.45,0.8032,-1,-1,-1
381,134,38.27,75.17,128.34,321.70,0.9009,-1,-1,-1
381,139,-2.67,102.02,53.14,281.91,0.8098,-1,-1,-1
381,141,172.55,219.03,20.95,52.61,0.3532,-1,-1,-1
381,142,442.54,195.91,41.96,91.59,0.6535,-1,-1,-1
381,144,509.00,165.35,64.85,167.20,0.7993,-1,-1,-1
382,105,572.47,107.17,66.58,369.63,0.8173,-1,-1,-1
382,2,572.34,107.20,66.74,369.57,0.8173,-1,-1,-1
382,111,292.06,159.40,50.23,156.04,0.8302,-1,-1,-1
382,126,232.56,168.76,58.29,144.08,0.7873,-1,-1,-1
382,134,33.46,74.92,125.60,328.15,0.8928,-1,-1,-1
382,139,-3.18,114.12,45.17,236.23,0.7746,-1,-1,-1
382,141,167.27,218.53,19.98,51.50,0.2452,-1,-1,-1
382,142,444.75,194.47,39.35,90.63,0.5548,-1,-1,-1
382,144,508.31,163.72,74.62,171.88,0.8205,-1,-1,-1
383,105,591.88,201.08,47.33,276.99,0.6737,-1,-1,-1
383,2,591.81,201.13,47.40,276.93,0.6737,-1,-1,-1
383,111,289.76,161.24,55.81,158.52,0.8609,-1,-1,-1
383,126,228.63,171.73,59.05,144.31,0.8323,-1,-1,-1
383,134,23.78,76.13,125.69,334.88,0.9024,-1,-1,-1
383,139,-2.93,129.83,40.07,210.25,0.7275,-1,-1,-1
383,141,160.37,223.45,20.40,49.63,0.1624,-1,-1,-1
383,142,441.86,199.33,37.15,87.40,0.5170,-1,-1,-1
383,144,504.15,163.84,86.52,178.81,0.8432,-1,-1,-1
384,111,283.99,159.96,56.40,157.91,0.8820,-1,-1,-1
384,126,227.47,166.86,58.98,144.40,0.8165,-1,-1,-1
384,134,8.13,72.65,126.82,335.50,0.8992,-1,-1,-1
384,139,-3.23,162.76,28.94,161.40,0.5622,-1,-1,-1
384,141,149.99,218.74,20.25,51.54,0.2849,-1,-1,-1
384,142,433.43,195.87,41.54,87.78,0.5953,-1,-1,-1
384,144,505.60,154.31,86.44,185.76,0.8693,-1,-1,-1
385,111,283.79,159.64,55.96,157.45,0.8695,-1,-1,-1
385,126,233.39,163.49,54.09,145.16,0.8234,-1,-1,-1
385,134,1.82,68.16,126.69,334.27,0.9165,-1,-1,-1
385,141,146.48,229.11,18.71,39.71,0.2531,-1,-1,-1
385,142,431.94,194.39,42.25,86.66,0.7243,-1,-1,-1
385,144,510.68,148.98,82.78,192.28,0.8484,-1,-1,-1
386,111,283.27,157.67,54.44,157.49,0.8676,-1,-1,-1
386,126,236.15,160.48,51.33,147.98,0.8104,-1,-1,-1
386,134,-1.79,63.95,122.79,336.58,0.9177,-1,-1,-1
386,141,138.93,234.22,17.69,34.81,0.2129,-1,-1,-1
386,142,427.23,192.11,43.04,86.56,0.6965,-1,-1,-1
386,144,519.56,144.36,66.01,203.63,0.8515,-1,-1,-1
387,111,285.31,153.94,49.29,158.50,0.8400,-1,-1,-1
387,126,234.27,159.09,53.04,148.56,0.8194,-1,-1,-1
387,134,-3.16,58.47,119.04,346.09,0.9154,-1,-1,-1
387,142,421.02,190.77,42.20,86.81,0.6863,-1,-1,-1
387,144,522.12,138.32,67.89,217.96,0.8725,-1,-1,-1
388,111,287.57,154.71,45.57,159.40,0.8041,-1,-1,-1
388,126,234.54,162.32,51.98,147.20,0.8593,-1,-1,-1
388,134,-1.99,57.14,113.26,354.61,0.9080,-1,-1,-1
388,142,417.54,190.76,40.64,88.68,0.5969,-1,-1,-1
388,144,522.59,135.95,69.38,228.77,0.8617,-1,-1,-1
389,111,284.75,162.02,45.37,159.31,0.7678,-1,-1,-1
389,126,229.72,170.24,52.49,144.90,0.8683,-1,-1,-1
389,134,-2.46,60.37,108.16,357.38,0.9008,-1,-1,-1
389,142,414.03,196.52,37.60,87.92,0.4211,-1,-1,-1
389,144,522.83,136.76,72.41,241.50,0.8784,-1,-1,-1
390,111,277.47,161.71,49.59,156.01,0.8280,-1,-1,-1
390,126,223.25,167.36,53.54,147.70,0.8404,-1,-1,-1
390,134,-2.93,57.72,98.59,347.76,0.8814,-1,-1,-1
390,142,404.78,194.32,38.40,86.18,0.6970,-1,-1,-1
390,144,519.92,127.35,75.12,252.64,0.8743,-1,-1,-1
390,141,101.39,221.30,21.45,51.71,0.3763,-1,-1,-1
391,111,269.00,161.87,49.13,154.25,0.7898,-1,-1,-1
391,126,215.96,164.67,51.01,144.61,0.8556,-1,-1,-1
391,134,-3.16,81.42,83.65,323.22,0.8843,-1,-1,-1
391,142,395.40,192.10,36.64,84.57,0.6724,-1,-1,-1
391,144,508.91,116.58,91.80,265.36,0.8818,-1,-1,-1
391,141,87.69,217.24,23.48,55.62,0.2108,-1,-1,-1
392,111,264.51,158.59,49.91,156.57,0.7478,-1,-1,-1
392,126,213.35,161.95,48.20,145.03,0.8309,-1,-1,-1
392,134,-1.42,92.12,68.25,314.88,0.8572,-1,-1,-1
392,142,388.58,192.07,36.49,80.23,0.7531,-1,-1,-1
392,144,501.85,109.19,110.96,275.50,0.8902,-1,-1,-1
392,141,76.26,218.48,23.90,54.47,0.3590,-1,-1,-1
392,151,350.19,217.23,13.33,32.90,0.3847,-1,-1,-1
393,111,260.09,162.99,51.91,154.32,0.8070,-1,-1,-1
393,126,210.25,164.58,46.67,148.20,0.8187,-1,-1,-1
393,134,-0.62,101.84,54.09,311.11,0.7830,-1,-1,-1
393,142,382.92,196.29,36.86,81.59,0.7256,-1,-1,-1
393,144,494.42,107.06,136.92,296.87,0.9025,-1,-1,-1
393,151,342.52,219.90,13.01,33.78,0.4785,-1,-1,-1
394,111,261.74,162.34,51.29,154.02,0.7965,-1,-1,-1
394,126,212.63,165.00,45.87,149.36,0.8241,-1,-1,-1
394,134,1.31,104.57,61.97,311.49,0.6983,-1,-1,-1
394,142,383.09,196.24,37.17,82.45,0.7381,-1,-1,-1
394,144,494.83,103.25,145.80,311.21,0.9113,-1,-1,-1
394,151,342.32,220.83,12.57,33.59,0.3726,-1,-1,-1
395,111,256.21,158.83,51.15,154.63,0.8398,-1,-1,-1
395,126,208.18,161.57,49.99,149.91,0.8530,-1,-1,-1
395,134,-0.28,103.71,42.12,253.28,0.6574,-1,-1,-1
395,142,377.68,193.16,36.95,83.43,0.7642,-1,-1,-1
395,144,489.36,94.22,152.95,332.02,0.9143,-1,-1,-1
395,151,335.69,218.51,11.92,33.08,0.2934,-1,-1,-1
395,141,54.91,214.83,24.00,59.13,0.5396,-1,-1,-1
396,111,253.91,161.21,49.13,155.29,0.8374,-1,-1,-1
396,126,204.24,165.68,54.59,149.97,0.8394,-1,-1,-1
396,134,-0.19,110.02,26.86,228.64,0.6885,-1,-1,-1
396,142,373.48,196.87,35.92,82.72,0.7303,-1,-1,-1
396,144,488.43,88.88,155.54,356.16,0.9193,-1,-1,-1
396,151,330.69,220.46,12.55,33.46,0.1815,-1,-1,-1
396,141,45.41,221.46,23.53,54.11,0.2525,-1,-1,-1
397,111,253.79,164.55,48.04,155.15,0.8374,-1,-1,-1
397,126,200.49,168.88,54.63,148.43,0.8517,-1,-1,-1
397,142,370.72,199.97,32.83,81.13,0.4884,-1,-1,-1
397,144,491.94,79.79,152.68,381.76,0.9147,-1,-1,-1
397,151,326.05,219.50,13.61,37.04,0.2995,-1,-1,-1
398,111,254.33,168.09,47.58,154.76,0.8323,-1,-1,-1
398,126,199.83,172.25,53.42,147.47,0.8327,-1,-1,-1
398,142,369.88,201.84,32.77,80.45,0.5843,-1,-1,-1
398,144,505.96,65.32,141.21,406.52,0.8971,-1,-1,-1
398,151,323.99,219.46,13.52,38.26,0.4330,-1,-1,-1
399,111,253.67,166.12,49.11,155.25,0.8187,-1,-1,-1
399,126,200.29,170.06,52.67,147.40,0.8106,-1,-1,-1
399,142,368.77,197.36,34.81,82.70,0.5757,-1,-1,-1
399,144,518.55,44.63,128.81,434.17,0.8850,-1,-1,-1
399,151,322.11,219.17,14.51,36.42,0.3617,-1,-1,-1
399,141,27.11,222.44,24.58,57.47,0.4439,-1,-1,-1
400,111,251.45,164.55,48.85,153.70,0.8585,-1,-1,-1
400,126,203.57,165.70,47.11,147.96,0.8166,-1,-1,-1
400,142,365.12,195.49,33.27,83.86,0.7025,-1,-1,-1
400,144,535.14,27.84,110.12,456.24,0.8500,-1,-1,-1
400,151,317.18,217.93,13.93,36.07,0.3484,-1,-1,-1
400,141,18.96,219.61,23.44,57.30,0.2827,-1,-1,-1
401,111,248.55,164.73,48.50,151.58,0.8305,-1,-1,-1
401,126,199.99,164.53,50.01,147.89,0.8371,-1,-1,-1
401,142,359.71,198.20,32.55,82.26,0.4779,-1,-1,-1
401,144,557.35,24.16,85.41,462.93,0.8553,-1,-1,-1
401,151,309.77,221.44,14.05,34.15,0.2438,-1,-1,-1
401,141,6.36,218.07,25.27,58.23,0.2455,-1,-1,-1
402,111,246.22,160.96,46.80,150.38,0.8264,-1,-1,-1
402,126,197.08,160.98,50.50,148.77,0.8397,-1,-1,-1
402,142,354.02,198.68,34.32,78.30,0.2651,-1,-1,-1
402,144,580.33,55.37,62.95,429.94,0.8286,-1,-1,-1
402,151,305.62,216.79,13.38,35.79,0.2194,-1,-1,-1
403,111,245.55,165.66,49.19,148.46,0.8472,-1,-1,-1
403,126,198.18,164.58,50.06,147.53,0.8566,-1,-1,-1
403,142,352.26,195.66,34.32,82.29,0.4307,-1,-1,-1
403,144,597.55,86.40,43.84,395.51,0.4073,-1,-1,-1
403,151,304.84,219.48,12.87,34.14,0.2908,-1,-1,-1
404,111,244.67,166.01,50.76,148.56,0.8151,-1,-1,-1
404,126,198.39,166.20,48.77,145.60,0.8520,-1,-1,-1
404,142,350.41,193.92,34.39,81.85,0.5316,-1,-1,-1
405,111,244.19,165.09,51.06,147.84,0.8253,-1,-1,-1
405,126,196.42,166.71,50.28,143.46,0.8552,-1,-1,-1
405,142,348.04,193.21,32.39,80.03,0.5738,-1,-1,-1
405,151,300.18,216.11,13.84,34.08,0.3748,-1,-1,-1
406,111,244.26,164.89,49.48,145.05,0.8270,-1,-1,-1
406,126,195.61,166.20,51.47,140.55,0.8374,-1,-1,-1
406,142,346.76,192.08,32.44,81.15,0.6693,-1,-1,-1
406,151,298.77,213.39,14.42,36.61,0.2718,-1,-1,-1
407,111,247.35,161.25,47.31,143.91,0.8036,-1,-1,-1
407,126,195.60,161.09,50.68,141.94,0.8291,-1,-1,-1
407,142,346.15,191.47,31.53,79.55,0.6988,-1,-1,-1
408,111,249.78,159.38,46.02,143.62,0.8270,-1,-1,-1
408,126,197.76,156.81,47.38,145.06,0.8224,-1,-1,-1
408,142,345.47,191.02,31.96,78.39,0.7892,-1,-1,-1
409,111,249.71,157.00,46.13,144.14,0.8139,-1,-1,-1
409,126,197.05,155.40,46.29,144.57,0.8380,-1,-1,-1
409,142,344.96,187.74,32.83,79.09,0.7920,-1,-1,-1
410,111,246.53,157.38,46.68,144.92,0.8263,-1,-1,-1
410,126,192.02,157.71,47.82,143.00,0.8357,-1,-1,-1
410,142,339.30,185.59,34.06,80.04,0.5618,-1,-1,-1
411,111,242.81,157.82,45.19,144.89,0.8174,-1,-1,-1
411,126,185.18,158.38,50.31,140.31,0.8484,-1,-1,-1
411,142,334.22,187.90,33.89,76.46,0.3807,-1,-1,-1
411,155,334.10,187.92,18.91,71.09,0.4329,-1,-1,-1
412,111,238.41,161.35,45.45,142.81,0.8006,-1,-1,-1
412,126,182.55,162.05,46.32,139.89,0.8242,-1,-1,-1
412,142,328.02,189.07,33.38,76.87,0.6980,-1,-1,-1
412,155,328.16,189.01,29.91,76.24,0.6980,-1,-1,-1
413,111,236.46,159.75,46.58,142.25,0.7735,-1,-1,-1
413,126,182.55,161.46,44.44,139.50,0.8218,-1,-1,-1
413,142,325.09,187.52,33.66,76.59,0.5353,-1,-1,-1
413,155,325.29,187.42,34.34,77.27,0.5353,-1,-1,-1
414,111,233.53,162.45,46.60,139.99,0.7851,-1,-1,-1
414,126,178.97,161.99,47.10,139.53,0.8274,-1,-1,-1
414,142,318.53,188.56,35.77,76.50,0.6139,-1,-1,-1
414,155,318.84,188.48,37.95,77.38,0.6139,-1,-1,-1
415,111,227.95,160.90,45.67,139.98,0.8078,-1,-1,-1
415,126,173.33,160.69,47.77,139.68,0.8280,-1,-1,-1
415,142,311.63,190.73,33.91,74.62,0.4624,-1,-1,-1
415,155,311.83,190.83,36.50,75.33,0.4624,-1,-1,-1
415,156,549.05,145.07,89.55,274.52,0.8510,-1,-1,-1
416,111,222.43,164.69,45.93,138.99,0.7812,-1,-1,-1
416,126,169.75,162.61,49.64,138.81,0.8229,-1,-1,-1
416,142,304.74,194.77,29.96,72.84,0.3433,-1,-1,-1
416,155,304.93,194.91,32.36,73.36,0.3433,-1,-1,-1
416,156,543.78,107.20,94.63,318.94,0.8902,-1,-1,-1
417,111,219.64,169.01,43.66,137.59,0.7349,-1,-1,-1
417,126,168.88,164.18,49.12,139.61,0.8350,-1,-1,-1
417,142,300.96,194.53,30.75,75.72,0.6708,-1,-1,-1
417,155,301.11,194.53,32.52,76.30,0.6708,-1,-1,-1
417,156,543.76,56.67,95.62,377.03,0.8590,-1,-1,-1
418,111,213.24,166.42,49.32,135.97,0.8219,-1,-1,-1
418,126,167.02,162.22,49.04,137.72,0.8470,-1,-1,-1
418,142,297.37,191.99,31.16,73.54,0.6015,-1,-1,-1
418,155,297.50,192.07,32.78,73.94,0.6015,-1,-1,-1
418,156,543.20,25.06,97.81,407.61,0.8707,-1,-1,-1
419,111,210.66,168.83,49.54,134.46,0.8022,-1,-1,-1
419,126,165.40,165.72,49.52,135.30,0.8383,-1,-1,-1
419,142,294.60,192.08,31.48,74.38,0.7495,-1,-1,-1
419,155,294.69,192.15,32.83,74.74,0.7495,-1,-1,-1
419,156,529.87,16.18,109.44,419.82,0.8962,-1,-1,-1
420,111,207.44,168.01,45.89,132.62,0.7918,-1,-1,-1
420,126,160.58,165.32,48.96,134.56,0.8040,-1,-1,-1
420,142,287.58,192.06,31.84,71.40,0.7502,-1,-1,-1
420,155,287.63,192.16,32.95,71.71,0.7502,-1,-1,-1
420,156,502.24,12.45,133.58,429.87,0.9184,-1,-1,-1
421,111,202.43,167.71,43.55,129.67,0.7576,-1,-1,-1
421,126,153.97,166.49,47.68,130.77,0.8403,-1,-1,-1
421,142,280.02,191.69,32.05,72.86,0.8139,-1,-1,-1
421,155,280.06,191.78,33.02,73.15,0.8139,-1,-1,-1
421,156,479.23,15.71,155.96,432.34,0.9189,-1,-1,-1
422,111,199.45,164.58,42.52,130.82,0.7860,-1,-1,-1
422,126,151.80,164.27,46.48,130.31,0.8325,-1,-1,-1
422,142,276.81,190.25,30.96,73.73,0.7362,-1,-1,-1
422,155,276.84,190.33,31.80,74.01,0.7362,-1,-1,-1
422,156,466.29,20.73,168.87,429.09,0.9190,-1,-1,-1
423,111,195.62,160.77,41.98,130.99,0.7961,-1,-1,-1
423,126,147.33,160.85,46.16,132.22,0.8230,-1,-1,-1
423,142,271.41,189.76,30.67,72.21,0.6321,-1,-1,-1
423,155,271.45,189.83,31.37,72.46,0.6321,-1,-1,-1
423,156,455.73,26.11,174.96,426.94,0.9169,-1,-1,-1
424,111,193.05,161.19,40.39,130.76,0.7995,-1,-1,-1
424,126,142.89,160.08,45.07,133.48,0.8041,-1,-1,-1
424,142,266.19,188.30,29.87,73.56,0.7524,-1,-1,-1
424,155,266.23,188.36,30.47,73.79,0.7524,-1,-1,-1
424,156,442.95,34.29,179.77,420.16,0.8874,-1,-1,-1
425,111,185.82,159.77,40.31,131.51,0.7891,-1,-1,-1
425,126,135.43,160.08,45.58,131.87,0.8080,-1,-1,-1
425,142,258.46,186.25,29.81,73.13,0.7067,-1,-1,-1
425,155,258.49,186.30,30.32,73.33,0.7067,-1,-1,-1
425,156,428.00,38.64,183.34,412.20,0.8982,-1,-1,-1
426,111,183.27,159.07,39.24,130.04,0.7942,-1,-1,-1
426,126,131.34,158.50,47.72,131.47,0.7797,-1,-1,-1
426,142,254.77,183.74,28.80,73.02,0.6917,-1,-1,-1
426,155,254.81,183.78,29.26,73.20,0.6917,-1,-1,-1
426,156,418.59,41.18,187.06,405.98,0.8714,-1,-1,-1
427,111,177.10,156.80,42.35,129.99,0.7677,-1,-1,-1
427,126,124.57,157.57,49.07,130.11,0.7878,-1,-1,-1
427,142,248.37,179.47,27.99,74.97,0.7293,-1,-1,-1
427,155,248.40,179.50,28.37,75.14,0.7293,-1,-1,-1
427,156,408.17,40.90,169.85,401.59,0.8805,-1,-1,-1
428,111,173.93,152.84,41.92,129.61,0.7951,-1,-1,-1
428,126,119.82,156.68,50.62,128.62,0.8164,-1,-1,-1
428,142,241.58,178.39,28.64,73.72,0.6692,-1,-1,-1
428,155,241.63,178.42,28.96,73.88,0.6692,-1,-1,-1
428,156,403.23,39.50,145.04,387.53,0.9019,-1,-1,-1
428,157,563.06,15.88,74.44,440.01,0.8488,-1,-1,-1
429,111,170.35,152.22,42.37,129.16,0.7995,-1,-1,-1
429,126,116.09,155.99,49.34,127.49,0.7956,-1,-1,-1
429,142,234.96,178.66,28.20,74.11,0.7573,-1,-1,-1
429,155,235.00,178.68,28.49,74.25,0.7573,-1,-1,-1
429,156,397.38,41.52,124.34,368.27,0.9053,-1,-1,-1
430,111,166.33,153.23,41.84,128.05,0.7857,-1,-1,-1
430,126,112.12,155.15,50.05,126.84,0.8183,-1,-1,-1
430,142,229.30,181.06,27.40,72.33,0.5701,-1,-1,-1
430,155,229.34,181.08,27.65,72.46,0.5701,-1,-1,-1
430,156,372.85,46.49,127.17,357.53,0.8954,-1,-1,-1
430,158,415.01,1.07,222.55,477.94,0.8966,-1,-1,-1
431,111,164.06,153.17,43.18,125.21,0.7836,-1,-1,-1
431,126,109.63,152.55,50.76,125.69,0.7936,-1,-1,-1
431,142,223.59,178.92,29.27,71.71,0.7437,-1,-1,-1
431,155,223.62,178.95,29.47,71.82,0.7437,-1,-1,-1
431,156,348.81,49.62,135.51,347.07,0.8956,-1,-1,-1
431,158,391.34,0.99,242.14,475.96,0.8793,-1,-1,-1
432,111,161.71,154.90,42.29,122.19,0.6763,-1,-1,-1
432,126,108.21,152.03,51.64,124.59,0.8176,-1,-1,-1
432,142,220.87,174.99,30.01,74.56,0.7562,-1,-1,-1
432,155,220.89,175.01,30.21,74.64,0.7562,-1,-1,-1
432,156,336.16,51.30,130.38,323.52,0.8705,-1,-1,-1
432,158,402.75,-0.18,234.29,475.17,0.8882,-1,-1,-1
432,159,0.19,131.22,58.56,197.77,0.6872,-1,-1,-1
433,111,158.26,154.77,42.14,121.77,0.7057,-1,-1,-1
433,126,107.25,153.84,51.03,122.68,0.8292,-1,-1,-1
433,142,217.75,175.71,30.27,73.19,0.8186,-1,-1,-1
433,155,217.76,175.72,30.44,73.27,0.8186,-1,-1,-1
433,156,330.83,55.42,112.90,312.97,0.8564,-1,-1,-1
433,158,406.12,1.18,229.41,474.58,0.8541,-1,-1,-1
433,159,1.57,109.48,67.49,239.70,0.6654,-1,-1,-1
434,111,154.80,155.86,41.59,119.11,0.7954,-1,-1,-1
434,126,102.74,157.60,50.48,118.42,0.8360,-1,-1,-1
434,142,210.85,174.65,30.79,73.43,0.7612,-1,-1,-1
434,155,210.87,174.65,30.95,73.48,0.7612,-1,-1,-1
434,156,321.44,60.67,95.81,303.58,0.7951,-1,-1,-1
434,158,383.47,3.19,197.99,466.36,0.7953,-1,-1,-1
434,159,2.34,77.43,75.39,280.23,0.6240,-1,-1,-1
435,111,151.05,152.08,40.86,119.14,0.7763,-1,-1,-1
435,126,97.20,153.59,51.22,120.88,0.8350,-1,-1,-1
435,142,207.23,174.22,30.55,72.51,0.6603,-1,-1,-1
435,155,207.24,174.22,30.69,72.55,0.6603,-1,-1,-1
435,156,312.01,83.49,74.92,283.63,0.7105,-1,-1,-1
435,158,353.75,-0.66,174.81,474.91,0.8553,-1,-1,-1
435,159,-0.73,57.28,78.25,303.98,0.5672,-1,-1,-1
436,111,149.14,148.35,39.61,118.84,0.7939,-1,-1,-1
436,126,93.21,150.65,47.35,120.20,0.8046,-1,-1,-1
436,142,203.68,172.90,28.29,71.94,0.6917,-1,-1,-1
436,155,203.69,172.91,28.39,72.00,0.6917,-1,-1,-1
436,158,310.59,3.89,178.07,473.93,0.8962,-1,-1,-1
436,159,1.42,52.93,76.56,294.47,0.1885,-1,-1,-1
437,111,144.94,149.26,41.08,119.79,0.7413,-1,-1,-1
437,126,86.68,149.56,46.72,121.51,0.8180,-1,-1,-1
437,158,262.86,1.26,208.71,480.33,0.9259,-1,-1,-1
437,159,-3.15,54.89,76.90,286.20,0.3907,-1,-1,-1
438,111,82.17,154.33,47.13,122.69,0.8289,-1,-1,-1
438,158,195.78,-3.46,263.05,499.16,0.9044,-1,-1,-1
438,164,144.43,155.71,40.72,112.65,0.7584,-1,-1,-1
438,165,556.30,67.85,77.66,340.53,0.8625,-1,-1,-1
439,111,77.10,150.29,47.17,123.32,0.8399,-1,-1,-1
439,158,178.65,-1.93,275.20,493.38,0.8629,-1,-1,-1
439,164,138.90,151.41,38.98,117.63,0.8131,-1,-1,-1
439,165,535.22,75.10,98.74,330.66,0.8993,-1,-1,-1
439,167,-3.08,75.22,71.59,291.47,0.3915,-1,-1,-1
439,168,384.17,135.34,49.00,174.31,0.6429,-1,-1,-1
440,158,110.37,-3.66,316.31,493.06,0.8435,-1,-1,-1
440,165,522.93,77.28,112.24,331.17,0.9120,-1,-1,-1
440,167,-4.15,56.40,70.13,339.24,0.6913,-1,-1,-1
440,168,371.20,135.51,53.70,178.51,0.7039,-1,-1,-1
441,158,31.97,-4.97,302.13,495.81,0.8618,-1,-1,-1
441,165,524.14,80.06,113.71,333.44,0.8889,-1,-1,-1
441,168,367.83,136.95,53.13,180.37,0.7123,-1,-1,-1
441,169,281.75,64.04,106.42,311.77,0.7949,-1,-1,-1
442,158,3.72,-5.16,267.60,491.48,0.7010,-1,-1,-1
442,165,530.32,79.50,103.26,323.34,0.8630,-1,-1,-1
442,168,366.64,136.88,51.12,179.41,0.7610,-1,-1,-1
442,169,263.62,65.43,119.53,326.49,0.8811,-1,-1,-1
443,158,-8.96,-4.70,227.63,488.51,0.7432,-1,-1,-1
443,165,523.88,77.29,102.33,314.53,0.7492,-1,-1,-1
443,168,364.12,133.62,48.36,179.70,0.7380,-1,-1,-1
443,169,253.19,62.26,123.33,335.29,0.8875,-1,-1,-1
443,171,608.65,83.60,30.79,230.94,0.4616,-1,-1,-1
444,165,536.31,79.06,77.98,316.29,0.3453,-1,-1,-1
444,168,359.59,135.49,47.46,180.15,0.7314,-1,-1,-1
444,169,247.88,63.30,121.32,328.66,0.8924,-1,-1,-1
444,173,585.39,86.23,53.20,293.17,0.4115,-1,-1,-1
445,165,533.71,81.13,80.33,319.07,0.5221,-1,-1,-1
445,168,357.24,137.79,50.11,180.43,0.7980,-1,-1,-1
445,169,245.14,61.83,119.83,323.99,0.8938,-1,-1,-1
445,173,590.70,87.26,49.35,270.72,0.6837,-1,-1,-1
445,175,141.49,156.35,39.17,117.13,0.7748,-1,-1,-1
446,165,484.47,86.57,135.22,308.52,0.8932,-1,-1,-1
446,168,348.06,139.66,59.25,176.72,0.7749,-1,-1,-1
446,169,245.42,60.78,113.57,319.04,0.8979,-1,-1,-1
446,173,583.97,78.18,55.05,285.54,0.8482,-1,-1,-1
446,175,145.71,156.68,40.46,114.75,0.7493,-1,-1,-1
446,178,95.26,153.16,43.21,118.55,0.8076,-1,-1,-1
446,179,192.31,177.39,29.25,71.68,0.6207,-1,-1,-1
447,165,471.71,89.08,151.74,308.87,0.8471,-1,-1,-1
447,168,343.50,143.45,63.32,176.60,0.7894,-1,-1,-1
447,169,240.76,61.90,111.38,323.14,0.8948,-1,-1,-1
447,173,576.99,81.58,61.16,286.54,0.8190,-1,-1,-1
447,175,147.82,159.57,41.82,113.64,0.7083,-1,-1,-1
447,178,96.74,154.09,46.12,118.69,0.7883,-1,-1,-1
447,179,193.52,179.93,29.94,70.50,0.5503,-1,-1,-1
447,180,0.94,0.38,101.58,308.73,0.7402,-1,-1,-1
448,165,468.00,86.68,141.42,307.52,0.8570,-1,-1,-1
448,168,342.87,141.97,62.96,177.78,0.7880,-1,-1,-1
448,169,237.49,61.27,108.45,326.52,0.8920,-1,-1,-1
448,173,572.99,81.90,64.63,289.72,0.8024,-1,-1,-1
448,175,148.69,157.79,41.73,113.36,0.7693,-1,-1,-1
448,178,98.52,152.13,47.39,117.61,0.8173,-1,-1,-1
448,179,193.06,180.57,32.23,68.99,0.5859,-1,-1,-1
448,180,1.21,-0.63,104.24,436.32,0.8845,-1,-1,-1
449,165,476.38,86.30,117.39,303.37,0.8424,-1,-1,-1
449,168,344.14,143.29,63.27,177.64,0.7877,-1,-1,-1
449,169,239.91,65.44,104.28,328.75,0.8941,-1,-1,-1
449,173,558.19,87.33,82.04,292.45,0.5436,-1,-1,-1
449,175,151.20,159.21,39.22,112.88,0.7932,-1,-1,-1
449,178,103.00,156.95,47.06,114.37,0.8282,-1,-1,-1
449,179,196.61,183.12,32.97,69.31,0.6082,-1,-1,-1
449,180,0.63,0.55,110.34,482.37,0.8934,-1,-1,-1
450,165,491.13,83.27,107.66,308.69,0.8298,-1,-1,-1
450,168,353.51,140.38,60.07,176.46,0.8353,-1,-1,-1
450,169,243.67,66.54,103.01,327.37,0.8901,-1,-1,-1
450,173,552.37,87.16,90.56,277.82,0.5569,-1,-1,-1
450,175,159.85,158.55,38.02,112.47,0.8061,-1,-1,-1
450,178,113.17,158.49,46.12,113.64,0.7857,-1,-1,-1
450,179,205.07,182.79,32.70,69.91,0.6944,-1,-1,-1
450,180,1.69,0.30,119.61,497.30,0.8712,-1,-1,-1
450,181,576.32,86.94,64.24,265.79,0.5017,-1,-1,-1
451,165,488.88,85.37,112.63,313.02,0.8499,-1,-1,-1
451,168,358.66,140.55,59.57,177.32,0.8255,-1,-1,-1
451,169,237.54,67.12,112.29,328.57,0.8778,-1,-1,-1
451,173,553.23,88.97,89.73,277.87,0.6900,-1,-1,-1
451,175,165.43,160.83,38.85,111.82,0.7897,-1,-1,-1
451,178,120.20,160.54,44.42,113.17,0.8022,-1,-1,-1
451,179,209.36,184.17,31.64,69.65,0.5822,-1,-1,-1
451,180,0.80,3.44,128.26,497.66,0.9075,-1,-1,-1
451,181,579.30,91.63,61.17,253.71,0.2972,-1,-1,-1
452,165,481.47,87.31,128.43,316.97,0.8440,-1,-1,-1
452,168,360.98,139.54,61.30,179.69,0.7612,-1,-1,-1
452,169,229.75,63.95,121.09,325.49,0.8977,-1,-1,-1
452,173,557.21,88.52,86.52,284.71,0.2458,-1,-1,-1
452,175,174.10,160.78,37.21,112.33,0.8049,-1,-1,-1
452,178,130.19,159.36,42.93,112.81,0.8057,-1,-1,-1
452,180,1.11,4.07,135.65,494.46,0.9111,-1,-1,-1
452,181,580.53,87.30,60.29,269.91,0.6919,-1,-1,-1
453,165,483.97,84.41,134.24,321.43,0.8522,-1,-1,-1
453,168,363.26,138.05,68.94,179.90,0.7731,-1,-1,-1
453,169,232.00,57.25,124.90,326.04,0.8821,-1,-1,-1
453,173,573.14,79.96,71.00,294.15,0.7390,-1,-1,-1
453,175,182.79,160.26,35.57,111.13,0.7899,-1,-1,-1
453,178,139.16,157.58,42.10,111.88,0.8193,-1,-1,-1
453,180,1.38,3.17,147.48,491.12,0.9064,-1,-1,-1
453,181,582.25,78.99,58.78,292.05,0.7390,-1,-1,-1
454,165,496.23,85.75,125.90,326.49,0.8655,-1,-1,-1
454,168,370.97,143.46,71.52,180.57,0.8144,-1,-1,-1
454,169,239.11,59.98,127.06,329.60,0.9030,-1,-1,-1
454,173,585.06,81.63,58.39,300.62,0.7580,-1,-1,-1
454,175,192.38,164.25,35.29,111.53,0.8002,-1,-1,-1
454,178,150.52,160.30,39.11,113.32,0.7884,-1,-1,-1
454,180,1.89,5.61,157.89,487.55,0.9140,-1,-1,-1
454,181,588.12,81.07,52.74,302.40,0.7580,-1,-1,-1
455,165,502.39,79.05,113.10,320.51,0.8730,-1,-1,-1
455,168,377.49,140.14,71.23,182.47,0.8280,-1,-1,-1
455,169,250.53,57.73,122.77,336.95,0.8962,-1,-1,-1
455,173,575.95,80.26,66.20,307.07,0.7522,-1,-1,-1
455,175,198.73,161.75,37.87,110.75,0.7636,-1,-1,-1
455,178,159.75,158.99,37.75,111.10,0.8077,-1,-1,-1
455,180,1.66,0.78,168.29,488.64,0.8870,-1,-1,-1
455,181,576.01,80.01,64.14,309.77,0.7522,-1,-1,-1
456,165,503.57,79.88,107.43,319.77,0.8724,-1,-1,-1
456,168,381.65,140.91,69.78,185.10,0.7730,-1,-1,-1
456,169,257.60,61.13,120.30,341.01,0.8837,-1,-1,-1
456,173,582.36,82.76,59.19,292.95,0.7747,-1,-1,-1
456,175,205.32,162.39,38.03,110.94,0.7777,-1,-1,-1
456,178,168.44,161.92,34.04,108.45,0.6906,-1,-1,-1
456,180,0.99,1.68,177.91,485.65,0.8859,-1,-1,-1
456,181,581.80,82.52,57.71,295.30,0.7747,-1,-1,-1
457,165,489.27,85.06,124.97,324.16,0.8824,-1,-1,-1
457,168,389.13,142.56,66.45,184.27,0.7403,-1,-1,-1
457,169,265.76,65.79,121.23,347.17,0.8820,-1,-1,-1
457,173,597.16,86.68,45.13,291.75,0.7489,-1,-1,-1
457,175,214.36,165.00,37.35,110.66,0.7629,-1,-1,-1
457,178,178.93,166.93,33.99,106.52,0.7369,-1,-1,-1
457,180,3.06,6.67,189.62,478.53,0.8834,-1,-1,-1
457,181,596.75,86.59,43.84,293.67,0.7489,-1,-1,-1
458,165,479.88,84.07,141.70,328.52,0.8931,-1,-1,-1
458,168,393.72,138.29,62.46,184.85,0.8172,-1,-1,-1
458,169,271.97,62.65,120.85,349.73,0.8836,-1,-1,-1
458,173,605.57,80.49,35.34,299.65,0.7271,-1,-1,-1
458,175,223.35,161.91,34.88,110.36,0.7652,-1,-1,-1
458,178,187.81,164.05,31.99,104.98,0.5365,-1,-1,-1
458,180,11.81,3.29,191.92,478.72,0.8728,-1,-1,-1
458,181,605.35,80.33,34.50,301.31,0.7271,-1,-1,-1
459,165,483.69,90.11,150.22,331.82,0.8957,-1,-1,-1
459,168,400.76,144.04,61.18,186.22,0.7877,-1,-1,-1
459,169,275.56,68.33,123.91,353.72,0.8803,-1,-1,-1
459,173,604.11,85.00,36.28,292.47,0.6143,-1,-1,-1
459,175,232.79,168.92,32.61,109.27,0.7598,-1,-1,-1
459,180,31.09,7.42,191.72,477.15,0.8384,-1,-1,-1
459,181,603.85,84.87,35.81,293.98,0.6143,-1,-1,-1
459,179,272.41,194.41,20.80,66.08,0.3523,-1,-1,-1
460,165,488.71,87.74,148.97,338.11,0.8785,-1,-1,-1
460,168,401.66,143.29,61.56,188.28,0.7968,-1,-1,-1
460,169,274.30,65.50,128.77,355.78,0.8956,-1,-1,-1
460,173,605.09,79.91,34.51,301.24,0.6389,-1,-1,-1
460,175,235.28,167.65,31.89,109.34,0.7276,-1,-1,-1
460,180,36.09,3.55,195.39,481.06,0.8570,-1,-1,-1
460,181,604.86,79.79,34.10,302.54,0.6389,-1,-1,-1
461,165,503.42,81.58,122.09,327.51,0.8676,-1,-1,-1
461,168,405.89,141.28,59.93,190.68,0.8031,-1,-1,-1
461,169,277.15,58.10,131.38,349.49,0.9053,-1,-1,-1
461,173,602.50,76.26,37.98,304.86,0.6705,-1,-1,-1
461,175,241.42,165.18,31.60,109.66,0.7184,-1,-1,-1
461,180,45.89,0.54,196.08,483.05,0.8820,-1,-1,-1
461,181,602.27,76.15,37.67,306.17,0.6705,-1,-1,-1
462,165,510.00,81.73,109.32,329.45,0.8476,-1,-1,-1
462,168,404.87,143.92,62.01,192.51,0.8332,-1,-1,-1
462,169,278.61,57.69,128.97,347.14,0.8935,-1,-1,-1
462,173,592.74,79.24,46.69,301.23,0.7029,-1,-1,-1
462,175,242.34,166.54,35.14,111.12,0.7214,-1,-1,-1
462,180,49.98,1.20,194.63,481.16,0.8680,-1,-1,-1
462,181,592.52,79.11,46.43,302.42,0.7029,-1,-1,-1
463,165,504.11,88.71,119.79,333.01,0.8842,-1,-1,-1
463,168,407.26,147.96,56.55,194.62,0.8211,-1,-1,-1
463,169,279.55,61.43,123.94,349.66,0.8942,-1,-1,-1
463,173,585.52,87.07,52.14,297.26,0.6667,-1,-1,-1
463,175,243.40,168.45,34.65,111.58,0.7093,-1,-1,-1
463,180,51.85,5.16,196.44,479.56,0.8515,-1,-1,-1
463,181,585.32,86.99,51.88,298.26,0.6667,-1,-1,-1
464,165,487.79,88.89,136.39,336.79,0.8728,-1,-1,-1
464,168,406.27,145.98,55.16,193.94,0.7832,-1,-1,-1
464,169,280.12,58.60,115.87,355.75,0.8840,-1,-1,-1
464,173,585.42,87.69,50.91,297.35,0.7477,-1,-1,-1
464,175,241.96,168.50,33.50,109.47,0.7386,-1,-1,-1
464,180,49.12,0.92,197.19,482.34,0.8767,-1,-1,-1
464,181,585.28,87.63,50.66,298.16,0.7477,-1,-1,-1
465,165,477.99,89.54,142.95,337.19,0.8836,-1,-1,-1
465,168,406.17,142.91,55.40,191.64,0.7477,-1,-1,-1
465,169,281.38,56.27,108.68,360.77,0.8801,-1,-1,-1
465,173,587.38,85.95,49.22,305.02,0.7925,-1,-1,-1
465,175,240.29,169.02,34.39,106.77,0.7137,-1,-1,-1
465,180,46.93,-0.31,197.97,482.98,0.8873,-1,-1,-1
465,181,587.27,85.93,49.00,305.73,0.7925,-1,-1,-1
466,165,477.40,89.63,136.38,339.11,0.8834,-1,-1,-1
466,168,406.02,141.75,55.74,191.55,0.7612,-1,-1,-1
466,169,279.81,56.96,105.89,362.28,0.8848,-1,-1,-1
466,173,591.81,85.00,45.83,309.19,0.8247,-1,-1,-1
466,175,241.49,166.43,34.41,110.12,0.6954,-1,-1,-1
466,180,46.25,-0.20,198.35,482.92,0.8537,-1,-1,-1
466,181,591.71,85.00,45.63,309.83,0.8247,-1,-1,-1
467,165,479.38,87.31,118.02,331.73,0.8818,-1,-1,-1
467,168,400.37,141.70,63.45,192.45,0.7694,-1,-1,-1
467,169,274.28,58.20,109.44,364.22,0.8931,-1,-1,-1
467,173,588.29,84.05,50.08,314.28,0.8733,-1,-1,-1
467,175,243.32,167.45,35.01,108.98,0.6919,-1,-1,-1
467,180,46.60,-0.72,199.40,482.80,0.8860,-1,-1,-1
467,181,588.20,84.04,49.93,314.83,0.8733,-1,-1,-1
468,165,470.20,82.14,108.29,325.82,0.8662,-1,-1,-1
468,168,400.39,139.91,62.17,192.77,0.7425,-1,-1,-1
468,169,268.22,51.87,111.38,370.37,0.8778,-1,-1,-1
468,173,574.51,84.11,62.16,315.55,0.8730,-1,-1,-1
468,175,238.41,165.58,35.19,107.10,0.5252,-1,-1,-1
468,180,43.31,-3.53,198.64,483.52,0.8911,-1,-1,-1
468,181,574.40,84.11,62.06,315.90,0.8730,-1,-1,-1
469,165,447.59,82.06,121.16,327.48,0.8495,-1,-1,-1
469,168,400.14,139.31,60.98,193.29,0.7112,-1,-1,-1
469,169,258.40,45.76,120.66,365.34,0.8724,-1,-1,-1
469,173,562.09,85.27,74.36,316.72,0.8593,-1,-1,-1
469,180,40.66,-2.68,202.23,477.85,0.8559,-1,-1,-1
469,181,561.98,85.26,74.24,317.05,0.8593,-1,-1,-1
470,165,434.79,85.07,130.28,329.66,0.8919,-1,-1,-1
470,168,401.33,140.07,62.36,189.47,0.7672,-1,-1,-1
470,169,254.85,43.50,130.46,364.63,0.8750,-1,-1,-1
470,173,554.75,84.05,84.52,306.09,0.8733,-1,-1,-1
470,180,41.08,-0.20,209.38,480.18,0.8561,-1,-1,-1
470,181,554.64,84.04,84.38,306.43,0.8733,-1,-1,-1
471,165,433.38,86.48,133.52,329.55,0.8881,-1,-1,-1
471,168,402.29,137.70,63.33,190.80,0.5924,-1,-1,-1
471,169,254.90,41.10,138.15,365.17,0.8792,-1,-1,-1
471,173,550.81,79.56,90.38,306.72,0.7526,-1,-1,-1
471,180,44.48,0.65,213.51,480.67,0.8749,-1,-1,-1
471,181,550.71,79.55,90.22,307.03,0.7526,-1,-1,-1
472,165,435.47,83.61,128.70,330.98,0.8808,-1,-1,-1
472,168,401.12,133.71,65.02,192.69,0.6262,-1,-1,-1
472,169,256.92,36.54,139.53,368.78,0.8852,-1,-1,-1
472,173,554.68,74.81,85.28,315.22,0.8590,-1,-1,-1
472,180,50.26,-0.05,213.19,480.20,0.8801,-1,-1,-1
472,181,554.60,74.79,85.13,315.50,0.8590,-1,-1,-1
473,165,438.17,78.67,116.17,326.21,0.8927,-1,-1,-1
473,168,401.77,130.07,61.07,193.73,0.6297,-1,-1,-1
473,169,261.42,33.07,130.83,378.81,0.8721,-1,-1,-1
473,173,563.54,71.25,73.66,320.74,0.8809,-1,-1,-1
473,180,55.94,-0.82,215.20,476.01,0.8506,-1,-1,-1
473,181,563.50,71.22,73.53,320.99,0.8809,-1,-1,-1
474,165,443.74,76.43,107.14,321.85,0.8471,-1,-1,-1
474,168,405.82,130.41,56.76,194.81,0.7490,-1,-1,-1
474,169,270.52,32.91,122.59,383.85,0.8807,-1,-1,-1
474,173,549.01,72.34,88.84,319.39,0.8477,-1,-1,-1
474,180,65.37,-0.35,216.85,477.42,0.8410,-1,-1,-1
474,181,548.95,72.32,88.75,319.59,0.8477,-1,-1,-1
475,165,449.58,74.51,108.92,327.02,0.8481,-1,-1,-1
475,168,412.40,130.01,55.84,197.15,0.3904,-1,-1,-1
475,169,276.89,35.07,121.13,387.71,0.8838,-1,-1,-1
475,173,535.04,72.91,105.84,304.47,0.9071,-1,-1,-1
475,180,72.20,0.71,219.71,476.04,0.8605,-1,-1,-1
475,181,534.97,72.89,105.75,304.66,0.9071,-1,-1,-1
476,165,451.38,78.23,114.57,329.65,0.8854,-1,-1,-1
476,168,415.44,134.33,53.73,198.14,0.1804,-1,-1,-1
476,169,281.16,40.07,121.02,389.35,0.8852,-1,-1,-1
476,173,531.13,74.70,110.28,301.57,0.9005,-1,-1,-1
476,180,75.64,2.59,220.80,475.95,0.8774,-1,-1,-1
476,181,531.07,74.69,110.18,301.73,0.9005,-1,-1,-1
477,165,448.47,81.07,119.78,333.30,0.7886,-1,-1,-1
477,168,414.50,136.20,52.65,154.35,0.2625,-1,-1,-1
477,169,280.58,40.27,123.63,392.51,0.8945,-1,-1,-1
477,173,530.93,73.09,110.32,305.69,0.9026,-1,-1,-1
477,180,76.75,2.75,222.00,468.49,0.7765,-1,-1,-1
477,181,530.88,73.08,110.21,305.83,0.9026,-1,-1,-1
478,165,444.69,79.12,120.41,338.45,0.8136,-1,-1,-1
478,168,412.27,134.46,52.44,136.93,0.2660,-1,-1,-1
478,169,280.12,36.02,123.48,391.98,0.8981,-1,-1,-1
478,173,533.00,71.56,107.31,309.91,0.8895,-1,-1,-1
478,180,71.80,0.97,225.95,467.97,0.7865,-1,-1,-1
478,181,532.95,71.55,107.22,310.04,0.8895,-1,-1,-1
479,165,441.67,85.76,118.25,333.74,0.8518,-1,-1,-1
479,168,408.74,139.03,53.31,130.82,0.1769,-1,-1,-1
479,169,277.24,40.16,124.56,379.82,0.8946,-1,-1,-1
479,173,536.52,75.53,103.74,319.21,0.9091,-1,-1,-1
479,180,68.37,3.66,231.16,476.25,0.8125,-1,-1,-1
479,181,536.48,75.52,103.65,319.33,0.9091,-1,-1,-1
480,165,440.00,86.50,117.22,325.08,0.8708,-1,-1,-1
480,168,399.27,139.01,61.12,173.24,0.4797,-1,-1,-1
480,169,274.90,39.64,124.37,383.59,0.8865,-1,-1,-1
480,173,543.45,76.16,95.34,326.60,0.8305,-1,-1,-1
480,180,69.81,1.76,228.15,478.36,0.8429,-1,-1,-1
480,181,543.41,76.16,95.27,326.70,0.8305,-1,-1,-1
481,165,434.49,82.53,110.06,320.82,0.8625,-1,-1,-1
481,168,394.67,136.11,67.42,205.15,0.1580,-1,-1,-1
481,169,272.61,33.44,117.95,388.88,0.8836,-1,-1,-1
481,173,536.24,73.08,97.22,333.12,0.8480,-1,-1,-1
481,180,66.41,-1.81,227.90,476.68,0.8033,-1,-1,-1
481,181,536.22,73.07,97.17,333.22,0.8480,-1,-1,-1
482,165,417.74,83.37,113.17,322.01,0.8689,-1,-1,-1
482,169,266.54,33.27,112.01,393.81,0.8883,-1,-1,-1
482,173,519.56,75.70,111.59,337.16,0.8403,-1,-1,-1
482,180,58.04,-1.06,231.78,470.40,0.7509,-1,-1,-1
482,181,519.53,75.70,111.55,337.24,0.8403,-1,-1,-1
483,165,401.09,91.86,118.74,324.89,0.8718,-1,-1,-1
483,169,261.07,41.78,106.48,394.83,0.8769,-1,-1,-1
483,173,509.83,84.37,115.04,335.91,0.8816,-1,-1,-1
483,180,49.65,4.00,237.82,472.18,0.7815,-1,-1,-1
483,181,509.80,84.36,114.99,335.98,0.8816,-1,-1,-1
484,165,386.44,94.15,125.38,328.87,0.8438,-1,-1,-1
484,169,254.92,46.51,103.36,393.79,0.8589,-1,-1,-1
484,173,507.70,86.03,112.83,336.64,0.8762,-1,-1,-1
484,180,39.62,6.57,243.27,473.59,0.6543,-1,-1,-1
484,181,507.67,86.02,112.79,336.70,0.8762,-1,-1,-1
485,165,389.06,92.77,120.70,332.55,0.8088,-1,-1,-1
485,169,250.31,48.36,102.42,397.49,0.8413,-1,-1,-1
485,173,508.11,85.39,103.15,330.10,0.8383,-1,-1,-1
485,180,32.10,3.37,250.23,478.82,0.7358,-1,-1,-1
485,181,508.09,85.39,103.11,330.16,0.8383,-1,-1,-1
486,165,393.73,89.38,107.32,327.34,0.8709,-1,-1,-1
486,169,245.35,42.73,102.52,394.43,0.8828,-1,-1,-1
486,173,503.83,82.95,92.61,323.72,0.8733,-1,-1,-1
486,180,26.05,-0.05,254.51,481.28,0.7840,-1,-1,-1
486,181,503.82,82.95,92.57,323.77,0.8733,-1,-1,-1
487,165,391.26,90.72,100.31,324.38,0.8711,-1,-1,-1
487,169,240.65,40.66,101.82,392.28,0.8848,-1,-1,-1
487,173,491.43,86.04,91.83,326.53,0.8850,-1,-1,-1
487,180,21.94,0.67,257.53,480.96,0.8442,-1,-1,-1
487,181,491.41,86.03,91.81,326.57,0.8850,-1,-1,-1
488,165,389.87,92.68,99.52,325.03,0.8519,-1,-1,-1
488,169,242.93,38.11,97.21,385.53,0.8606,-1,-1,-1
488,173,467.27,89.77,110.29,329.02,0.8517,-1,-1,-1
488,180,26.56,-0.48,256.38,479.72,0.8164,-1,-1,-1
488,181,467.26,89.77,110.27,329.06,0.8517,-1,-1,-1
489,165,389.39,93.23,100.23,329.18,0.7843,-1,-1,-1
489,169,244.17,34.80,91.44,380.10,0.8672,-1,-1,-1
489,173,454.85,88.54,124.62,333.26,0.8952,-1,-1,-1
489,180,20.22,-2.14,263.06,480.65,0.6867,-1,-1,-1
489,181,454.83,88.54,124.60,333.29,0.8952,-1,-1,-1
490,165,384.20,95.70,103.14,328.64,0.8304,-1,-1,-1
490,169,248.44,34.10,79.62,356.17,0.6449,-1,-1,-1
490,173,453.13,90.37,129.20,332.45,0.8814,-1,-1,-1
490,180,9.81,-2.99,269.81,480.86,0.6203,-1,-1,-1
490,181,453.12,90.36,129.18,332.48,0.8814,-1,-1,-1
491,165,378.17,98.42,109.79,333.88,0.8504,-1,-1,-1
491,169,250.35,39.16,75.65,333.01,0.8142,-1,-1,-1
491,173,455.64,93.48,124.14,327.87,0.8675,-1,-1,-1
491,180,2.07,-0.54,280.26,480.00,0.8243,-1,-1,-1
491,181,455.63,93.48,124.11,327.89,0.8675,-1,-1,-1
492,165,376.60,95.52,108.52,330.48,0.8688,-1,-1,-1
492,169,249.75,39.13,75.39,306.19,0.8187,-1,-1,-1
492,173,460.86,89.87,110.53,322.15,0.8143,-1,-1,-1
492,180,-1.19,-0.64,281.49,478.83,0.7387,-1,-1,-1
492,181,460.85,89.86,110.51,322.17,0.8143,-1,-1,-1
493,165,375.86,94.54,105.12,323.45,0.8681,-1,-1,-1
493,169,245.92,41.56,80.03,289.41,0.8093,-1,-1,-1
493,173,465.61,89.06,106.57,326.33,0.8352,-1,-1,-1
493,180,-2.90,2.04,283.45,477.84,0.7244,-1,-1,-1
493,181,465.60,89.05,106.55,326.35,0.8352,-1,-1,-1
494,165,373.51,95.70,103.41,324.57,0.8322,-1,-1,-1
494,169,241.48,42.37,86.41,322.89,0.8514,-1,-1,-1
494,173,466.62,90.65,100.01,332.38,0.7725,-1,-1,-1
494,180,-3.70,1.79,284.95,480.61,0.7532,-1,-1,-1
494,181,466.62,90.65,100.00,332.40,0.7725,-1,-1,-1
495,165,366.47,91.00,108.14,329.43,0.8764,-1,-1,-1
495,169,234.40,31.44,95.76,343.97,0.8552,-1,-1,-1
495,173,463.63,88.00,96.70,338.10,0.8356,-1,-1,-1
495,180,-1.86,-4.04,276.54,482.89,0.3710,-1,-1,-1
495,181,463.63,87.99,96.69,338.11,0.8356,-1,-1,-1
496,165,365.92,92.66,109.31,333.02,0.8893,-1,-1,-1
496,169,232.28,28.98,102.43,351.46,0.8535,-1,-1,-1
496,173,463.96,89.75,97.02,339.15,0.8446,-1,-1,-1
496,180,-0.34,-2.23,275.89,481.96,0.4390,-1,-1,-1
496,181,463.96,89.75,97.02,339.17,0.8446,-1,-1,-1
496,168,344.03,137.58,57.41,211.81,0.5611,-1,-1,-1
497,165,369.66,93.23,104.47,337.31,0.8470,-1,-1,-1
497,169,231.00,27.44,105.62,349.83,0.8474,-1,-1,-1
497,173,464.50,89.73,100.99,340.83,0.8033,-1,-1,-1
497,180,0.53,-1.54,274.13,479.79,0.4721,-1,-1,-1
497,181,464.50,89.73,100.98,340.84,0.8033,-1,-1,-1
497,168,345.31,137.38,54.79,207.69,0.6553,-1,-1,-1
498,165,377.44,92.83,95.66,339.03,0.8279,-1,-1,-1
498,169,230.40,25.71,104.42,354.10,0.8123,-1,-1,-1
498,173,467.57,88.72,95.85,338.94,0.7974,-1,-1,-1
498,180,0.27,-1.59,275.28,480.76,0.6811,-1,-1,-1
498,181,467.57,88.72,95.84,338.95,0.7974,-1,-1,-1
498,168,340.59,138.84,59.82,204.21,0.6502,-1,-1,-1
499,165,379.49,89.25,96.11,335.47,0.8409,-1,-1,-1
499,169,230.65,24.49,102.45,329.91,0.8391,-1,-1,-1
499,173,470.00,84.18,98.25,330.60,0.7744,-1,-1,-1
499,180,-1.12,0.26,282.11,479.95,0.6286,-1,-1,-1
499,181,469.99,84.18,98.24,330.60,0.7744,-1,-1,-1
499,168,340.38,140.43,61.65,200.37,0.5445,-1,-1,-1
500,165,381.84,89.80,100.41,328.09,0.8535,-1,-1,-1
500,169,233.74,28.40,96.49,323.45,0.8270,-1,-1,-1
500,173,472.24,84.01,91.98,329.99,0.7339,-1,-1,-1
500,180,-1.12,2.42,285.96,478.08,0.5898,-1,-1,-1
500,181,472.23,84.01,91.97,330.00,0.7339,-1,-1,-1
500,168,343.20,138.77,59.57,205.40,0.6924,-1,-1,-1
501,165,385.48,88.90,104.51,328.53,0.7831,-1,-1,-1
501,169,239.78,29.95,88.44,320.43,0.7992,-1,-1,-1
501,173,465.84,81.91,100.62,334.67,0.7660,-1,-1,-1
501,180,0.17,2.53,292.11,474.45,0.7234,-1,-1,-1
501,181,465.84,81.91,100.61,334.67,0.7660,-1,-1,-1
501,168,350.00,137.46,54.70,207.95,0.6528,-1,-1,-1
502,165,389.84,90.19,107.18,333.60,0.7963,-1,-1,-1
502,169,245.54,30.98,79.39,316.75,0.6733,-1,-1,-1
502,173,460.60,84.85,122.20,340.33,0.6840,-1,-1,-1
502,180,7.06,2.31,292.74,476.07,0.7816,-1,-1,-1
502,181,460.60,84.85,122.20,340.34,0.6840,-1,-1,-1
502,168,350.94,136.63,62.30,212.18,0.6761,-1,-1,-1
503,165,393.42,86.70,107.63,335.10,0.8465,-1,-1,-1
503,169,249.48,21.27,74.66,243.47,0.2786,-1,-1,-1
503,173,465.11,81.13,124.33,338.67,0.8679,-1,-1,-1
503,180,16.79,-1.20,294.35,474.73,0.5551,-1,-1,-1
503,181,465.10,81.13,124.33,338.67,0.8679,-1,-1,-1
503,168,353.59,130.22,54.93,212.63,0.2203,-1,-1,-1
504,165,394.48,84.20,107.94,336.81,0.8561,-1,-1,-1
504,173,472.17,77.14,121.80,341.53,0.8774,-1,-1,-1
504,180,9.06,-1.73,306.47,476.41,0.6564,-1,-1,-1
504,181,472.17,77.14,121.79,341.54,0.8774,-1,-1,-1
504,168,346.07,126.15,63.17,217.38,0.4475,-1,-1,-1
505,165,394.95,85.72,103.86,334.76,0.8393,-1,-1,-1
505,173,478.13,77.92,117.72,336.65,0.8635,-1,-1,-1
505,180,11.41,2.32,316.77,476.18,0.5052,-1,-1,-1
505,181,478.13,77.92,117.71,336.66,0.8635,-1,-1,-1
505,168,340.90,129.12,70.50,221.50,0.5846,-1,-1,-1
506,165,390.60,81.62,101.61,325.27,0.8595,-1,-1,-1
506,173,481.71,74.10,115.97,333.44,0.8744,-1,-1,-1
506,180,11.69,2.74,322.24,473.28,0.5644,-1,-1,-1
506,181,481.71,74.10,115.97,333.44,0.8744,-1,-1,-1
506,168,346.09,128.41,62.34,219.16,0.6642,-1,-1,-1
507,165,387.56,83.86,100.39,322.29,0.8246,-1,-1,-1
507,173,482.87,76.68,115.55,336.99,0.8491,-1,-1,-1
507,180,29.41,3.82,310.82,475.73,0.6276,-1,-1,-1
507,181,482.87,76.68,115.54,336.99,0.8491,-1,-1,-1
507,168,339.43,131.47,65.90,218.16,0.6454,-1,-1,-1
508,165,380.91,83.17,107.46,326.15,0.8267,-1,-1,-1
508,173,485.34,77.28,113.77,339.58,0.8543,-1,-1,-1
508,180,52.72,2.59,293.88,472.99,0.6242,-1,-1,-1
508,181,485.34,77.28,113.76,339.58,0.8543,-1,-1,-1
508,168,340.83,129.59,64.80,214.88,0.7141,-1,-1,-1
509,165,371.62,80.02,116.11,328.91,0.8552,-1,-1,-1
509,173,487.25,75.14,106.91,342.47,0.8492,-1,-1,-1
509,180,70.22,-0.24,279.92,471.80,0.6197,-1,-1,-1
509,181,487.25,75.14,106.91,342.48,0.8492,-1,-1,-1
509,168,343.94,123.90,61.34,213.56,0.6587,-1,-1,-1
509,187,1.52,93.90,86.68,219.35,0.5986,-1,-1,-1
510,165,371.41,84.25,114.57,332.25,0.8439,-1,-1,-1
510,173,489.81,80.31,106.10,339.06,0.8123,-1,-1,-1
510,180,88.96,0.66,270.12,471.87,0.3894,-1,-1,-1
510,181,489.81,80.31,106.10,339.06,0.8123,-1,-1,-1
510,168,350.56,127.04,55.31,210.58,0.5703,-1,-1,-1
510,187,4.00,81.28,100.37,247.07,0.7462,-1,-1,-1
511,165,380.62,83.40,105.46,333.72,0.8349,-1,-1,-1
511,173,494.42,78.53,100.57,339.83,0.7717,-1,-1,-1
511,180,107.25,1.15,224.34,472.05,0.3711,-1,-1,-1
511,181,494.42,78.52,100.56,339.83,0.7717,-1,-1,-1
511,168,362.87,125.87,47.59,212.07,0.3320,-1,-1,-1
511,187,6.82,66.03,119.54,275.72,0.6789,-1,-1,-1
512,165,387.37,86.92,103.48,335.93,0.8622,-1,-1,-1
512,173,501.36,81.74,98.15,332.87,0.7598,-1,-1,-1
512,180,122.36,4.56,257.32,474.84,0.5874,-1,-1,-1
512,181,501.36,81.74,98.15,332.87,0.7598,-1,-1,-1
512,187,18.78,67.36,127.47,289.43,0.7093,-1,-1,-1
513,165,401.75,92.01,98.15,322.81,0.8337,-1,-1,-1
513,173,507.67,83.47,95.23,329.02,0.8383,-1,-1,-1
513,180,148.29,7.48,270.76,468.51,0.6848,-1,-1,-1
513,181,507.67,83.47,95.23,329.02,0.8383,-1,-1,-1
513,187,54.71,74.41,117.50,316.59,0.8415,-1,-1,-1
513,190,15.67,130.33,79.53,224.10,0.8405,-1,-1,-1
514,165,411.43,89.08,86.32,316.58,0.8663,-1,-1,-1
514,173,505.06,79.75,95.49,332.60,0.8377,-1,-1,-1
514,180,158.52,3.64,275.46,468.48,0.5514,-1,-1,-1
514,181,505.06,79.75,95.49,332.60,0.8377,-1,-1,-1
514,187,76.12,69.67,104.91,330.47,0.8855,-1,-1,-1
514,190,8.30,119.30,82.11,234.02,0.8449,-1,-1,-1
515,165,427.38,94.12,71.54,227.58,0.8157,-1,-1,-1
515,173,493.39,83.15,108.86,334.23,0.8415,-1,-1,-1
515,180,185.14,4.92,272.06,464.85,0.7156,-1,-1,-1
515,181,493.39,83.15,108.86,334.24,0.8415,-1,-1,-1
515,187,95.26,74.14,109.64,331.38,0.8878,-1,-1,-1
516,165,452.34,95.76,50.90,176.30,0.1873,-1,-1,-1
516,173,491.80,85.01,121.83,335.03,0.8218,-1,-1,-1
516,180,222.12,2.58,262.94,462.34,0.7071,-1,-1,-1
516,181,491.80,85.01,121.83,335.04,0.8218,-1,-1,-1
516,187,109.48,73.95,114.69,328.87,0.8786,-1,-1,-1
517,173,500.35,86.40,124.40,335.71,0.8858,-1,-1,-1
517,180,248.03,1.31,266.48,460.79,0.7440,-1,-1,-1
517,181,500.35,86.40,124.40,335.71,0.8858,-1,-1,-1
517,193,195.89,37.56,99.72,346.34,0.3498,-1,-1,-1
517,190,97.13,88.62,108.79,312.97,0.8725,-1,-1,-1
518,173,515.55,89.81,115.53,338.33,0.8425,-1,-1,-1
518,180,266.11,-1.02,275.97,470.76,0.7534,-1,-1,-1
518,181,515.55,89.81,115.53,338.33,0.8425,-1,-1,-1
518,193,198.59,30.19,108.47,357.65,0.8533,-1,-1,-1
518,190,104.57,82.71,114.94,325.26,0.8743,-1,-1,-1
519,180,280.55,-4.72,291.94,484.60,0.7187,-1,-1,-1
519,193,189.20,24.43,117.39,393.89,0.8750,-1,-1,-1
519,190,111.28,74.19,106.09,325.88,0.8668,-1,-1,-1
520,180,292.51,-1.82,304.69,486.43,0.8222,-1,-1,-1
520,193,183.61,22.43,132.66,435.23,0.8774,-1,-1,-1
520,190,122.43,73.69,95.18,325.67,0.8340,-1,-1,-1
521,180,321.89,0.13,314.55,485.07,0.8638,-1,-1,-1
521,193,183.50,19.48,148.60,448.16,0.8792,-1,-1,-1
521,190,119.06,78.14,104.80,323.38,0.8423,-1,-1,-1
522,180,342.36,0.81,301.86,479.52,0.7787,-1,-1,-1
522,193,183.69,19.33,155.54,450.20,0.8876,-1,-1,-1
522,190,113.90,83.76,109.76,321.28,0.8237,-1,-1,-1
523,180,358.11,-2.69,290.56,482.92,0.8150,-1,-1,-1
523,193,184.79,14.03,156.59,459.16,0.8997,-1,-1,-1
523,190,106.93,84.51,113.51,321.80,0.7712,-1,-1,-1
524,180,373.35,-7.98,280.08,489.25,0.8004,-1,-1,-1
524,193,185.63,5.08,157.37,474.33,0.8947,-1,-1,-1
524,190,101.29,76.95,117.85,323.12,0.8325,-1,-1,-1
525,180,392.08,-5.05,262.36,489.47,0.8933,-1,-1,-1
525,193,196.13,10.74,156.00,476.42,0.8894,-1,-1,-1
525,190,108.13,79.67,117.33,312.41,0.8325,-1,-1,-1
526,180,406.80,-3.30,243.92,488.79,0.8942,-1,-1,-1
526,193,203.41,12.12,156.75,476.53,0.8739,-1,-1,-1
526,190,125.62,76.02,105.45,300.89,0.8529,-1,-1,-1
527,180,417.04,-0.72,225.82,486.48,0.8698,-1,-1,-1
527,193,201.80,11.79,159.03,475.04,0.8661,-1,-1,-1
527,190,138.85,72.62,91.75,299.68,0.8488,-1,-1,-1
528,180,437.93,4.09,204.77,490.33,0.9061,-1,-1,-1
528,193,200.06,20.77,167.26,471.44,0.8604,-1,-1,-1
528,190,156.53,83.19,78.76,301.74,0.8613,-1,-1,-1
529,180,448.46,4.17,192.84,480.13,0.8935,-1,-1,-1
529,193,199.44,28.09,173.25,458.98,0.8829,-1,-1,-1
529,190,160.46,96.07,79.57,293.93,0.8438,-1,-1,-1
529,198,126.61,165.55,47.38,145.79,0.7925,-1,-1,-1
529,199,385.42,105.84,85.03,317.43,0.8117,-1,-1,-1
530,180,464.96,0.38,176.98,477.93,0.9025,-1,-1,-1
530,193,203.85,28.45,175.61,444.91,0.8750,-1,-1,-1
530,190,158.24,100.56,86.52,289.07,0.8630,-1,-1,-1
530,198,120.42,162.43,48.60,151.44,0.7851,-1,-1,-1
530,199,386.04,108.25,92.98,319.44,0.7384,-1,-1,-1
531,180,474.68,0.53,164.28,475.97,0.8964,-1,-1,-1
531,193,211.57,29.59,169.09,445.27,0.8792,-1,-1,-1
531,190,156.39,103.48,91.11,286.86,0.8511,-1,-1,-1
531,198,112.93,160.02,53.78,156.93,0.8113,-1,-1,-1
531,199,385.78,111.92,96.60,322.27,0.8241,-1,-1,-1
532,180,484.49,0.22,152.69,475.26,0.8852,-1,-1,-1
532,193,219.29,27.42,155.06,449.08,0.8936,-1,-1,-1
532,190,161.75,100.98,86.54,277.83,0.8406,-1,-1,-1
532,198,96.80,157.07,62.16,163.88,0.7516,-1,-1,-1
532,199,379.45,106.37,98.18,322.39,0.8402,-1,-1,-1
533,180,483.85,-1.41,152.47,476.38,0.8889,-1,-1,-1
533,193,216.00,22.40,148.35,454.63,0.8799,-1,-1,-1
533,190,166.78,94.27,77.81,276.85,0.7978,-1,-1,-1
533,198,76.49,152.47,71.52,169.35,0.7949,-1,-1,-1
533,199,371.15,98.55,98.66,314.46,0.8439,-1,-1,-1
533,200,464.89,92.02,50.06,265.06,0.5637,-1,-1,-1
534,180,485.61,1.19,149.03,476.57,0.8881,-1,-1,-1
534,193,202.77,22.14,143.74,456.72,0.8854,-1,-1,-1
534,190,151.02,89.65,84.34,280.29,0.7946,-1,-1,-1
534,198,54.86,146.12,69.43,180.16,0.7984,-1,-1,-1
534,199,358.27,95.47,96.51,315.01,0.7877,-1,-1,-1
534,200,454.09,89.44,59.70,292.97,0.7803,-1,-1,-1
535,180,491.74,3.39,144.02,473.46,0.8778,-1,-1,-1
535,193,191.82,23.77,147.16,455.93,0.8781,-1,-1,-1
535,190,140.76,90.20,89.55,288.74,0.5140,-1,-1,-1
535,198,41.26,139.75,69.60,190.27,0.7868,-1,-1,-1
535,199,342.24,96.18,103.66,317.01,0.7806,-1,-1,-1
535,200,448.55,89.49,68.17,318.95,0.8451,-1,-1,-1
536,180,499.58,1.66,139.12,474.74,0.8810,-1,-1,-1
536,193,192.07,19.67,146.50,455.96,0.8795,-1,-1,-1
536,190,138.28,114.66,83.94,201.80,0.5152,-1,-1,-1
536,198,30.21,132.69,74.60,199.88,0.7965,-1,-1,-1
536,199,328.06,96.13,115.36,321.19,0.8517,-1,-1,-1
536,200,445.96,88.23,77.11,321.73,0.8429,-1,-1,-1
537,180,506.06,4.69,132.90,470.88,0.8824,-1,-1,-1
537,193,191.96,7.06,147.67,456.15,0.8817,-1,-1,-1
537,190,136.97,114.81,87.84,245.66,0.3444,-1,-1,-1
537,198,13.47,118.74,81.45,210.18,0.8025,-1,-1,-1
537,199,319.73,91.59,120.23,328.05,0.8491,-1,-1,-1
537,200,442.82,83.62,84.48,322.22,0.8732,-1,-1,-1
538,180,511.90,4.18,126.73,473.16,0.8789,-1,-1,-1
538,193,193.78,3.77,151.32,452.79,0.8947,-1,-1,-1
538,190,134.62,123.74,79.04,190.11,0.5862,-1,-1,-1
538,198,5.89,115.77,83.63,221.39,0.8456,-1,-1,-1
538,199,323.64,91.13,112.86,332.34,0.8008,-1,-1,-1
538,200,440.04,85.11,90.80,334.68,0.8512,-1,-1,-1
538,205,124.78,145.58,37.85,140.68,0.6653,-1,-1,-1
539,180,530.69,1.66,110.71,474.08,0.8621,-1,-1,-1
539,193,197.72,-0.17,158.25,463.05,0.8856,-1,-1,-1
539,190,149.17,121.76,64.50,169.62,0.6060,-1,-1,-1
539,198,-0.24,109.51,86.59,235.52,0.8774,-1,-1,-1
539,199,333.35,86.47,103.74,331.07,0.8634,-1,-1,-1
539,200,447.37,82.13,94.23,330.53,0.8492,-1,-1,-1
539,205,122.46,139.73,44.95,145.51,0.7932,-1,-1,-1
539,206,409.75,125.49,49.31,225.54,0.7756,-1,-1,-1
540,180,542.37,4.93,100.28,467.88,0.8122,-1,-1,-1
540,193,201.61,0.30,162.41,472.34,0.8778,-1,-1,-1
540,198,-3.71,112.32,89.83,246.28,0.8681,-1,-1,-1
540,199,340.28,87.54,98.88,326.81,0.8686,-1,-1,-1
540,200,451.01,78.58,101.77,339.09,0.8350,-1,-1,-1
540,205,121.20,138.94,52.69,151.40,0.7814,-1,-1,-1
540,206,413.25,127.32,51.40,223.72,0.7293,-1,-1,-1
541,180,562.40,18.72,81.52,423.61,0.7547,-1,-1,-1
541,193,213.10,0.09,162.41,473.27,0.8654,-1,-1,-1
541,198,-2.87,108.88,85.20,262.32,0.8601,-1,-1,-1
541,199,350.53,84.09,95.60,334.61,0.8385,-1,-1,-1
541,200,457.97,74.23,112.93,346.76,0.7460,-1,-1,-1
541,205,119.45,139.44,61.90,155.81,0.8572,-1,-1,-1
541,206,423.21,125.98,49.87,232.90,0.6711,-1,-1,-1
541,207,187.48,123.79,57.80,247.16,0.7329,-1,-1,-1
542,180,588.79,39.16,53.55,390.99,0.4943,-1,-1,-1
542,193,226.19,1.32,157.72,473.96,0.8768,-1,-1,-1
542,198,-2.70,100.62,77.70,279.99,0.8439,-1,-1,-1
542,199,360.13,83.80,91.29,339.54,0.7931,-1,-1,-1
542,200,453.35,72.06,123.12,355.64,0.6213,-1,-1,-1
542,205,111.58,139.59,71.93,161.44,0.8664,-1,-1,-1
542,206,431.66,126.63,44.83,247.60,0.2614,-1,-1,-1
542,207,204.82,122.72,47.27,251.29,0.4884,-1,-1,-1
542,190,187.02,126.77,49.39,173.12,0.3920,-1,-1,-1
543,180,603.49,72.43,36.60,351.19,0.1803,-1,-1,-1
543,193,234.00,7.25,158.67,470.94,0.8476,-1,-1,-1
543,198,-2.65,94.40,74.06,293.47,0.8645,-1,-1,-1
543,199,366.81,89.71,86.88,342.39,0.6887,-1,-1,-1
543,200,444.93,76.07,126.75,362.83,0.8112,-1,-1,-1
543,205,104.39,143.51,77.75,162.90,0.8755,-1,-1,-1
543,206,432.21,126.69,49.31,273.31,0.3384,-1,-1,-1
543,207,213.55,123.99,43.87,256.44,0.5262,-1,-1,-1
543,190,187.12,145.22,40.51,155.34,0.5620,-1,-1,-1
544,193,243.74,3.54,157.25,474.25,0.8634,-1,-1,-1
544,198,-0.48,84.10,60.02,303.74,0.8030,-1,-1,-1
544,199,383.31,87.94,75.33,324.81,0.5156,-1,-1,-1
544,200,447.54,75.50,131.26,368.08,0.8226,-1,-1,-1
544,205,100.99,136.41,80.26,168.23,0.8781,-1,-1,-1
544,206,432.87,122.40,46.80,252.36,0.1844,-1,-1,-1
544,207,220.01,128.97,44.02,248.08,0.6383,-1,-1,-1
544,190,186.01,145.25,47.05,151.99,0.7646,-1,-1,-1
545,193,246.09,1.54,164.11,475.77,0.8554,-1,-1,-1
545,198,-0.04,99.46,60.73,289.10,0.7933,-1,-1,-1
545,199,395.28,88.01,68.41,337.81,0.5132,-1,-1,-1
545,200,453.60,74.31,132.07,371.64,0.8014,-1,-1,-1
545,205,101.47,134.05,81.34,170.89,0.8727,-1,-1,-1
545,206,439.90,117.61,39.44,247.05,0.3112,-1,-1,-1
545,207,227.19,140.24,43.10,235.26,0.3898,-1,-1,-1
545,190,187.67,147.51,50.06,150.91,0.7135,-1,-1,-1
545,210,369.46,88.84,89.65,354.95,0.3672,-1,-1,-1
546,193,254.10,0.57,172.46,477.01,0.8985,-1,-1,-1
546,198,0.40,112.29,55.90,282.95,0.7622,-1,-1,-1
546,199,398.32,85.77,77.08,309.72,0.1816,-1,-1,-1
546,200,468.72,71.37,127.65,374.27,0.7836,-1,-1,-1
546,205,105.21,131.15,81.73,175.90,0.8601,-1,-1,-1
546,206,454.82,121.77,40.66,244.75,0.2456,-1,-1,-1
546,207,244.67,131.10,35.89,230.36,0.3034,-1,-1,-1
546,190,194.13,149.06,51.51,152.35,0.7579,-1,-1,-1
546,210,377.18,84.51,96.00,353.75,0.5801,-1,-1,-1
547,193,251.94,-1.12,187.07,479.13,0.8883,-1,-1,-1
547,198,-0.92,119.36,38.38,276.02,0.5032,-1,-1,-1
547,199,397.60,81.32,84.85,330.41,0.6855,-1,-1,-1
547,200,483.56,65.86,124.81,370.22,0.7382,-1,-1,-1
547,205,109.25,122.51,74.26,183.69,0.7894,-1,-1,-1
547,190,194.34,143.11,54.57,158.30,0.8170,-1,-1,-1
547,210,391.09,80.78,91.65,344.05,0.6855,-1,-1,-1
548,193,252.01,-0.66,194.66,474.22,0.8813,-1,-1,-1
548,199,403.21,81.70,83.27,343.18,0.5375,-1,-1,-1
548,200,500.13,64.15,121.66,376.70,0.7100,-1,-1,-1
548,205,114.58,120.32,67.62,188.61,0.8154,-1,-1,-1
548,190,196.20,139.84,59.89,164.12,0.8397,-1,-1,-1
548,210,402.38,81.65,84.73,347.50,0.5375,-1,-1,-1
548,206,475.27,115.72,44.25,253.01,0.6142,-1,-1,-1
549,193,252.80,-0.30,196.93,471.53,0.8594,-1,-1,-1
549,199,422.05,85.93,68.98,335.21,0.4072,-1,-1,-1
549,200,511.29,62.09,124.83,386.27,0.7682,-1,-1,-1
549,205,115.35,117.97,66.97,192.98,0.8223,-1,-1,-1
549,190,195.02,136.28,63.30,169.27,0.8261,-1,-1,-1
549,210,407.35,86.38,83.79,350.87,0.1828,-1,-1,-1
549,206,479.85,119.63,48.39,248.34,0.6846,-1,-1,-1
550,193,257.88,-5.01,194.61,480.22,0.7736,-1,-1,-1
550,199,411.89,67.82,78.62,360.59,0.3768,-1,-1,-1
550,200,525.75,48.12,117.44,401.02,0.8854,-1,-1,-1
550,205,107.39,103.23,70.81,202.15,0.7352,-1,-1,-1
550,190,194.81,119.18,63.86,177.02,0.8328,-1,-1,-1
550,210,408.52,67.29,82.55,366.64,0.3768,-1,-1,-1
550,206,486.00,110.08,54.71,250.58,0.7894,-1,-1,-1
551,193,262.51,-1.13,186.16,478.80,0.7983,-1,-1,-1
551,199,408.75,69.46,80.64,365.40,0.5848,-1,-1,-1
551,200,531.59,44.43,111.31,407.45,0.9019,-1,-1,-1
551,205,95.22,98.78,77.60,208.65,0.8372,-1,-1,-1
551,190,192.87,114.42,63.92,181.41,0.8256,-1,-1,-1
551,210,408.48,69.52,81.46,366.98,0.5848,-1,-1,-1
551,206,487.29,108.53,61.36,251.21,0.7483,-1,-1,-1
551,207,256.60,122.34,54.58,211.95,0.3573,-1,-1,-1
552,193,261.11,3.39,206.75,465.20,0.7676,-1,-1,-1
552,199,414.71,70.96,68.73,285.93,0.6495,-1,-1,-1
552,200,537.15,50.47,104.92,410.27,0.8940,-1,-1,-1
552,205,79.68,104.04,83.74,216.74,0.8668,-1,-1,-1
552,190,182.38,117.87,72.57,190.65,0.8695,-1,-1,-1
552,210,403.71,72.20,77.51,370.85,0.2231,-1,-1,-1
552,206,490.34,116.36,61.07,250.33,0.8079,-1,-1,-1
552,207,256.16,129.20,53.94,207.16,0.3721,-1,-1,-1
553,193,256.48,6.86,209.38,470.19,0.8597,-1,-1,-1
553,199,422.16,98.41,56.93,226.30,0.5440,-1,-1,-1
553,200,544.27,52.25,96.97,412.52,0.8767,-1,-1,-1
553,205,71.45,100.20,83.43,225.87,0.8717,-1,-1,-1
553,190,172.98,117.45,78.62,195.70,0.8716,-1,-1,-1
553,210,409.88,69.57,69.76,287.68,0.6963,-1,-1,-1
553,206,494.54,118.22,61.02,250.17,0.8038,-1,-1,-1
554,193,249.48,2.79,199.18,477.86,0.8953,-1,-1,-1
554,199,427.06,113.28,50.12,211.08,0.3909,-1,-1,-1
554,200,550.43,51.81,90.53,408.66,0.8936,-1,-1,-1
554,205,63.28,96.37,81.46,235.22,0.8522,-1,-1,-1
554,190,167.03,116.44,81.30,203.78,0.8603,-1,-1,-1
554,210,409.12,104.95,67.43,244.14,0.1757,-1,-1,-1
554,206,499.90,119.00,62.03,249.64,0.7677,-1,-1,-1
555,193,256.81,-0.68,191.58,479.84,0.9125,-1,-1,-1
555,200,559.35,45.71,82.85,403.99,0.8912,-1,-1,-1
555,205,60.06,89.12,74.76,242.82,0.8390,-1,-1,-1
555,190,166.90,109.71,78.82,213.27,0.8783,-1,-1,-1
555,210,408.51,111.91,65.69,242.68,0.6302,-1,-1,-1
555,206,506.89,112.64,65.72,248.71,0.7636,-1,-1,-1
556,193,253.41,2.15,193.50,478.68,0.9082,-1,-1,-1
556,200,564.44,47.50,76.53,402.56,0.8629,-1,-1,-1
556,205,49.08,89.75,77.60,248.56,0.8332,-1,-1,-1
556,190,164.51,111.26,77.32,220.00,0.8762,-1,-1,-1
556,210,411.67,117.04,65.54,245.45,0.6950,-1,-1,-1
556,206,509.01,115.45,69.87,248.94,0.7723,-1,-1,-1
557,193,258.39,6.49,190.55,477.77,0.9202,-1,-1,-1
557,200,555.69,61.34,84.63,393.36,0.8320,-1,-1,-1
557,205,26.61,92.99,87.92,258.07,0.8682,-1,-1,-1
557,190,157.48,113.81,78.13,230.75,0.8788,-1,-1,-1
557,210,418.02,124.40,73.62,269.53,0.7214,-1,-1,-1
557,206,515.38,128.63,66.69,245.89,0.8214,-1,-1,-1
558,193,260.75,3.90,189.08,474.84,0.9082,-1,-1,-1
558,200,550.12,60.82,89.75,382.01,0.8452,-1,-1,-1
558,205,6.26,85.24,98.15,266.88,0.8951,-1,-1,-1
558,190,152.61,107.79,79.84,236.95,0.8721,-1,-1,-1
558,210,419.22,119.65,84.78,282.45,0.8157,-1,-1,-1
558,206,519.55,129.37,63.45,235.85,0.8128,-1,-1,-1
559,193,268.86,-0.31,189.91,474.86,0.9217,-1,-1,-1
559,200,557.50,49.93,88.16,374.75,0.8580,-1,-1,-1
559,205,-2.25,79.14,100.59,274.22,0.9036,-1,-1,-1
559,190,150.07,97.15,86.83,245.65,0.8667,-1,-1,-1
559,210,428.76,105.79,102.63,308.06,0.8191,-1,-1,-1
559,206,532.26,117.86,64.77,246.36,0.7421,-1,-1,-1
560,193,270.48,0.14,188.24,476.71,0.9136,-1,-1,-1
560,200,569.25,45.49,74.03,376.48,0.8585,-1,-1,-1
560,205,-6.16,77.69,96.79,281.26,0.9214,-1,-1,-1
560,190,144.16,91.65,91.79,258.83,0.8780,-1,-1,-1
560,210,439.83,95.09,106.50,330.46,0.8010,-1,-1,-1
560,206,537.43,113.96,61.80,243.71,0.7395,-1,-1,-1
561,193,256.29,-1.36,196.27,480.91,0.8991,-1,-1,-1
561,200,571.82,38.78,69.02,387.04,0.8866,-1,-1,-1
561,205,-11.06,67.67,84.01,290.35,0.8849,-1,-1,-1
561,190,126.22,79.53,96.86,278.02,0.8095,-1,-1,-1
561,210,444.60,75.56,111.16,358.22,0.6576,-1,-1,-1
561,206,544.07,109.55,49.18,247.12,0.6000,-1,-1,-1
562,193,245.18,-1.89,201.64,480.88,0.8985,-1,-1,-1
562,200,568.70,34.37,70.37,395.98,0.9048,-1,-1,-1
562,205,-9.04,76.99,65.65,277.51,0.8561,-1,-1,-1
562,190,111.36,70.50,99.65,289.68,0.8752,-1,-1,-1
562,210,452.10,59.30,113.67,376.77,0.7989,-1,-1,-1
562,199,407.08,79.54,62.02,260.40,0.5427,-1,-1,-1
563,193,237.01,0.98,214.51,481.25,0.9244,-1,-1,-1
563,200,577.96,38.05,64.22,406.19,0.8314,-1,-1,-1
563,205,-6.10,96.59,40.34,263.42,0.5164,-1,-1,-1
563,190,97.56,64.67,106.84,313.41,0.8178,-1,-1,-1
563,210,469.11,47.11,126.21,417.59,0.6253,-1,-1,-1
563,199,409.21,78.41,70.74,272.19,0.6224,-1,-1,-1
564,193,233.05,1.69,217.87,479.94,0.9037,-1,-1,-1
564,200,582.94,39.76,58.32,411.11,0.6636,-1,-1,-1
564,190,86.45,57.89,115.11,330.29,0.8687,-1,-1,-1
564,210,461.73,44.06,159.27,431.59,0.4499,-1,-1,-1
564,199,411.19,76.85,73.69,281.37,0.7100,-1,-1,-1
565,193,232.28,-0.17,219.07,481.34,0.9221,-1,-1,-1
565,190,73.31,47.98,119.30,352.09,0.8587,-1,-1,-1
565,210,477.41,28.34,165.26,454.85,0.8267,-1,-1,-1
565,199,413.56,71.58,82.29,299.06,0.7921,-1,-1,-1
566,193,231.51,0.28,214.58,480.44,0.9175,-1,-1,-1
566,190,59.86,38.25,125.38,368.75,0.8918,-1,-1,-1
566,210,496.51,59.01,150.72,427.09,0.5170,-1,-1,-1
566,199,418.82,64.02,83.20,316.39,0.8403,-1,-1,-1
567,193,230.67,0.38,208.86,475.98,0.9194,-1,-1,-1
567,190,42.79,25.25,133.38,390.59,0.9007,-1,-1,-1
567,210,522.40,68.23,126.51,415.52,0.8254,-1,-1,-1
567,199,422.57,53.42,89.60,334.89,0.8585,-1,-1,-1
568,193,228.16,0.80,205.79,471.55,0.9186,-1,-1,-1
568,190,23.93,15.24,143.64,409.95,0.9122,-1,-1,-1
568,210,537.33,60.71,110.84,420.75,0.6954,-1,-1,-1
568,199,423.28,43.54,102.70,355.13,0.8648,-1,-1,-1
569,193,221.76,-0.30,206.09,473.66,0.9236,-1,-1,-1
569,190,3.13,1.37,152.20,441.65,0.9100,-1,-1,-1
569,210,563.55,52.22,85.40,428.11,0.4813,-1,-1,-1
569,199,420.42,26.00,123.02,379.80,0.8649,-1,-1,-1
570,193,213.67,1.13,208.11,472.21,0.9178,-1,-1,-1
570,190,-2.91,-1.57,147.27,440.57,0.9159,-1,-1,-1
570,210,565.47,46.64,78.40,390.52,0.6269,-1,-1,-1
570,199,422.89,13.23,131.37,398.89,0.8622,-1,-1,-1
571,193,196.66,0.27,222.32,476.69,0.9079,-1,-1,-1
571,190,-6.47,-5.68,131.54,453.17,0.8977,-1,-1,-1
571,210,568.84,51.71,73.53,374.91,0.8799,-1,-1,-1
571,199,430.26,1.64,139.96,427.21,0.8685,-1,-1,-1
572,193,185.01,-0.84,230.97,477.62,0.9157,-1,-1,-1
572,190,-6.25,-7.94,114.84,463.94,0.8826,-1,-1,-1
572,210,573.43,58.95,67.59,330.00,0.7343,-1,-1,-1
572,199,437.65,-3.81,148.25,450.13,0.8796,-1,-1,-1
573,193,178.80,1.84,239.37,477.10,0.9161,-1,-1,-1
573,190,-4.26,7.37,100.07,464.17,0.8324,-1,-1,-1
573,210,589.40,69.79,51.12,318.45,0.4267,-1,-1,-1
573,199,442.21,-2.35,169.07,474.91,0.8489,-1,-1,-1
574,193,178.70,0.42,248.92,479.39,0.9135,-1,-1,-1
574,199,454.87,-4.80,179.43,489.60,0.9044,-1,-1,-1
575,193,185.15,1.31,248.92,475.11,0.9050,-1,-1,-1
575,199,462.82,-4.56,180.75,488.63,0.9145,-1,-1,-1
576,193,191.83,-0.80,251.78,480.63,0.9184,-1,-1,-1
576,199,477.12,-7.59,176.01,493.80,0.9070,-1,-1,-1
577,193,201.37,0.02,248.52,478.83,0.9226,-1,-1,-1
577,199,491.45,-5.65,160.08,488.78,0.8957,-1,-1,-1
578,193,211.57,-0.81,244.85,481.10,0.9245,-1,-1,-1
578,199,515.60,-5.08,135.72,490.78,0.7288,-1,-1,-1
579,193,221.28,-3.12,239.64,482.84,0.9072,-1,-1,-1
580,193,231.63,2.03,234.17,474.44,0.9166,-1,-1,-1
580,216,502.94,96.06,128.03,318.61,0.8443,-1,-1,-1
581,193,252.27,5.87,229.49,469.35,0.9243,-1,-1,-1
581,216,507.52,80.19,93.97,324.35,0.7155,-1,-1,-1
581,217,218.78,151.31,46.56,131.56,0.7864,-1,-1,-1
582,193,258.21,5.64,231.24,466.26,0.9218,-1,-1,-1
582,216,498.63,71.83,84.87,325.16,0.6034,-1,-1,-1
582,217,213.60,150.80,52.31,135.17,0.8260,-1,-1,-1
583,193,265.36,6.50,241.26,467.49,0.9171,-1,-1,-1
583,216,499.46,79.24,75.91,322.87,0.6861,-1,-1,-1
583,217,209.72,159.00,57.41,137.82,0.7322,-1,-1,-1
583,219,525.23,107.74,114.92,299.76,0.6704,-1,-1,-1
584,193,270.12,3.80,256.50,468.49,0.9155,-1,-1,-1
584,217,206.10,158.77,58.63,142.63,0.7196,-1,-1,-1
584,219,512.53,100.87,118.40,315.20,0.5043,-1,-1,-1
585,193,273.10,1.56,271.55,467.50,0.9072,-1,-1,-1
585,217,201.88,151.10,58.14,149.47,0.7369,-1,-1,-1
585,219,518.83,110.73,91.44,300.73,0.3286,-1,-1,-1
585,220,548.48,118.20,59.55,235.08,0.4540,-1,-1,-1
585,221,1.33,-0.94,108.08,464.44,0.6186,-1,-1,-1
586,193,277.59,3.70,275.77,467.25,0.9011,-1,-1,-1
586,217,198.63,148.32,60.02,158.91,0.8081,-1,-1,-1
586,219,532.24,120.33,71.71,269.18,0.7513,-1,-1,-1
586,220,539.82,121.56,67.09,253.69,0.7513,-1,-1,-1
586,221,2.32,0.93,114.45,472.63,0.5799,-1,-1,-1
586,216,458.95,91.17,123.78,318.88,0.3592,-1,-1,-1
587,193,276.31,2.77,267.25,464.31,0.9127,-1,-1,-1
587,217,188.22,144.52,62.13,160.98,0.8180,-1,-1,-1
587,219,522.62,118.31,68.14,255.82,0.6570,-1,-1,-1
587,220,523.76,117.58,70.24,256.42,0.6570,-1,-1,-1
587,221,-0.02,0.77,113.21,475.34,0.6820,-1,-1,-1
587,216,448.12,123.41,116.58,274.87,0.5199,-1,-1,-1
588,193,273.15,3.97,257.38,470.73,0.9158,-1,-1,-1
588,217,178.31,147.16,61.68,164.40,0.8345,-1,-1,-1
588,219,514.61,124.34,68.71,249.34,0.7258,-1,-1,-1
588,220,513.10,123.33,72.03,253.97,0.7258,-1,-1,-1
588,221,-1.55,1.70,106.46,477.84,0.6458,-1,-1,-1
588,216,444.54,164.41,94.18,229.23,0.5850,-1,-1,-1
589,193,248.64,4.13,252.94,473.01,0.9050,-1,-1,-1
589,217,153.44,145.89,64.01,170.77,0.7228,-1,-1,-1
589,219,475.87,129.78,86.49,242.16,0.6390,-1,-1,-1
589,220,474.91,128.67,88.34,247.55,0.6390,-1,-1,-1
589,221,-4.21,1.55,97.58,476.85,0.6297,-1,-1,-1
590,193,234.38,1.55,255.61,473.66,0.8834,-1,-1,-1
590,217,139.17,141.26,68.54,177.26,0.8217,-1,-1,-1
590,219,458.95,126.69,93.83,242.03,0.7958,-1,-1,-1
590,220,457.37,125.83,96.43,246.68,0.7958,-1,-1,-1
590,221,-2.75,1.23,98.33,472.50,0.3429,-1,-1,-1
591,193,207.65,-0.15,264.75,476.53,0.8733,-1,-1,-1
591,217,120.60,139.43,68.85,183.29,0.8124,-1,-1,-1
591,219,444.14,123.40,92.97,241.94,0.6494,-1,-1,-1
591,220,442.26,122.73,95.84,245.92,0.6494,-1,-1,-1
591,221,-5.02,-0.38,110.51,473.94,0.6634,-1,-1,-1
592,193,188.46,1.40,263.02,477.75,0.8744,-1,-1,-1
592,217,102.30,142.98,72.33,193.94,0.8585,-1,-1,-1
592,219,411.39,126.86,103.36,254.11,0.7556,-1,-1,-1
592,220,410.21,126.25,105.56,257.49,0.7556,-1,-1,-1
592,221,-4.93,1.00,85.32,408.75,0.7701,-1,-1,-1
593,193,187.57,-1.73,254.92,479.14,0.8938,-1,-1,-1
593,217,83.51,132.24,75.43,206.02,0.8117,-1,-1,-1
593,219,381.92,123.01,99.80,253.66,0.3696,-1,-1,-1
593,220,380.93,122.40,101.97,256.81,0.3696,-1,-1,-1
593,221,-1.99,6.31,100.38,447.96,0.4021,-1,-1,-1
594,193,188.49,-1.98,249.19,478.82,0.8991,-1,-1,-1
594,217,71.32,124.04,77.68,214.43,0.8333,-1,-1,-1
594,219,390.79,118.09,70.77,251.70,0.1966,-1,-1,-1
594,220,370.73,125.16,82.94,252.18,0.2934,-1,-1,-1
594,221,-0.26,19.49,97.45,449.77,0.5642,-1,-1,-1
595,193,189.03,1.00,243.51,480.81,0.9078,-1,-1,-1
595,217,46.81,121.09,88.22,228.02,0.7864,-1,-1,-1
595,219,398.37,124.70,68.81,244.32,0.4694,-1,-1,-1
595,220,363.63,132.79,72.70,253.78,0.2728,-1,-1,-1
595,221,-0.62,33.61,76.11,444.40,0.2234,-1,-1,-1
596,193,189.80,0.75,236.83,480.19,0.9079,-1,-1,-1
596,217,34.47,113.14,91.44,237.64,0.8215,-1,-1,-1
596,219,401.78,127.38,56.06,243.37,0.3974,-1,-1,-1
596,220,364.10,128.33,78.86,259.50,0.5817,-1,-1,-1
596,221,0.84,39.08,51.95,355.92,0.4011,-1,-1,-1
597,193,194.11,0.02,225.94,480.19,0.9005,-1,-1,-1
597,217,24.52,106.28,90.29,247.03,0.7979,-1,-1,-1
597,219,368.68,136.50,77.31,242.19,0.3717,-1,-1,-1
597,220,357.87,135.33,83.44,250.19,0.3717,-1,-1,-1
597,221,0.46,52.23,39.08,403.93,0.3759,-1,-1,-1
598,193,198.89,1.22,219.65,478.83,0.9109,-1,-1,-1
598,217,14.56,105.80,88.60,253.62,0.7669,-1,-1,-1
598,219,369.31,140.16,68.37,238.95,0.2545,-1,-1,-1
598,221,1.11,102.01,34.23,290.09,0.4543,-1,-1,-1
598,226,158.23,154.91,53.38,149.37,0.7758,-1,-1,-1
599,193,199.48,-0.04,222.31,477.53,0.9032,-1,-1,-1
599,217,1.79,100.46,91.67,274.73,0.8244,-1,-1,-1
599,219,369.70,139.58,59.01,232.48,0.4019,-1,-1,-1
599,226,151.36,152.46,58.08,151.37,0.8053,-1,-1,-1
599,228,606.53,200.15,33.25,141.48,0.6156,-1,-1,-1
600,193,200.82,1.13,230.03,476.60,0.9121,-1,-1,-1
600,217,-2.96,96.21,78.78,279.62,0.8680,-1,-1,-1
600,219,365.27,143.37,67.60,223.47,0.1933,-1,-1,-1
600,226,146.01,153.54,60.53,158.45,0.8115,-1,-1,-1
600,228,600.02,160.68,40.37,190.09,0.6038,-1,-1,-1
601,193,199.40,1.12,236.78,476.73,0.9208,-1,-1,-1
601,217,-2.47,119.88,63.21,255.95,0.4181,-1,-1,-1
601,219,361.97,139.97,73.23,224.49,0.1992,-1,-1,-1
601,226,141.92,153.28,62.44,162.95,0.8204,-1,-1,-1
601,228,596.08,134.93,44.94,219.25,0.5684,-1,-1,-1
601,221,0.82,133.80,53.27,240.25,0.4181,-1,-1,-1
602,193,195.30,-0.94,244.04,478.27,0.9112,-1,-1,-1
602,217,-1.76,123.25,50.29,322.61,0.2433,-1,-1,-1
602,226,139.84,150.16,60.59,167.30,0.8201,-1,-1,-1
602,228,592.40,112.89,49.21,243.79,0.5309,-1,-1,-1
603,193,193.34,0.44,241.29,479.64,0.9085,-1,-1,-1
603,217,-2.19,164.29,36.68,300.63,0.3077,-1,-1,-1
603,226,132.68,152.19,62.92,173.00,0.8623,-1,-1,-1
603,228,589.00,104.11,51.92,259.91,0.5833,-1,-1,-1
604,193,192.81,-0.28,236.09,479.68,0.9057,-1,-1,-1
604,226,129.35,148.70,67.72,178.59,0.8128,-1,-1,-1
604,228,583.50,97.30,57.35,339.29,0.4689,-1,-1,-1
604,219,365.84,172.60,66.45,197.17,0.3790,-1,-1,-1
605,193,196.23,-0.14,224.16,480.59,0.9086,-1,-1,-1
605,226,127.06,145.51,68.91,183.84,0.8074,-1,-1,-1
605,228,585.00,91.19,56.39,304.15,0.5186,-1,-1,-1
605,219,370.46,182.87,56.90,188.57,0.3230,-1,-1,-1
605,221,1.54,211.63,63.70,204.53,0.4954,-1,-1,-1
606,193,200.75,-0.60,214.93,478.62,0.9110,-1,-1,-1
606,226,125.60,140.71,70.62,185.95,0.8114,-1,-1,-1
606,228,589.74,94.90,52.21,277.39,0.4439,-1,-1,-1
606,221,2.74,217.26,67.53,248.97,0.4064,-1,-1,-1
607,193,198.17,-1.03,212.42,481.34,0.9039,-1,-1,-1
607,226,116.41,133.96,76.44,195.09,0.8302,-1,-1,-1
607,221,0.22,206.02,69.13,235.22,0.4389,-1,-1,-1
608,193,195.69,-0.63,213.44,482.38,0.9087,-1,-1,-1
608,226,101.31,131.48,87.81,203.17,0.8437,-1,-1,-1
609,193,200.23,-3.59,217.55,482.18,0.9002,-1,-1,-1
609,226,95.38,122.42,93.20,212.45,0.8684,-1,-1,-1
610,193,207.06,-1.51,220.49,481.32,0.7994,-1,-1,-1
610,226,92.76,121.51,89.63,221.02,0.8498,-1,-1,-1
611,193,220.41,0.87,214.74,480.58,0.8658,-1,-1,-1
611,226,90.56,123.80,85.85,228.01,0.8526,-1,-1,-1
612,193,229.16,-0.60,219.63,480.07,0.8849,-1,-1,-1
612,226,81.51,116.52,86.82,238.24,0.8631,-1,-1,-1
612,233,192.95,139.97,69.58,244.65,0.4095,-1,-1,-1
612,234,162.34,166.94,37.64,122.73,0.7497,-1,-1,-1
613,193,229.92,-1.41,226.13,479.02,0.8773,-1,-1,-1
613,226,61.57,107.91,96.56,244.58,0.8603,-1,-1,-1
613,233,186.11,135.93,81.59,235.26,0.5138,-1,-1,-1
613,234,154.08,161.89,42.92,124.67,0.7298,-1,-1,-1
613,235,-0.53,17.48,74.53,305.29,0.7611,-1,-1,-1
614,193,242.09,0.81,227.02,478.64,0.8817,-1,-1,-1
614,226,49.32,101.75,95.07,262.51,0.8848,-1,-1,-1
614,233,176.10,112.90,89.72,255.34,0.8664,-1,-1,-1
614,234,141.85,159.67,47.92,130.19,0.7536,-1,-1,-1
614,235,-1.18,26.68,74.47,308.85,0.7066,-1,-1,-1
615,193,256.89,1.94,222.22,477.11,0.8895,-1,-1,-1
615,226,47.18,97.45,91.01,272.86,0.8383,-1,-1,-1
615,233,178.87,106.20,88.04,264.02,0.8632,-1,-1,-1
615,234,136.70,158.22,50.38,132.96,0.7919,-1,-1,-1
615,235,0.51,23.53,72.42,370.68,0.7937,-1,-1,-1
616,193,271.25,-0.32,224.48,480.22,0.8925,-1,-1,-1
616,226,47.24,90.41,82.53,273.19,0.7539,-1,-1,-1
616,233,183.84,103.44,83.97,271.23,0.8400,-1,-1,-1
616,234,129.89,152.49,54.23,138.70,0.8220,-1,-1,-1
616,235,-0.14,11.30,78.04,432.27,0.6317,-1,-1,-1
617,193,278.87,-2.30,226.48,479.58,0.8881,-1,-1,-1
617,226,43.72,77.87,78.10,230.62,0.6216,-1,-1,-1
617,233,184.17,97.64,82.25,273.27,0.8540,-1,-1,-1
617,234,125.67,144.18,56.87,143.03,0.7973,-1,-1,-1
617,235,-0.12,2.76,85.18,356.40,0.3971,-1,-1,-1
617,236,251.26,109.72,55.80,192.17,0.6299,-1,-1,-1
618,193,278.74,-2.98,227.28,481.79,0.8937,-1,-1,-1
618,226,34.64,57.89,67.90,188.05,0.3183,-1,-1,-1
618,233,178.86,92.58,77.25,276.31,0.8549,-1,-1,-1
618,234,110.02,136.69,64.23,149.82,0.7921,-1,-1,-1
618,235,-1.39,-4.03,88.73,451.51,0.8148,-1,-1,-1
618,236,261.30,96.59,51.27,241.24,0.7247,-1,-1,-1
619,193,276.74,-0.07,226.01,479.58,0.9010,-1,-1,-1
619,233,172.04,92.84,74.24,271.49,0.8632,-1,-1,-1
619,234,101.86,134.12,57.36,152.57,0.8067,-1,-1,-1
619,235,0.68,-4.38,92.22,476.17,0.8446,-1,-1,-1
619,236,260.55,93.40,56.03,261.02,0.7926,-1,-1,-1
620,193,276.24,1.42,226.00,479.58,0.8564,-1,-1,-1
620,233,168.53,93.13,72.55,266.58,0.8336,-1,-1,-1
620,234,92.79,134.72,60.91,157.51,0.8079,-1,-1,-1
620,235,0.37,-1.22,100.14,485.33,0.8456,-1,-1,-1
620,236,259.53,92.29,62.33,271.83,0.8102,-1,-1,-1
620,239,233.53,124.72,41.82,175.86,0.6492,-1,-1,-1
621,193,288.76,4.43,212.97,475.29,0.8909,-1,-1,-1
621,233,169.58,103.37,73.29,265.28,0.7977,-1,-1,-1
621,234,90.29,142.46,64.63,161.24,0.7954,-1,-1,-1
621,235,0.00,5.98,107.46,488.19,0.8803,-1,-1,-1
621,236,260.56,101.18,68.44,271.00,0.8151,-1,-1,-1
621,239,237.43,134.23,40.46,176.06,0.7011,-1,-1,-1
622,193,305.46,4.96,198.45,475.49,0.9047,-1,-1,-1
622,233,173.34,112.40,73.30,265.65,0.8545,-1,-1,-1
622,234,90.28,146.77,64.84,162.42,0.8021,-1,-1,-1
622,235,0.15,6.43,119.17,490.42,0.8905,-1,-1,-1
622,236,265.01,110.80,66.99,272.49,0.8253,-1,-1,-1
622,239,242.54,144.00,35.67,169.80,0.6816,-1,-1,-1
623,193,309.88,3.28,190.35,476.99,0.9139,-1,-1,-1
623,233,171.00,117.74,73.70,267.07,0.8563,-1,-1,-1
623,234,88.98,145.75,59.38,151.42,0.7311,-1,-1,-1
623,235,-1.79,6.20,125.51,488.11,0.8239,-1,-1,-1
623,236,263.85,117.38,65.00,271.64,0.8259,-1,-1,-1
623,239,240.89,151.25,32.18,165.83,0.7132,-1,-1,-1
624,193,309.37,1.64,185.65,477.43,0.9197,-1,-1,-1
624,233,167.86,121.10,76.05,266.83,0.8210,-1,-1,-1
624,234,85.51,128.13,53.45,148.09,0.4272,-1,-1,-1
624,235,-0.76,2.53,122.44,488.78,0.6557,-1,-1,-1
624,236,260.46,119.53,68.04,269.97,0.8274,-1,-1,-1
624,239,239.92,155.24,29.38,164.96,0.5112,-1,-1,-1
625,193,309.58,-1.26,186.33,479.13,0.9171,-1,-1,-1
625,233,165.14,116.67,81.69,268.45,0.7985,-1,-1,-1
625,235,-0.56,47.68,102.31,438.99,0.6966,-1,-1,-1
625,236,252.19,115.68,76.75,262.07,0.8592,-1,-1,-1
626,193,311.67,-2.51,192.89,480.34,0.9133,-1,-1,-1
626,233,160.01,112.38,93.66,268.43,0.8228,-1,-1,-1
626,235,0.42,14.96,129.20,463.08,0.5748,-1,-1,-1
626,236,253.03,110.23,76.50,258.90,0.8529,-1,-1,-1
627,193,313.57,-4.08,205.26,482.39,0.9044,-1,-1,-1
627,233,169.31,104.37,85.08,264.38,0.7840,-1,-1,-1
627,235,-1.20,1.01,139.83,481.21,0.6244,-1,-1,-1
627,236,255.28,103.94,72.51,261.82,0.8542,-1,-1,-1
627,241,-1.34,13.50,96.61,465.83,0.5192,-1,-1,-1
628,193,320.31,-3.60,221.38,482.21,0.9194,-1,-1,-1
628,233,175.33,97.97,83.34,263.65,0.8363,-1,-1,-1
628,235,0.26,-2.63,150.58,486.46,0.6089,-1,-1,-1
628,236,258.55,100.98,74.46,263.32,0.8704,-1,-1,-1
628,241,-0.80,3.48,102.15,476.42,0.5574,-1,-1,-1
629,193,330.86,1.46,244.66,479.13,0.8932,-1,-1,-1
629,233,186.18,106.56,82.42,263.26,0.8101,-1,-1,-1
629,235,2.75,2.89,164.16,485.67,0.6198,-1,-1,-1
629,236,267.61,111.14,76.84,261.08,0.8297,-1,-1,-1
629,241,1.02,11.47,116.43,470.57,0.4483,-1,-1,-1
630,193,342.85,0.19,269.56,483.07,0.8930,-1,-1,-1
630,233,190.16,113.29,91.13,264.67,0.7738,-1,-1,-1
630,235,-1.40,3.81,184.15,488.15,0.8120,-1,-1,-1
630,236,276.11,114.79,79.50,261.47,0.8098,-1,-1,-1
630,241,-2.46,39.78,136.92,445.72,0.3142,-1,-1,-1
630,242,161.32,134.40,54.11,183.84,0.7472,-1,-1,-1
631,193,354.23,1.53,272.20,474.57,0.8940,-1,-1,-1
631,233,210.77,116.44,77.37,260.86,0.8266,-1,-1,-1
631,235,3.54,2.56,193.98,480.91,0.8905,-1,-1,-1
631,236,285.68,115.32,78.19,255.45,0.8255,-1,-1,-1
631,241,2.23,11.93,179.00,466.68,0.8905,-1,-1,-1
631,242,167.55,131.17,57.65,191.22,0.7462,-1,-1,-1
632,193,366.38,2.75,263.72,474.84,0.9166,-1,-1,-1
632,233,222.52,118.75,66.01,259.47,0.8479,-1,-1,-1
632,235,6.23,1.12,195.31,480.28,0.8934,-1,-1,-1
632,236,291.10,117.43,75.39,246.76,0.8495,-1,-1,-1
632,241,5.24,2.89,192.10,473.77,0.8934,-1,-1,-1
632,242,174.57,131.31,52.86,145.92,0.4531,-1,-1,-1
633,193,383.30,1.58,256.92,477.37,0.9046,-1,-1,-1
633,233,231.30,117.53,62.26,254.38,0.8410,-1,-1,-1
633,235,19.96,-0.67,191.77,481.53,0.8634,-1,-1,-1
633,236,299.16,115.65,73.61,246.59,0.8505,-1,-1,-1
633,241,18.70,-1.38,193.50,478.34,0.8634,-1,-1,-1
633,242,178.15,129.80,51.20,229.27,0.5304,-1,-1,-1
634,193,401.08,-1.26,245.72,478.77,0.9107,-1,-1,-1
634,233,237.16,112.44,63.82,253.86,0.8294,-1,-1,-1
634,235,30.92,-2.97,179.70,484.76,0.7761,-1,-1,-1
634,236,307.97,112.79,72.38,248.90,0.8355,-1,-1,-1
634,241,29.67,-4.26,183.38,482.73,0.7761,-1,-1,-1
634,243,0.42,69.38,54.38,304.49,0.7633,-1,-1,-1
635,193,415.90,-1.55,235.26,478.92,0.9113,-1,-1,-1
635,233,242.84,114.00,65.55,250.46,0.8128,-1,-1,-1
635,235,34.79,0.79,198.60,483.62,0.8728,-1,-1,-1
635,236,315.39,115.42,74.87,248.67,0.8467,-1,-1,-1
635,241,33.63,-0.53,202.45,481.74,0.8728,-1,-1,-1
635,239,292.70,142.40,36.07,168.86,0.4259,-1,-1,-1
636,193,419.17,-0.72,226.87,478.09,0.9128,-1,-1,-1
636,233,237.72,116.04,68.55,247.48,0.7757,-1,-1,-1
636,235,35.12,1.55,208.74,480.60,0.8501,-1,-1,-1
636,236,315.01,115.83,73.12,245.70,0.8229,-1,-1,-1
636,241,34.10,0.32,212.42,479.01,0.8501,-1,-1,-1
636,239,290.08,141.12,39.04,167.80,0.4243,-1,-1,-1
637,193,421.69,0.54,221.32,476.27,0.9243,-1,-1,-1
637,233,243.10,118.12,62.74,240.74,0.7585,-1,-1,-1
637,235,45.85,1.17,203.65,478.73,0.8326,-1,-1,-1
637,236,315.33,115.63,70.58,240.52,0.8092,-1,-1,-1
637,241,44.92,0.06,207.10,477.45,0.8326,-1,-1,-1
637,239,291.49,140.25,37.94,166.41,0.5516,-1,-1,-1
638,193,420.41,1.82,219.46,474.00,0.9153,-1,-1,-1
638,233,247.82,118.17,59.14,229.95,0.8278,-1,-1,-1
638,235,59.22,1.23,196.01,476.56,0.8364,-1,-1,-1
638,236,313.96,114.46,69.79,232.98,0.8095,-1,-1,-1
638,241,58.43,0.26,198.98,475.53,0.8364,-1,-1,-1
638,239,293.40,128.85,37.68,173.21,0.1886,-1,-1,-1
639,193,409.68,2.70,227.36,473.07,0.8978,-1,-1,-1
639,233,248.51,115.94,56.52,228.41,0.8172,-1,-1,-1
639,235,65.96,1.75,186.04,475.44,0.7916,-1,-1,-1
639,236,310.29,113.15,71.18,233.40,0.8497,-1,-1,-1
639,241,65.34,0.89,188.52,474.62,0.7916,-1,-1,-1
639,239,291.42,134.54,37.17,162.72,0.3390,-1,-1,-1
640,193,405.07,3.57,229.42,475.27,0.8852,-1,-1,-1
640,233,243.17,114.63,58.00,231.42,0.8114,-1,-1,-1
640,235,34.30,1.94,210.97,476.57,0.8317,-1,-1,-1
640,236,302.98,114.22,74.65,235.02,0.8379,-1,-1,-1
640,241,34.05,1.13,212.75,475.97,0.8317,-1,-1,-1
640,239,285.69,131.79,33.10,164.70,0.1728,-1,-1,-1
641,193,408.93,4.47,224.26,473.82,0.9249,-1,-1,-1
641,233,237.52,119.33,59.31,233.28,0.7442,-1,-1,-1
641,235,26.08,3.35,216.34,475.61,0.8211,-1,-1,-1
641,236,296.31,119.06,74.24,234.17,0.8268,-1,-1,-1
641,241,25.73,2.65,218.17,475.08,0.8211,-1,-1,-1
642,193,406.29,3.38,228.59,475.64,0.9188,-1,-1,-1
642,233,236.51,122.98,59.53,236.19,0.7454,-1,-1,-1
642,235,21.61,2.81,220.18,475.38,0.8590,-1,-1,-1
642,236,293.32,121.67,75.37,233.53,0.8351,-1,-1,-1
642,241,21.23,2.20,221.92,474.88,0.8590,-1,-1,-1
642,244,7.59,50.27,96.93,336.34,0.5946,-1,-1,-1
642,243,-0.18,75.55,32.79,340.75,0.4765,-1,-1,-1
643,193,403.08,0.38,231.81,476.50,0.9266,-1,-1,-1
643,233,234.34,121.95,60.40,236.04,0.7143,-1,-1,-1
643,235,27.93,1.93,211.27,475.78,0.7260,-1,-1,-1
643,236,292.58,119.72,74.77,232.72,0.8121,-1,-1,-1
643,241,27.52,1.41,212.89,475.33,0.7260,-1,-1,-1
643,244,0.69,33.05,83.96,368.94,0.7638,-1,-1,-1
643,239,270.34,141.21,37.31,160.04,0.4614,-1,-1,-1
644,193,397.80,1.64,236.57,474.10,0.9290,-1,-1,-1
644,233,221.49,126.49,68.13,234.09,0.6471,-1,-1,-1
644,235,19.97,7.61,214.13,471.20,0.9028,-1,-1,-1
644,236,290.96,123.63,73.53,227.26,0.8342,-1,-1,-1
644,241,19.64,7.18,215.53,470.76,0.9028,-1,-1,-1
644,244,-1.02,35.73,58.75,380.34,0.2303,-1,-1,-1
644,239,271.24,149.01,32.58,155.18,0.4358,-1,-1,-1
645,193,393.83,-0.11,242.29,474.69,0.9311,-1,-1,-1
645,233,219.91,125.67,61.81,229.15,0.7901,-1,-1,-1
645,235,33.10,2.61,194.31,475.53,0.8686,-1,-1,-1
645,236,287.46,120.59,70.92,229.17,0.8561,-1,-1,-1
645,241,32.74,2.23,195.59,475.15,0.8686,-1,-1,-1
645,239,268.75,145.78,31.13,158.41,0.5116,-1,-1,-1
646,193,389.56,0.30,247.07,474.42,0.9146,-1,-1,-1
646,233,219.15,125.10,56.47,214.39,0.7905,-1,-1,-1
646,235,53.69,0.62,169.63,478.36,0.8938,-1,-1,-1
646,236,283.78,121.83,67.21,229.69,0.7914,-1,-1,-1
646,241,53.35,0.27,170.68,478.02,0.8938,-1,-1,-1
646,239,264.40,145.27,28.27,127.88,0.5352,-1,-1,-1
647,193,388.32,1.39,249.37,476.31,0.9191,-1,-1,-1
647,233,218.46,126.12,52.60,197.96,0.8152,-1,-1,-1
647,235,63.83,-0.20,158.09,480.39,0.8977,-1,-1,-1
647,236,280.78,125.20,65.72,230.25,0.7967,-1,-1,-1
647,241,63.60,-0.51,158.86,480.12,0.8977,-1,-1,-1
647,239,256.96,149.09,31.56,147.57,0.6765,-1,-1,-1
648,193,389.64,1.91,249.16,475.41,0.9145,-1,-1,-1
648,233,218.39,129.87,50.64,193.82,0.7351,-1,-1,-1
648,235,68.07,0.59,154.21,479.75,0.9028,-1,-1,-1
648,236,280.22,129.18,64.97,228.44,0.7825,-1,-1,-1
648,241,67.92,0.31,154.82,479.52,0.9028,-1,-1,-1
648,239,255.29,151.46,32.75,150.48,0.6555,-1,-1,-1
649,193,389.98,3.05,249.32,475.71,0.9204,-1,-1,-1
649,233,217.98,137.48,50.91,199.70,0.7169,-1,-1,-1
649,235,66.78,3.85,155.09,477.22,0.8980,-1,-1,-1
649,236,279.19,133.50,65.29,226.60,0.7800,-1,-1,-1
649,241,66.67,3.61,155.61,477.01,0.8980,-1,-1,-1
649,239,254.96,155.76,32.57,149.35,0.6811,-1,-1,-1
650,193,390.60,1.13,247.63,477.28,0.9207,-1,-1,-1
650,233,216.00,138.05,52.05,201.76,0.8071,-1,-1,-1
650,235,62.69,4.32,156.74,475.04,0.8956,-1,-1,-1
650,236,275.63,131.43,67.52,222.78,0.7993,-1,-1,-1
650,241,62.60,4.09,157.16,474.90,0.8956,-1,-1,-1
650,239,253.26,153.19,28.62,155.56,0.1963,-1,-1,-1
651,193,387.81,-1.89,249.39,479.21,0.8971,-1,-1,-1
651,233,207.65,127.34,54.17,213.21,0.7677,-1,-1,-1
651,235,44.33,-0.81,167.15,478.12,0.8886,-1,-1,-1
651,236,262.30,123.17,73.23,220.12,0.8027,-1,-1,-1
651,241,44.26,-1.01,167.52,478.00,0.8886,-1,-1,-1
651,239,246.05,146.11,28.93,153.78,0.1727,-1,-1,-1
652,193,390.70,0.90,247.08,476.34,0.9024,-1,-1,-1
652,233,205.22,129.25,56.48,217.25,0.8174,-1,-1,-1
652,235,41.23,1.77,169.53,476.35,0.8966,-1,-1,-1
652,236,258.84,127.02,74.14,220.11,0.8353,-1,-1,-1
652,241,41.16,1.60,169.88,476.24,0.8966,-1,-1,-1
653,193,394.10,2.76,245.05,478.03,0.8968,-1,-1,-1
653,233,204.51,135.63,57.23,219.68,0.8145,-1,-1,-1
653,235,40.43,6.12,172.29,475.17,0.8761,-1,-1,-1
653,236,258.77,134.61,72.60,221.72,0.8489,-1,-1,-1
653,241,40.35,5.97,172.62,475.07,0.8761,-1,-1,-1
654,193,394.24,-2.20,245.75,478.71,0.9116,-1,-1,-1
654,233,202.06,131.09,57.81,220.51,0.7885,-1,-1,-1
654,235,34.87,-0.52,178.42,478.40,0.8888,-1,-1,-1
654,236,258.80,129.40,71.05,222.39,0.8313,-1,-1,-1
654,241,34.80,-0.65,178.71,478.30,0.8888,-1,-1,-1
655,193,394.34,-1.22,245.90,479.33,0.9175,-1,-1,-1
655,233,196.72,133.80,65.08,220.58,0.8413,-1,-1,-1
655,235,25.24,0.05,191.80,479.91,0.8750,-1,-1,-1
655,236,262.42,131.11,70.15,222.63,0.8481,-1,-1,-1
655,241,25.18,-0.07,192.06,479.83,0.8750,-1,-1,-1
656,193,391.24,-0.45,247.07,479.65,0.8977,-1,-1,-1
656,233,201.28,134.38,59.59,220.24,0.7752,-1,-1,-1
656,235,15.52,0.59,203.78,479.44,0.8914,-1,-1,-1
656,236,265.44,130.56,67.64,220.40,0.8447,-1,-1,-1
656,241,15.47,0.49,204.03,479.37,0.8914,-1,-1,-1
657,193,380.54,-1.57,258.30,478.07,0.8913,-1,-1,-1
657,233,209.99,125.90,54.19,214.12,0.7780,-1,-1,-1
657,235,16.68,1.47,206.43,474.04,0.9124,-1,-1,-1
657,236,271.17,121.87,68.33,215.47,0.8607,-1,-1,-1
657,241,16.63,1.38,206.65,473.98,0.9124,-1,-1,-1
658,193,380.88,1.59,254.63,474.08,0.8927,-1,-1,-1
658,233,216.89,126.19,52.11,208.00,0.8042,-1,-1,-1
658,235,27.23,8.52,199.55,466.05,0.8964,-1,-1,-1
658,236,275.43,120.72,68.12,212.35,0.8460,-1,-1,-1
658,241,27.17,8.44,199.76,466.00,0.8964,-1,-1,-1
659,193,382.63,2.31,244.93,471.55,0.9049,-1,-1,-1
659,233,219.56,128.06,55.41,198.10,0.7765,-1,-1,-1
659,235,51.57,12.47,178.55,463.03,0.9093,-1,-1,-1
659,236,279.88,120.92,68.62,211.61,0.8334,-1,-1,-1
659,241,51.51,12.40,178.74,462.99,0.9093,-1,-1,-1
660,193,383.96,2.41,238.97,474.84,0.8985,-1,-1,-1
660,233,210.57,134.41,58.90,192.82,0.7546,-1,-1,-1
660,235,68.63,13.26,154.26,462.41,0.8865,-1,-1,-1
660,236,274.58,128.32,68.91,211.60,0.8414,-1,-1,-1
660,241,68.58,13.20,154.42,462.37,0.8865,-1,-1,-1
661,193,387.78,-0.80,242.84,475.61,0.9184,-1,-1,-1
661,233,208.68,136.69,62.19,191.03,0.6224,-1,-1,-1
661,235,79.68,8.33,146.54,469.81,0.8859,-1,-1,-1
661,236,274.33,130.11,70.69,208.98,0.8183,-1,-1,-1
661,241,79.64,8.28,146.67,469.76,0.8859,-1,-1,-1
662,193,387.62,-0.86,249.40,479.28,0.8990,-1,-1,-1
662,233,213.52,138.76,58.16,170.49,0.4957,-1,-1,-1
662,235,85.72,4.77,140.22,476.01,0.8764,-1,-1,-1
662,236,273.54,131.24,68.61,211.94,0.8510,-1,-1,-1
662,241,85.69,4.72,140.32,475.96,0.8764,-1,-1,-1
663,193,390.15,-0.30,249.41,477.55,0.8745,-1,-1,-1
663,233,221.01,138.24,53.66,160.84,0.5904,-1,-1,-1
663,235,89.69,4.54,143.03,476.57,0.8680,-1,-1,-1
663,236,274.40,131.24,67.60,207.75,0.8588,-1,-1,-1
663,241,89.67,4.50,143.11,476.53,0.8680,-1,-1,-1
663,247,36.65,130.32,67.46,211.18,0.7919,-1,-1,-1
664,193,392.68,0.46,247.34,476.83,0.9133,-1,-1,-1
664,233,223.92,136.73,52.08,156.99,0.6916,-1,-1,-1
664,235,91.86,7.46,139.04,452.28,0.8857,-1,-1,-1
664,236,274.96,131.45,67.55,205.20,0.8643,-1,-1,-1
664,241,91.84,7.43,139.10,452.25,0.8857,-1,-1,-1
664,247,11.70,126.04,91.17,217.75,0.7867,-1,-1,-1
665,193,401.75,-0.06,240.29,482.37,0.9057,-1,-1,-1
665,233,226.52,133.72,51.56,160.37,0.8041,-1,-1,-1
665,235,95.32,11.70,136.48,462.54,0.8705,-1,-1,-1
665,236,277.59,130.24,68.56,204.92,0.8240,-1,-1,-1
665,241,95.31,11.67,136.53,462.51,0.8705,-1,-1,-1
665,247,3.72,114.85,90.86,231.25,0.8366,-1,-1,-1
666,193,412.70,-0.23,228.08,480.47,0.8782,-1,-1,-1
666,233,228.01,131.31,51.43,161.94,0.8193,-1,-1,-1
666,235,98.58,11.84,135.24,464.08,0.8392,-1,-1,-1
666,236,278.96,127.14,67.07,206.16,0.8209,-1,-1,-1
666,241,98.57,11.81,135.28,464.06,0.8392,-1,-1,-1
666,247,0.41,105.51,87.58,239.71,0.8896,-1,-1,-1
666,248,81.10,154.08,34.70,183.24,0.4281,-1,-1,-1
667,193,428.63,-0.30,213.47,481.50,0.8949,-1,-1,-1
667,233,233.43,132.28,47.28,160.25,0.7239,-1,-1,-1
667,235,100.89,11.14,133.28,468.27,0.8721,-1,-1,-1
667,236,280.50,127.36,67.05,207.21,0.8009,-1,-1,-1
667,241,100.88,11.12,133.32,468.25,0.8721,-1,-1,-1
667,247,-2.68,97.30,85.80,250.22,0.8918,-1,-1,-1
667,248,77.51,108.12,44.56,229.85,0.6756,-1,-1,-1
668,193,446.53,0.60,195.92,481.55,0.9091,-1,-1,-1
668,233,237.06,135.62,48.57,164.14,0.7604,-1,-1,-1
668,235,110.15,11.39,132.52,469.30,0.8669,-1,-1,-1
668,236,284.80,130.26,66.65,205.57,0.8484,-1,-1,-1
668,241,110.14,11.36,132.56,469.29,0.8669,-1,-1,-1
668,247,-2.15,94.53,80.01,259.76,0.8746,-1,-1,-1
668,248,73.07,93.40,50.44,256.72,0.7959,-1,-1,-1
669,193,456.84,-1.02,183.82,479.65,0.9209,-1,-1,-1
669,233,235.80,130.92,53.04,158.66,0.5287,-1,-1,-1
669,235,100.41,5.17,146.27,457.77,0.8752,-1,-1,-1
669,236,287.93,124.93,65.45,199.25,0.8839,-1,-1,-1
669,241,100.41,5.15,146.30,457.76,0.8752,-1,-1,-1
669,247,-1.75,87.39,69.51,265.65,0.8561,-1,-1,-1
669,248,64.20,82.96,58.69,272.03,0.7845,-1,-1,-1
669,249,383.46,100.51,96.03,269.43,0.7856,-1,-1,-1
670,193,463.16,0.40,177.62,479.59,0.9157,-1,-1,-1
670,233,236.09,129.62,55.53,179.96,0.7519,-1,-1,-1
670,235,93.09,6.40,158.57,458.52,0.8685,-1,-1,-1
670,236,290.55,124.13,65.14,198.27,0.8689,-1,-1,-1
670,241,93.09,6.38,158.60,458.51,0.8685,-1,-1,-1
670,247,-1.51,88.85,57.64,269.10,0.8521,-1,-1,-1
670,248,53.35,78.44,69.25,289.26,0.6820,-1,-1,-1
670,249,399.10,102.56,89.04,265.14,0.8375,-1,-1,-1
671,193,466.04,3.45,174.08,477.96,0.9126,-1,-1,-1
671,233,241.21,137.03,50.20,188.00,0.7362,-1,-1,-1
671,235,80.00,18.06,174.45,455.21,0.8391,-1,-1,-1
671,236,290.41,131.62,66.26,198.22,0.8549,-1,-1,-1
671,241,79.99,18.05,174.48,455.20,0.8391,-1,-1,-1
671,247,-2.01,111.19,47.93,257.96,0.8169,-1,-1,-1
671,248,40.47,81.06,80.83,308.38,0.7930,-1,-1,-1
671,249,395.14,113.02,93.16,266.42,0.7816,-1,-1,-1
672,193,468.08,5.88,170.79,478.65,0.8931,-1,-1,-1
672,233,247.30,148.82,43.24,186.83,0.7240,-1,-1,-1
672,235,92.05,36.85,162.11,444.20,0.7675,-1,-1,-1
672,236,290.53,142.85,64.53,200.07,0.8583,-1,-1,-1
672,241,92.04,36.83,162.14,444.19,0.7675,-1,-1,-1
672,247,-2.05,126.32,29.26,261.61,0.6565,-1,-1,-1
672,248,24.17,82.66,94.14,329.81,0.8464,-1,-1,-1
672,249,398.78,126.72,86.89,270.20,0.8367,-1,-1,-1
673,193,465.61,-3.04,175.82,480.61,0.8639,-1,-1,-1
673,233,253.19,139.58,42.37,182.66,0.7722,-1,-1,-1
673,235,105.54,29.52,150.24,447.57,0.8711,-1,-1,-1
673,236,294.78,133.23,63.98,198.93,0.8404,-1,-1,-1
673,241,105.53,29.50,150.27,447.56,0.8711,-1,-1,-1
673,248,6.65,58.89,112.07,352.66,0.8679,-1,-1,-1
673,249,404.30,112.73,88.53,274.63,0.8542,-1,-1,-1
674,193,462.08,-1.95,176.08,478.54,0.8837,-1,-1,-1
674,233,249.36,134.91,44.73,182.81,0.7831,-1,-1,-1
674,235,91.31,24.88,156.29,452.02,0.7768,-1,-1,-1
674,236,291.99,127.77,60.52,197.40,0.8565,-1,-1,-1
674,241,91.30,24.87,156.31,452.02,0.7768,-1,-1,-1
674,248,-3.10,39.87,116.39,373.98,0.8913,-1,-1,-1
674,249,400.58,104.35,83.71,271.78,0.8357,-1,-1,-1
675,193,475.98,3.24,157.78,476.21,0.9053,-1,-1,-1
675,233,235.72,140.20,54.48,181.67,0.6277,-1,-1,-1
675,235,94.77,25.50,142.62,453.32,0.8821,-1,-1,-1
675,236,287.51,135.36,57.32,189.28,0.8596,-1,-1,-1
675,241,94.76,25.49,142.63,453.32,0.8821,-1,-1,-1
675,248,-4.42,30.34,100.37,393.30,0.8869,-1,-1,-1
675,249,393.85,110.04,80.18,266.10,0.8353,-1,-1,-1
676,193,475.39,4.97,159.14,475.09,0.8278,-1,-1,-1
676,233,237.02,142.67,48.48,185.83,0.8134,-1,-1,-1
676,235,96.14,26.17,139.52,446.79,0.8959,-1,-1,-1
676,236,283.24,139.56,56.52,187.91,0.8509,-1,-1,-1
676,241,96.14,26.16,139.53,446.78,0.8959,-1,-1,-1
676,248,-4.09,20.43,81.96,411.45,0.8587,-1,-1,-1
676,249,385.06,116.18,85.32,263.69,0.7587,-1,-1,-1
677,193,478.04,1.95,160.47,476.69,0.8987,-1,-1,-1
677,233,241.11,140.66,46.60,186.62,0.8185,-1,-1,-1
677,235,96.62,21.39,144.56,447.47,0.8886,-1,-1,-1
677,236,285.08,138.73,57.75,188.43,0.8244,-1,-1,-1
677,241,96.62,21.39,144.58,447.47,0.8886,-1,-1,-1
677,248,-2.83,19.57,62.43,417.60,0.7166,-1,-1,-1
677,249,387.86,115.61,86.06,267.57,0.7807,-1,-1,-1
678,193,474.01,-0.10,165.07,476.14,0.9061,-1,-1,-1
678,233,239.35,139.72,45.12,183.57,0.8257,-1,-1,-1
678,235,100.82,18.74,139.43,453.11,0.8652,-1,-1,-1
678,236,281.20,136.97,59.89,189.93,0.8528,-1,-1,-1
678,241,100.81,18.73,139.44,453.10,0.8652,-1,-1,-1
678,249,385.75,113.22,87.56,272.15,0.8411,-1,-1,-1
679,193,471.01,1.43,169.32,477.99,0.8952,-1,-1,-1
679,233,238.66,147.05,45.01,192.64,0.7141,-1,-1,-1
679,235,104.89,27.68,133.20,451.30,0.8280,-1,-1,-1
679,236,280.78,142.12,59.97,191.12,0.8564,-1,-1,-1
679,241,104.89,27.67,133.21,451.30,0.8280,-1,-1,-1
679,249,382.98,118.25,92.15,274.62,0.7721,-1,-1,-1
679,251,82.06,163.99,43.45,157.40,0.5568,-1,-1,-1
680,193,469.07,2.54,170.25,478.22,0.9086,-1,-1,-1
680,233,237.18,152.46,46.16,197.26,0.7466,-1,-1,-1
680,235,105.05,36.81,132.09,428.40,0.8177,-1,-1,-1
680,236,279.89,145.23,59.53,191.88,0.8631,-1,-1,-1
680,241,105.04,36.80,132.10,428.39,0.8177,-1,-1,-1
680,249,380.20,121.41,93.62,277.45,0.7584,-1,-1,-1
680,251,75.70,159.22,49.91,167.80,0.5972,-1,-1,-1
681,193,468.53,0.64,170.06,479.00,0.9140,-1,-1,-1
681,233,235.04,150.10,45.09,184.77,0.7861,-1,-1,-1
681,235,103.65,39.67,132.26,425.02,0.7966,-1,-1,-1
681,236,276.32,142.86,60.56,188.41,0.8540,-1,-1,-1
681,241,103.65,39.66,132.27,425.02,0.7966,-1,-1,-1
681,249,376.18,118.17,92.51,280.01,0.8329,-1,-1,-1
681,251,63.47,138.08,56.66,190.13,0.7467,-1,-1,-1
682,193,473.45,0.25,164.85,479.51,0.9115,-1,-1,-1
682,233,231.30,146.84,45.76,182.69,0.7969,-1,-1,-1
682,235,100.38,34.95,136.45,438.62,0.8531,-1,-1,-1
682,236,275.49,140.27,58.98,188.38,0.8669,-1,-1,-1
682,241,100.38,34.94,136.46,438.62,0.8531,-1,-1,-1
682,249,372.50,114.76,90.80,276.39,0.8199,-1,-1,-1
682,251,50.18,126.61,67.17,210.69,0.7844,-1,-1,-1
683,193,480.42,1.03,158.68,478.16,0.9110,-1,-1,-1
683,233,234.21,146.61,42.05,182.02,0.7649,-1,-1,-1
683,235,98.66,35.83,140.85,441.75,0.8584,-1,-1,-1
683,236,275.67,140.87,58.07,186.17,0.8637,-1,-1,-1
683,241,98.66,35.83,140.85,441.75,0.8584,-1,-1,-1
683,249,356.58,114.24,99.08,274.96,0.6912,-1,-1,-1
683,251,44.63,122.36,68.86,225.87,0.7949,-1,-1,-1
684,193,488.67,-0.84,151.47,479.51,0.9155,-1,-1,-1
684,233,229.41,143.10,45.40,184.21,0.6553,-1,-1,-1
684,235,95.70,27.66,142.33,438.93,0.8658,-1,-1,-1
684,236,272.52,137.39,60.33,188.26,0.8641,-1,-1,-1
684,241,95.70,27.65,142.33,438.93,0.8658,-1,-1,-1
684,249,353.17,108.67,99.37,280.62,0.7305,-1,-1,-1
684,251,34.25,111.19,77.89,241.75,0.7716,-1,-1,-1
685,193,494.92,-0.16,146.11,479.56,0.9132,-1,-1,-1
685,233,217.21,142.00,58.26,197.26,0.7063,-1,-1,-1
685,235,86.84,25.14,152.35,442.26,0.8815,-1,-1,-1
685,236,273.06,136.57,61.15,189.34,0.8617,-1,-1,-1
685,241,86.84,25.14,152.36,442.26,0.8815,-1,-1,-1
685,249,350.44,109.90,102.67,281.38,0.7594,-1,-1,-1
685,251,19.41,105.13,89.84,253.54,0.5753,-1,-1,-1
686,193,496.28,-0.93,145.00,479.63,0.8967,-1,-1,-1
686,233,217.30,142.06,56.79,195.93,0.4229,-1,-1,-1
686,235,78.32,25.24,159.66,450.52,0.8909,-1,-1,-1
686,236,270.91,135.22,60.60,189.57,0.8212,-1,-1,-1
686,241,78.32,25.24,159.67,450.52,0.8909,-1,-1,-1
686,249,353.82,109.62,97.57,284.20,0.7945,-1,-1,-1
686,251,11.19,93.58,90.95,267.34,0.7963,-1,-1,-1
687,193,497.20,-0.57,143.88,480.20,0.9104,-1,-1,-1
687,233,226.98,143.03,47.16,160.73,0.5417,-1,-1,-1
687,235,76.60,29.64,160.93,449.73,0.8834,-1,-1,-1
687,236,271.07,135.46,59.69,186.08,0.8403,-1,-1,-1
687,241,76.60,29.64,160.93,449.73,0.8834,-1,-1,-1
687,249,357.70,108.35,92.71,288.71,0.8427,-1,-1,-1
687,251,-0.09,83.33,93.32,281.52,0.8851,-1,-1,-1
688,193,493.41,-0.99,147.20,480.58,0.9203,-1,-1,-1
688,233,227.05,139.60,40.91,145.03,0.5503,-1,-1,-1
688,235,65.21,31.12,167.06,449.44,0.8681,-1,-1,-1
688,236,266.53,131.54,59.77,185.60,0.7833,-1,-1,-1
688,241,65.21,31.12,167.06,449.44,0.8681,-1,-1,-1
688,249,356.24,103.98,94.19,289.47,0.8472,-1,-1,-1
688,251,-5.92,73.36,87.93,292.72,0.8248,-1,-1,-1
689,193,482.76,0.10,158.24,480.53,0.8965,-1,-1,-1
689,233,224.20,141.54,42.83,166.26,0.7153,-1,-1,-1
689,235,78.65,33.79,150.80,448.48,0.8264,-1,-1,-1
689,236,264.52,132.70,59.91,185.65,0.8242,-1,-1,-1
689,241,78.65,33.79,150.80,448.48,0.8264,-1,-1,-1
689,249,356.97,105.01,91.13,285.20,0.8438,-1,-1,-1
689,251,-5.93,68.28,78.29,298.88,0.7674,-1,-1,-1
689,256,306.33,151.76,43.91,138.41,0.6049,-1,-1,-1
690,193,456.06,0.13,184.52,480.14,0.8623,-1,-1,-1
690,233,220.51,141.13,45.06,174.83,0.6364,-1,-1,-1
690,235,80.65,33.17,147.22,448.29,0.8663,-1,-1,-1
690,236,262.57,133.49,58.16,185.89,0.8410,-1,-1,-1
690,241,80.65,33.17,147.22,448.29,0.8663,-1,-1,-1
690,249,357.04,103.42,86.89,280.67,0.8485,-1,-1,-1
690,251,-4.45,72.90,69.63,300.98,0.6840,-1,-1,-1
690,256,307.18,151.93,47.41,139.45,0.7235,-1,-1,-1
691,193,450.69,0.83,187.98,477.71,0.8516,-1,-1,-1
691,233,218.24,143.73,45.48,150.30,0.3707,-1,-1,-1
691,235,97.03,32.48,132.86,442.93,0.8914,-1,-1,-1
691,236,260.56,136.69,58.78,185.92,0.8254,-1,-1,-1
691,241,97.02,32.48,132.87,442.93,0.8914,-1,-1,-1
691,249,353.09,102.85,87.08,282.20,0.8243,-1,-1,-1
691,251,-3.06,81.94,58.92,301.42,0.4146,-1,-1,-1
691,256,308.15,153.32,47.54,139.59,0.8007,-1,-1,-1
692,193,477.94,3.34,159.10,472.17,0.8480,-1,-1,-1
692,233,223.96,147.07,38.46,129.32,0.4852,-1,-1,-1
692,235,107.23,32.80,125.96,434.31,0.8958,-1,-1,-1
692,236,259.78,140.80,58.79,183.44,0.8395,-1,-1,-1
692,241,107.23,32.80,125.97,434.31,0.8958,-1,-1,-1
692,249,351.90,104.18,86.51,283.78,0.8502,-1,-1,-1
692,251,-0.91,85.63,45.11,238.18,0.5488,-1,-1,-1
692,256,310.07,152.78,49.24,142.00,0.7734,-1,-1,-1
692,257,52.93,135.75,60.50,181.41,0.7587,-1,-1,-1
693,193,493.07,2.93,143.46,469.01,0.8814,-1,-1,-1
693,233,229.09,143.09,35.91,119.25,0.3501,-1,-1,-1
693,235,115.69,28.19,125.53,437.54,0.8833,-1,-1,-1
693,236,262.12,134.45,59.36,182.88,0.8405,-1,-1,-1
693,241,115.69,28.19,125.54,437.54,0.8833,-1,-1,-1
693,249,351.39,101.73,93.15,284.46,0.7831,-1,-1,-1
693,251,1.69,102.22,40.86,210.47,0.3478,-1,-1,-1
693,256,315.35,146.48,49.11,144.38,0.6531,-1,-1,-1
693,257,45.73,130.05,67.63,188.89,0.7318,-1,-1,-1
694,193,445.00,-1.12,193.29,472.48,0.8626,-1,-1,-1
694,233,226.83,138.05,37.25,130.67,0.3528,-1,-1,-1
694,235,119.13,25.79,120.53,442.61,0.8490,-1,-1,-1
694,236,260.92,129.67,61.39,180.90,0.8174,-1,-1,-1
694,241,119.13,25.79,120.53,442.61,0.8490,-1,-1,-1
694,249,349.16,96.36,93.91,288.45,0.7774,-1,-1,-1
694,256,317.20,137.82,47.12,130.66,0.4938,-1,-1,-1
694,257,25.07,124.78,79.18,195.71,0.7816,-1,-1,-1
695,193,434.10,-0.36,205.47,476.25,0.8936,-1,-1,-1
695,235,122.73,26.90,128.95,449.21,0.8029,-1,-1,-1
695,236,260.31,127.73,60.65,178.54,0.8313,-1,-1,-1
695,241,122.73,26.90,128.95,449.21,0.8029,-1,-1,-1
695,249,340.77,94.38,97.71,291.51,0.7087,-1,-1,-1
695,256,317.95,133.86,49.87,116.30,0.4509,-1,-1,-1
695,257,11.40,120.94,82.07,208.23,0.8248,-1,-1,-1
695,260,94.52,141.49,40.72,149.15,0.7336,-1,-1,-1
696,193,440.78,3.48,199.44,476.57,0.8512,-1,-1,-1
696,235,121.23,38.63,138.22,442.49,0.7965,-1,-1,-1
696,236,261.01,133.57,62.36,178.87,0.7892,-1,-1,-1
696,241,121.23,38.63,138.23,442.49,0.7965,-1,-1,-1
696,249,341.39,99.19,94.66,289.57,0.7924,-1,-1,-1
696,257,5.28,119.53,81.21,221.36,0.8272,-1,-1,-1
696,260,94.14,145.32,42.63,152.97,0.7728,-1,-1,-1
697,193,462.31,2.38,178.08,477.53,0.9058,-1,-1,-1
697,235,125.46,39.81,138.78,440.72,0.8708,-1,-1,-1
697,236,264.58,133.15,60.87,181.10,0.8403,-1,-1,-1
697,241,125.46,39.81,138.78,440.72,0.8708,-1,-1,-1
697,249,343.87,97.62,89.92,283.64,0.8335,-1,-1,-1
697,257,2.09,115.36,77.58,228.33,0.8294,-1,-1,-1
697,260,93.58,142.68,42.76,157.69,0.7263,-1,-1,-1
698,193,461.65,0.77,177.34,477.72,0.9108,-1,-1,-1
698,235,136.81,35.11,130.16,435.13,0.8734,-1,-1,-1
698,236,264.91,133.34,59.13,179.80,0.8060,-1,-1,-1
698,241,136.81,35.11,130.16,435.13,0.8734,-1,-1,-1
698,249,333.36,93.07,95.65,283.88,0.8188,-1,-1,-1
698,257,-2.65,106.87,77.29,237.48,0.8076,-1,-1,-1
698,260,87.16,138.53,44.29,160.45,0.5237,-1,-1,-1
699,193,459.36,3.42,179.24,478.25,0.9091,-1,-1,-1
699,235,144.30,39.14,125.13,418.73,0.8986,-1,-1,-1
699,236,267.49,140.36,54.95,179.14,0.8273,-1,-1,-1
699,241,144.30,39.14,125.13,418.73,0.8986,-1,-1,-1
699,249,333.76,98.24,92.43,285.71,0.8346,-1,-1,-1
699,257,-2.85,107.88,74.12,243.88,0.8453,-1,-1,-1
699,260,84.05,143.44,41.62,152.42,0.5295,-1,-1,-1
699,261,104.02,172.76,51.15,181.06,0.7133,-1,-1,-1
700,193,457.59,5.35,181.75,478.45,0.9097,-1,-1,-1
700,235,137.67,46.01,137.04,411.90,0.8783,-1,-1,-1
700,236,272.92,147.84,50.32,175.58,0.8007,-1,-1,-1
700,241,137.67,46.01,137.04,411.90,0.8783,-1,-1,-1
700,249,333.78,106.42,90.61,289.53,0.8485,-1,-1,-1
700,257,-2.40,110.29,66.94,258.56,0.7410,-1,-1,-1
700,260,82.02,149.32,41.73,130.25,0.1589,-1,-1,-1
700,261,93.80,175.26,57.46,193.73,0.6921,-1,-1,-1
701,193,457.53,-0.57,179.70,479.43,0.9210,-1,-1,-1
701,235,131.89,34.93,144.61,418.97,0.8668,-1,-1,-1
701,236,271.72,137.76,46.64,162.86,0.7944,-1,-1,-1
701,241,131.89,34.93,144.61,418.97,0.8668,-1,-1,-1
701,249,327.66,99.32,89.87,291.95,0.8335,-1,-1,-1
701,257,-4.10,122.39,48.52,231.99,0.3800,-1,-1,-1
701,261,77.86,158.47,61.66,209.50,0.6796,-1,-1,-1
701,262,30.38,151.69,41.05,146.72,0.6826,-1,-1,-1
702,193,450.57,-0.41,187.35,478.55,0.9250,-1,-1,-1
702,235,126.55,37.84,150.99,423.32,0.8602,-1,-1,-1
702,236,268.15,137.14,46.82,156.95,0.7783,-1,-1,-1
702,241,126.55,37.84,150.99,423.32,0.8602,-1,-1,-1
702,249,312.42,99.32,104.77,294.95,0.7964,-1,-1,-1
702,261,62.94,156.00,64.34,219.99,0.7358,-1,-1,-1
702,262,15.38,147.31,51.50,157.16,0.7365,-1,-1,-1
702,263,113.01,125.56,48.96,211.78,0.5787,-1,-1,-1
702,260,61.60,130.21,34.42,86.39,0.3806,-1,-1,-1
703,193,442.75,2.20,196.50,476.37,0.9266,-1,-1,-1
703,235,122.45,46.29,157.20,426.61,0.8437,-1,-1,-1
703,236,268.06,140.01,46.08,147.28,0.7071,-1,-1,-1
703,241,122.45,46.29,157.20,426.61,0.8437,-1,-1,-1
703,249,313.92,101.99,97.25,293.98,0.8207,-1,-1,-1
703,261,47.90,156.33,73.69,234.72,0.8087,-1,-1,-1
703,262,5.60,148.56,57.68,157.96,0.7034,-1,-1,-1
703,263,110.61,125.26,47.53,220.94,0.5773,-1,-1,-1
703,260,55.53,129.88,35.04,70.97,0.2822,-1,-1,-1
704,193,435.99,0.60,205.39,477.74,0.9201,-1,-1,-1
704,235,119.73,50.89,159.13,425.76,0.8546,-1,-1,-1
704,236,265.40,142.29,46.29,150.24,0.6489,-1,-1,-1
704,241,119.73,50.89,159.13,425.76,0.8546,-1,-1,-1
704,249,313.48,101.24,90.68,289.72,0.8291,-1,-1,-1
704,261,29.72,154.57,80.69,251.43,0.7253,-1,-1,-1
704,262,-1.83,150.89,57.77,161.94,0.7210,-1,-1,-1
704,263,97.37,122.26,57.56,227.36,0.7112,-1,-1,-1
704,260,42.27,126.21,35.29,54.10,0.2445,-1,-1,-1
704,265,383.29,115.83,63.31,207.78,0.7893,-1,-1,-1
705,193,427.93,-1.29,212.80,479.36,0.9228,-1,-1,-1
705,235,125.03,47.80,149.28,428.26,0.8725,-1,-1,-1
705,236,261.60,140.46,46.63,157.22,0.6721,-1,-1,-1
705,241,125.03,47.80,149.28,428.26,0.8725,-1,-1,-1
705,249,310.49,96.49,88.94,284.21,0.8501,-1,-1,-1
705,261,6.93,147.72,91.35,270.85,0.8043,-1,-1,-1
705,262,-3.82,165.84,47.70,146.95,0.3348,-1,-1,-1
705,263,84.17,114.93,64.99,236.95,0.7979,-1,-1,-1
705,260,31.60,119.42,34.38,33.08,0.2539,-1,-1,-1
705,265,381.73,110.36,63.07,216.30,0.6809,-1,-1,-1
706,193,417.84,-0.06,221.41,479.62,0.9200,-1,-1,-1
706,235,135.32,42.46,134.56,427.86,0.8629,-1,-1,-1
706,236,258.55,139.89,44.60,134.09,0.7362,-1,-1,-1
706,241,135.32,42.46,134.56,427.86,0.8629,-1,-1,-1
706,249,302.44,95.14,88.50,287.73,0.8324,-1,-1,-1
706,261,-3.06,141.37,85.29,287.95,0.8798,-1,-1,-1
706,263,66.12,107.14,77.52,250.23,0.8448,-1,-1,-1
706,265,379.22,103.41,57.74,230.00,0.5091,-1,-1,-1
707,193,401.77,2.46,235.86,478.30,0.8951,-1,-1,-1
707,235,136.26,41.97,130.26,414.62,0.8941,-1,-1,-1
707,236,255.65,142.41,43.18,117.20,0.6441,-1,-1,-1
707,241,136.26,41.97,130.26,414.62,0.8941,-1,-1,-1
707,249,297.70,98.47,86.76,289.70,0.8564,-1,-1,-1
707,261,-5.46,137.67,71.27,302.93,0.8316,-1,-1,-1
707,263,44.35,103.76,92.16,265.25,0.7724,-1,-1,-1
707,265,374.53,103.18,61.06,237.94,0.6349,-1,-1,-1
708,193,367.62,3.78,267.15,475.85,0.8693,-1,-1,-1
708,235,132.60,39.21,128.46,412.39,0.8754,-1,-1,-1
708,236,251.46,142.77,43.30,113.41,0.6233,-1,-1,-1
708,241,132.60,39.21,128.46,412.39,0.8754,-1,-1,-1
708,249,288.67,101.42,88.75,291.24,0.8377,-1,-1,-1
708,261,-5.47,131.17,52.49,315.26,0.7600,-1,-1,-1
708,263,18.97,99.98,106.23,274.79,0.7051,-1,-1,-1
709,193,366.06,5.68,259.57,470.75,0.8650,-1,-1,-1
709,235,130.10,40.28,129.88,409.34,0.8690,-1,-1,-1
709,236,247.92,142.28,44.54,117.80,0.7152,-1,-1,-1
709,241,130.10,40.28,129.88,409.33,0.8690,-1,-1,-1
709,249,282.16,103.60,89.46,289.91,0.8032,-1,-1,-1
709,263,5.26,95.99,109.00,322.71,0.7099,-1,-1,-1
710,193,336.84,6.44,272.89,465.05,0.8940,-1,-1,-1
710,235,126.55,44.47,132.62,413.41,0.8648,-1,-1,-1
710,236,244.37,142.78,45.69,114.61,0.7433,-1,-1,-1
710,241,126.55,44.47,132.62,413.41,0.8648,-1,-1,-1
710,249,273.37,103.06,95.41,289.48,0.7581,-1,-1,-1
710,263,-1.08,90.60,109.99,352.75,0.6759,-1,-1,-1
711,193,313.24,1.94,285.55,471.13,0.8861,-1,-1,-1
711,235,120.92,41.53,134.82,407.97,0.8207,-1,-1,-1
711,236,242.59,139.53,42.87,114.61,0.6854,-1,-1,-1
711,241,120.92,41.53,134.82,407.97,0.8207,-1,-1,-1
711,249,269.72,95.78,95.97,296.31,0.7813,-1,-1,-1
711,263,-7.59,72.21,107.80,337.95,0.8855,-1,-1,-1
712,193,299.22,-1.37,292.37,478.65,0.8949,-1,-1,-1
712,235,118.11,39.16,133.27,426.68,0.8870,-1,-1,-1
712,236,241.55,140.08,41.21,113.56,0.6091,-1,-1,-1
712,241,118.11,39.16,133.27,426.68,0.8870,-1,-1,-1
712,249,266.56,89.25,95.42,297.37,0.8237,-1,-1,-1
712,263,-10.32,50.58,86.20,363.70,0.7086,-1,-1,-1
713,193,320.80,-3.69,277.35,484.11,0.9167,-1,-1,-1
713,235,115.42,34.02,135.36,435.96,0.9004,-1,-1,-1
713,236,243.37,139.22,37.72,111.17,0.6947,-1,-1,-1
713,241,115.42,34.02,135.36,435.96,0.9004,-1,-1,-1
713,249,265.92,85.09,93.90,298.83,0.8167,-1,-1,-1
713,263,-9.09,32.48,69.75,411.79,0.7370,-1,-1,-1
714,193,328.58,-3.71,299.34,486.55,0.9016,-1,-1,-1
714,235,111.42,32.33,142.10,432.77,0.8968,-1,-1,-1
714,236,247.89,140.51,36.79,105.60,0.7460,-1,-1,-1
714,241,111.42,32.33,142.10,432.77,0.8968,-1,-1,-1
714,249,268.24,86.02,95.59,301.67,0.8159,-1,-1,-1
715,193,330.20,-1.81,309.35,481.23,0.9130,-1,-1,-1
715,235,109.21,30.79,148.56,414.57,0.9022,-1,-1,-1
715,236,252.07,139.20,36.61,104.96,0.6354,-1,-1,-1
715,241,109.21,30.79,148.57,414.57,0.9022,-1,-1,-1
715,249,272.78,87.74,94.76,301.63,0.8309,-1,-1,-1
715,267,28.73,87.78,73.25,233.28,0.7633,-1,-1,-1
715,269,2.32,83.26,69.61,252.92,0.7395,-1,-1,-1
716,193,336.33,1.44,305.72,478.03,0.8858,-1,-1,-1
716,235,107.88,34.08,154.70,407.05,0.8984,-1,-1,-1
716,236,257.94,142.34,35.79,102.53,0.6746,-1,-1,-1
716,241,107.88,34.08,154.70,407.05,0.8984,-1,-1,-1
716,249,276.59,91.94,95.34,306.95,0.8401,-1,-1,-1
716,267,28.54,87.00,78.71,249.46,0.8296,-1,-1,-1
716,269,2.31,70.60,70.45,268.58,0.3835,-1,-1,-1
717,193,347.19,2.53,292.30,476.96,0.8716,-1,-1,-1
717,235,105.73,39.92,158.46,400.07,0.8878,-1,-1,-1
717,236,262.09,143.31,37.67,100.65,0.7286,-1,-1,-1
717,241,105.73,39.92,158.46,400.07,0.8878,-1,-1,-1
717,249,280.14,94.70,96.52,304.97,0.8473,-1,-1,-1
717,267,14.76,82.27,94.05,262.78,0.8884,-1,-1,-1
717,269,8.36,75.96,92.80,266.56,0.8884,-1,-1,-1
718,193,365.15,2.98,274.39,476.29,0.8972,-1,-1,-1
718,235,103.92,48.28,163.80,406.26,0.8917,-1,-1,-1
718,236,267.30,148.31,37.63,103.98,0.7654,-1,-1,-1
718,241,103.92,48.28,163.80,406.26,0.8917,-1,-1,-1
718,249,287.98,97.34,95.72,306.50,0.8119,-1,-1,-1
718,267,6.27,79.46,101.74,286.46,0.8838,-1,-1,-1
718,269,6.75,77.96,102.01,286.21,0.8838,-1,-1,-1
719,193,377.41,1.42,263.85,476.93,0.9051,-1,-1,-1
719,235,102.60,54.08,162.82,410.07,0.8880,-1,-1,-1
719,236,272.41,150.36,36.74,106.48,0.7072,-1,-1,-1
719,241,102.60,54.08,162.82,410.07,0.8880,-1,-1,-1
719,249,294.56,96.82,92.66,306.69,0.5800,-1,-1,-1
719,267,-1.07,76.68,112.09,298.35,0.9004,-1,-1,-1
719,269,1.52,76.91,113.01,296.53,0.9004,-1,-1,-1
720,193,386.05,-0.49,256.82,478.56,0.9164,-1,-1,-1
720,235,103.54,54.20,162.75,408.48,0.8887,-1,-1,-1
720,236,277.15,149.33,36.35,113.38,0.6707,-1,-1,-1
720,241,103.54,54.20,162.75,408.48,0.8887,-1,-1,-1
720,249,300.54,95.27,91.01,302.09,0.8466,-1,-1,-1
720,267,-2.32,72.14,115.81,312.87,0.8963,-1,-1,-1
720,269,0.79,72.97,116.99,310.79,0.8963,-1,-1,-1
720,270,255.58,158.51,24.00,97.44,0.4298,-1,-1,-1
721,193,394.47,-3.44,250.87,482.79,0.9261,-1,-1,-1
721,235,108.96,49.11,152.90,399.08,0.8912,-1,-1,-1
721,236,282.69,145.81,37.19,109.15,0.6118,-1,-1,-1
721,241,108.96,49.11,152.90,399.08,0.8912,-1,-1,-1
721,249,305.52,92.08,91.80,301.49,0.8501,-1,-1,-1
721,267,-6.11,57.41,116.23,338.33,0.9202,-1,-1,-1
721,269,-3.12,58.47,117.43,336.33,0.9202,-1,-1,-1
721,270,246.47,150.10,38.39,117.95,0.5539,-1,-1,-1
722,193,399.62,-0.81,243.82,479.91,0.9253,-1,-1,-1
722,235,118.27,51.52,142.05,384.39,0.9015,-1,-1,-1
722,236,288.14,147.85,34.64,102.55,0.5996,-1,-1,-1
722,241,118.27,51.52,142.05,384.39,0.9015,-1,-1,-1
722,249,308.06,94.53,93.42,301.94,0.8776,-1,-1,-1
722,267,-5.42,51.14,114.20,352.22,0.9217,-1,-1,-1
722,269,-2.77,52.19,115.30,350.36,0.9217,-1,-1,-1
722,270,244.06,153.72,45.79,129.17,0.5237,-1,-1,-1
723,193,399.65,0.59,243.62,480.04,0.9147,-1,-1,-1
723,235,132.57,53.07,130.57,384.63,0.8952,-1,-1,-1
723,236,295.14,152.31,32.97,99.90,0.6307,-1,-1,-1
723,241,132.57,53.07,130.57,384.63,0.8952,-1,-1,-1
723,249,315.63,98.62,91.76,304.79,0.6786,-1,-1,-1
723,267,-3.59,45.29,113.13,366.20,0.9252,-1,-1,-1
723,269,-1.28,46.29,114.10,364.55,0.9252,-1,-1,-1
723,270,251.53,157.04,45.72,141.67,0.6098,-1,-1,-1
724,193,395.40,1.19,245.36,479.28,0.9033,-1,-1,-1
724,235,142.00,54.60,121.48,386.66,0.8978,-1,-1,-1
724,236,298.90,154.17,31.61,100.44,0.6612,-1,-1,-1
724,241,142.00,54.60,121.48,386.66,0.8978,-1,-1,-1
724,249,317.66,101.29,91.70,304.58,0.8461,-1,-1,-1
724,267,-3.08,37.24,110.55,378.72,0.9165,-1,-1,-1
724,269,-1.12,38.25,111.37,377.27,0.9165,-1,-1,-1
724,270,248.43,159.70,51.57,152.94,0.5819,-1,-1,-1
725,193,395.45,0.83,243.31,478.35,0.8765,-1,-1,-1
725,235,148.22,55.62,115.49,390.61,0.8948,-1,-1,-1
725,236,300.87,152.54,31.00,101.29,0.4269,-1,-1,-1
725,241,148.22,55.62,115.49,390.61,0.8948,-1,-1,-1
725,249,315.62,99.98,95.19,304.47,0.8197,-1,-1,-1
725,267,-3.18,23.43,103.29,395.37,0.9011,-1,-1,-1
725,269,-1.50,24.36,104.02,394.13,0.9011,-1,-1,-1
725,270,254.27,157.14,48.50,157.39,0.6962,-1,-1,-1
725,271,93.34,188.45,21.27,68.96,0.5551,-1,-1,-1
725,272,139.92,197.77,15.06,46.36,0.5807,-1,-1,-1
725,273,124.24,201.12,13.42,43.74,0.5113,-1,-1,-1
726,193,407.18,3.09,228.99,474.63,0.9232,-1,-1,-1
726,235,156.73,62.28,107.51,391.00,0.8776,-1,-1,-1
726,236,304.43,154.38,31.09,99.08,0.5474,-1,-1,-1
726,241,156.73,62.28,107.51,391.00,0.8776,-1,-1,-1
726,249,318.15,101.07,91.29,301.30,0.8231,-1,-1,-1
726,267,-0.44,12.46,93.61,413.13,0.8918,-1,-1,-1
726,269,0.92,13.33,94.21,412.09,0.8918,-1,-1,-1
726,270,260.43,157.39,45.58,155.85,0.7928,-1,-1,-1
726,271,92.53,189.76,26.25,68.63,0.7157,-1,-1,-1
726,272,145.59,198.35,13.40,47.76,0.4135,-1,-1,-1
727,193,404.87,0.73,231.97,473.18,0.9252,-1,-1,-1
727,235,160.62,61.80,105.94,389.82,0.8886,-1,-1,-1
727,236,306.42,150.36,29.46,96.39,0.5002,-1,-1,-1
727,241,160.62,61.80,105.94,389.82,0.8886,-1,-1,-1
727,249,317.98,95.36,90.86,297.58,0.8265,-1,-1,-1
727,267,-1.15,4.03,84.59,423.86,0.8778,-1,-1,-1
727,269,0.04,4.67,85.13,422.90,0.8778,-1,-1,-1
727,270,263.51,153.60,44.50,154.72,0.8132,-1,-1,-1
727,271,92.80,187.08,25.63,70.28,0.6392,-1,-1,-1
727,272,147.03,195.90,12.28,47.84,0.5006,-1,-1,-1
727,273,131.55,198.27,14.34,45.80,0.4048,-1,-1,-1
728,193,393.77,-0.60,243.35,473.55,0.9283,-1,-1,-1
728,235,159.28,60.99,106.72,388.74,0.8867,-1,-1,-1
728,236,304.29,148.21,29.97,89.99,0.5182,-1,-1,-1
728,241,159.28,60.99,106.72,388.74,0.8867,-1,-1,-1
728,249,314.15,92.43,97.08,292.14,0.8061,-1,-1,-1
728,267,-4.11,24.92,68.96,408.66,0.7279,-1,-1,-1
728,269,-3.10,25.29,69.45,407.74,0.7279,-1,-1,-1
728,270,262.44,152.29,44.68,154.51,0.8362,-1,-1,-1
728,271,89.20,187.71,23.99,70.23,0.5425,-1,-1,-1
728,272,142.57,195.66,14.01,48.51,0.5436,-1,-1,-1
728,273,125.49,197.24,16.34,46.77,0.4842,-1,-1,-1
729,193,384.81,-1.33,255.01,473.70,0.9302,-1,-1,-1
729,235,158.42,58.56,108.26,380.08,0.8967,-1,-1,-1
729,236,304.33,148.17,28.02,84.75,0.5709,-1,-1,-1
729,241,158.42,58.56,108.26,380.08,0.8967,-1,-1,-1
729,249,312.96,89.92,96.26,295.48,0.8494,-1,-1,-1
729,267,-4.37,39.91,52.56,400.63,0.2837,-1,-1,-1
729,270,262.32,152.39,45.46,153.40,0.8544,-1,-1,-1
729,271,82.64,187.17,25.41,71.19,0.5963,-1,-1,-1
729,272,139.55,196.17,14.88,47.34,0.5568,-1,-1,-1
729,273,120.79,196.15,18.75,47.95,0.4410,-1,-1,-1
730,193,377.36,2.21,261.85,473.90,0.9263,-1,-1,-1
730,235,159.85,64.39,107.38,368.86,0.9013,-1,-1,-1
730,236,305.12,156.06,28.24,83.75,0.4547,-1,-1,-1
730,241,159.85,64.39,107.38,368.86,0.9013,-1,-1,-1
730,249,313.74,98.91,94.43,298.37,0.8136,-1,-1,-1
730,270,264.02,160.58,45.13,151.61,0.8181,-1,-1,-1
730,271,83.81,193.56,23.04,71.54,0.5883,-1,-1,-1
730,273,120.74,199.67,17.50,50.89,0.3287,-1,-1,-1
731,193,373.99,2.65,266.58,475.78,0.9269,-1,-1,-1
731,235,160.81,68.76,108.68,368.46,0.9013,-1,-1,-1
731,236,307.04,161.26,31.09,82.89,0.4405,-1,-1,-1
731,241,160.81,68.76,108.68,368.46,0.9013,-1,-1,-1
731,249,315.18,102.56,94.79,307.50,0.8346,-1,-1,-1
731,270,267.16,165.73,42.99,148.92,0.7879,-1,-1,-1
731,271,82.29,195.75,25.08,74.85,0.6462,-1,-1,-1
731,273,122.30,205.35,16.22,49.51,0.5070,-1,-1,-1
732,193,373.66,2.26,265.45,477.48,0.9190,-1,-1,-1
732,235,155.72,72.73,112.87,372.65,0.9002,-1,-1,-1
732,236,307.38,163.78,31.90,84.37,0.4097,-1,-1,-1
732,241,155.72,72.73,112.87,372.65,0.9002,-1,-1,-1
732,249,315.39,108.61,93.69,309.03,0.8606,-1,-1,-1
732,270,268.24,166.81,40.91,146.32,0.7782,-1,-1,-1
732,271,76.99,194.87,26.92,77.15,0.6475,-1,-1,-1
732,273,120.00,205.61,16.93,50.13,0.5414,-1,-1,-1
733,193,379.77,2.51,257.44,479.51,0.9095,-1,-1,-1
733,235,149.39,80.45,112.62,376.53,0.8711,-1,-1,-1
733,236,310.33,165.34,29.46,88.06,0.3415,-1,-1,-1
733,241,149.39,80.45,112.62,376.53,0.8711,-1,-1,-1
733,249,316.02,111.88,90.00,308.49,0.8629,-1,-1,-1
733,270,266.47,166.95,40.31,144.59,0.7991,-1,-1,-1
733,271,67.42,193.85,30.38,80.21,0.6064,-1,-1,-1
733,273,113.83,203.76,21.41,53.23,0.3606,-1,-1,-1
734,193,387.57,2.74,249.33,479.62,0.9102,-1,-1,-1
734,235,142.66,88.41,112.96,377.16,0.8832,-1,-1,-1
734,236,314.36,168.25,30.90,91.84,0.1989,-1,-1,-1
734,241,142.66,88.41,112.96,377.16,0.8832,-1,-1,-1
734,249,316.83,116.61,88.11,304.16,0.8354,-1,-1,-1
734,270,266.39,170.07,40.42,138.47,0.7532,-1,-1,-1
734,271,62.45,198.05,31.88,79.80,0.6118,-1,-1,-1
734,273,112.01,209.95,21.66,50.64,0.2718,-1,-1,-1
735,193,394.17,-1.84,244.57,480.88,0.9140,-1,-1,-1
735,235,133.51,83.59,117.87,376.04,0.8493,-1,-1,-1
735,236,315.65,161.92,26.63,77.80,0.1689,-1,-1,-1
735,241,133.51,83.59,117.87,376.04,0.8493,-1,-1,-1
735,249,317.03,108.99,88.82,296.78,0.8268,-1,-1,-1
735,270,265.72,164.51,41.50,140.96,0.7548,-1,-1,-1
735,271,58.46,192.66,31.25,81.62,0.6090,-1,-1,-1
735,273,111.71,203.76,18.85,52.47,0.2220,-1,-1,-1
735,275,241.38,161.45,32.19,122.31,0.5757,-1,-1,-1
736,193,398.26,-3.10,241.29,480.28,0.8932,-1,-1,-1
736,235,143.82,78.14,110.50,367.35,0.8250,-1,-1,-1
736,241,143.82,78.14,110.50,367.35,0.8250,-1,-1,-1
736,249,316.14,103.67,89.99,296.24,0.8301,-1,-1,-1
736,270,264.48,162.93,41.82,141.93,0.7887,-1,-1,-1
736,271,55.07,189.45,31.08,82.93,0.5820,-1,-1,-1
736,275,239.44,157.27,31.46,113.37,0.4733,-1,-1,-1
737,193,400.76,-1.57,238.19,478.58,0.9134,-1,-1,-1
737,235,145.91,74.83,109.42,353.79,0.8490,-1,-1,-1
737,241,145.91,74.83,109.42,353.79,0.8490,-1,-1,-1
737,249,315.18,104.79,89.47,297.94,0.8280,-1,-1,-1
737,270,261.42,164.58,42.71,143.30,0.7946,-1,-1,-1
737,271,47.46,188.14,31.18,84.54,0.6175,-1,-1,-1
737,275,237.25,156.68,33.38,135.42,0.3417,-1,-1,-1
737,276,110.77,138.28,52.84,182.93,0.8013,-1,-1,-1
738,193,401.27,-0.62,238.02,477.80,0.9189,-1,-1,-1
738,235,145.05,73.42,109.28,351.79,0.8391,-1,-1,-1
738,241,145.05,73.42,109.28,351.79,0.8391,-1,-1,-1
738,249,314.04,107.04,91.17,299.06,0.8234,-1,-1,-1
738,270,259.14,164.14,44.46,144.69,0.7887,-1,-1,-1
738,271,42.62,185.60,32.01,86.25,0.7080,-1,-1,-1
738,275,236.51,155.15,34.13,144.77,0.4679,-1,-1,-1
738,276,105.89,134.58,53.79,189.90,0.7935,-1,-1,-1
739,193,399.76,-0.36,241.01,479.37,0.9141,-1,-1,-1
739,235,143.14,74.99,102.82,355.33,0.8661,-1,-1,-1
739,241,143.14,74.99,102.82,355.33,0.8661,-1,-1,-1
739,249,311.21,110.17,92.42,302.32,0.8409,-1,-1,-1
739,270,255.44,163.91,47.84,145.02,0.7622,-1,-1,-1
739,271,35.59,185.06,31.71,88.17,0.6077,-1,-1,-1
739,275,235.54,156.31,32.38,124.38,0.5482,-1,-1,-1
739,276,94.39,132.32,60.13,196.35,0.8091,-1,-1,-1
740,193,397.85,-0.82,245.42,480.73,0.9144,-1,-1,-1
740,235,142.50,80.34,104.23,358.42,0.8775,-1,-1,-1
740,241,142.50,80.34,104.23,358.42,0.8775,-1,-1,-1
740,249,311.30,111.04,92.53,303.47,0.8469,-1,-1,-1
740,270,255.16,162.62,52.91,145.69,0.7522,-1,-1,-1
740,271,29.51,183.65,33.84,90.38,0.7126,-1,-1,-1
740,275,236.68,157.00,31.39,132.72,0.4093,-1,-1,-1
740,276,84.11,130.47,66.46,209.76,0.8337,-1,-1,-1
741,193,392.00,-1.19,249.20,480.02,0.8986,-1,-1,-1
741,235,142.82,81.95,102.14,357.95,0.8789,-1,-1,-1
741,241,142.82,81.95,102.14,357.95,0.8789,-1,-1,-1
741,249,307.66,106.66,93.54,304.37,0.8236,-1,-1,-1
741,270,254.43,159.52,53.12,145.51,0.7426,-1,-1,-1
741,271,24.77,178.77,34.05,91.77,0.6869,-1,-1,-1
741,275,236.25,153.51,30.78,137.47,0.5046,-1,-1,-1
741,276,75.94,122.93,74.47,217.51,0.8390,-1,-1,-1
742,193,395.71,1.07,242.24,479.67,0.9148,-1,-1,-1
742,235,142.91,86.65,100.37,349.37,0.8837,-1,-1,-1
742,241,142.91,86.65,100.37,349.37,0.8837,-1,-1,-1
742,249,307.33,106.00,89.55,296.89,0.8311,-1,-1,-1
742,270,257.55,160.55,48.92,144.21,0.7663,-1,-1,-1
742,271,22.49,177.56,31.35,93.03,0.6923,-1,-1,-1
742,275,235.52,152.65,31.75,138.31,0.5313,-1,-1,-1
742,276,71.40,116.37,76.51,227.02,0.8039,-1,-1,-1
743,193,396.29,2.90,238.38,476.18,0.9029,-1,-1,-1
743,235,139.99,87.19,103.54,345.07,0.8710,-1,-1,-1
743,241,139.99,87.19,103.54,345.07,0.8710,-1,-1,-1
743,249,309.03,106.04,83.48,286.67,0.8061,-1,-1,-1
743,270,258.32,161.39,48.02,142.29,0.7627,-1,-1,-1
743,271,16.13,176.30,32.59,92.45,0.6173,-1,-1,-1
743,275,235.94,152.95,31.22,137.77,0.5909,-1,-1,-1
743,276,54.16,108.59,90.57,235.96,0.6872,-1,-1,-1
743,279,0.14,186.05,15.51,70.09,0.4815,-1,-1,-1
744,193,390.66,3.99,235.24,471.08,0.8928,-1,-1,-1
744,235,149.72,86.04,97.31,331.42,0.8639,-1,-1,-1
744,241,149.72,86.04,97.31,331.42,0.8639,-1,-1,-1
744,249,307.03,105.88,84.73,286.00,0.8317,-1,-1,-1
744,270,258.71,162.42,50.85,140.01,0.7107,-1,-1,-1
744,271,13.78,174.63,34.25,94.85,0.6042,-1,-1,-1
744,275,238.26,151.36,31.13,140.16,0.5763,-1,-1,-1
744,276,47.79,101.67,93.20,246.92,0.8555,-1,-1,-1
745,193,395.45,0.97,233.47,472.81,0.9241,-1,-1,-1
745,235,153.57,82.11,96.64,324.39,0.8715,-1,-1,-1
745,241,153.57,82.11,96.64,324.39,0.8715,-1,-1,-1
745,249,307.03,101.34,91.87,293.68,0.8311,-1,-1,-1
745,270,262.51,160.01,49.39,138.04,0.6858,-1,-1,-1
745,271,9.05,173.30,33.13,94.76,0.3397,-1,-1,-1
745,275,240.64,149.53,31.68,140.79,0.6158,-1,-1,-1
745,276,25.39,96.55,109.35,260.89,0.8609,-1,-1,-1
745,280,122.90,134.11,45.87,174.80,0.7046,-1,-1,-1
746,193,391.15,-0.63,249.14,474.23,0.9070,-1,-1,-1
746,235,157.22,85.42,101.87,325.23,0.8749,-1,-1,-1
746,241,157.22,85.42,101.87,325.23,0.8749,-1,-1,-1
746,249,307.48,137.28,97.22,264.41,0.7878,-1,-1,-1
746,270,267.18,160.28,52.47,138.16,0.5445,-1,-1,-1
746,275,245.79,154.55,32.33,134.30,0.5160,-1,-1,-1
746,276,6.07,95.95,120.44,281.13,0.8703,-1,-1,-1
746,280,115.31,133.07,60.13,183.05,0.8578,-1,-1,-1
747,193,389.63,-0.71,250.72,475.20,0.8959,-1,-1,-1
747,235,161.37,84.55,100.27,328.01,0.8696,-1,-1,-1
747,241,161.37,84.55,100.27,328.01,0.8696,-1,-1,-1
747,249,309.46,117.26,95.90,288.42,0.8522,-1,-1,-1
747,270,266.81,158.37,54.09,139.00,0.6907,-1,-1,-1
747,275,249.68,153.72,29.57,129.10,0.3074,-1,-1,-1
747,276,-1.88,88.46,118.98,296.46,0.8907,-1,-1,-1
747,280,112.06,127.69,64.25,190.18,0.8144,-1,-1,-1
748,193,390.88,-0.60,250.82,477.92,0.9182,-1,-1,-1
748,235,163.63,87.28,101.93,333.14,0.8671,-1,-1,-1
748,241,163.63,87.28,101.93,333.14,0.8671,-1,-1,-1
748,249,313.62,111.36,92.87,297.62,0.8377,-1,-1,-1
748,270,269.57,159.86,53.58,140.43,0.6605,-1,-1,-1
748,275,251.46,154.09,31.40,112.11,0.4526,-1,-1,-1
748,276,-5.54,78.79,105.60,313.96,0.8873,-1,-1,-1
748,280,111.20,124.10,63.59,198.28,0.8248,-1,-1,-1
749,193,394.55,1.82,247.00,479.84,0.9215,-1,-1,-1
749,235,165.77,93.20,102.98,336.63,0.8559,-1,-1,-1
749,241,165.77,93.20,102.98,336.63,0.8559,-1,-1,-1
749,249,318.53,111.65,93.08,299.68,0.7946,-1,-1,-1
749,270,273.71,166.31,53.25,139.22,0.6499,-1,-1,-1
749,275,253.10,156.83,36.61,131.64,0.5088,-1,-1,-1
749,276,-4.14,68.94,92.12,330.41,0.8909,-1,-1,-1
749,280,109.01,121.82,65.41,208.20,0.8597,-1,-1,-1
750,193,405.31,0.38,237.18,480.50,0.9138,-1,-1,-1
750,235,172.25,91.52,102.47,331.92,0.8717,-1,-1,-1
750,241,172.25,91.52,102.47,331.92,0.8717,-1,-1,-1
750,249,326.57,106.94,89.18,293.25,0.8415,-1,-1,-1
750,270,281.90,164.36,53.19,139.84,0.7166,-1,-1,-1
750,275,259.19,153.43,38.25,137.79,0.6304,-1,-1,-1
750,276,-1.71,50.88,81.87,360.69,0.8683,-1,-1,-1
750,280,108.50,113.33,66.91,216.69,0.8609,-1,-1,-1
751,193,414.66,-0.44,226.17,481.07,0.9108,-1,-1,-1
751,235,179.83,87.01,88.30,327.43,0.8300,-1,-1,-1
751,241,179.83,87.01,88.30,327.43,0.8300,-1,-1,-1
751,249,334.93,98.86,86.23,292.05,0.8023,-1,-1,-1
751,270,290.14,159.61,50.88,135.90,0.7354,-1,-1,-1
751,275,264.50,146.85,40.61,142.19,0.7271,-1,-1,-1
751,276,-0.48,33.35,72.99,371.31,0.7763,-1,-1,-1
751,280,104.81,104.11,76.31,222.62,0.8683,-1,-1,-1
752,193,421.15,0.80,220.58,482.16,0.9181,-1,-1,-1
752,235,186.36,85.53,95.60,312.55,0.8927,-1,-1,-1
752,241,186.36,85.53,95.60,312.55,0.8927,-1,-1,-1
752,249,339.11,100.34,88.03,295.56,0.8463,-1,-1,-1
752,270,296.81,160.43,51.43,130.18,0.6203,-1,-1,-1
752,275,271.12,146.84,40.45,138.14,0.6900,-1,-1,-1
752,276,-0.35,11.09,76.45,393.23,0.7359,-1,-1,-1
752,280,99.18,98.46,83.51,234.11,0.8731,-1,-1,-1
753,193,416.39,0.06,225.22,480.26,0.9175,-1,-1,-1
753,235,188.50,83.21,98.32,309.26,0.8964,-1,-1,-1
753,241,188.50,83.21,98.32,309.26,0.8964,-1,-1,-1
753,249,341.11,100.96,91.87,297.15,0.8252,-1,-1,-1
753,270,303.13,158.70,49.58,126.67,0.4400,-1,-1,-1
753,275,275.21,148.42,40.12,131.93,0.7601,-1,-1,-1
753,276,-1.83,46.61,77.59,356.32,0.4417,-1,-1,-1
753,280,93.17,93.19,89.66,245.51,0.8760,-1,-1,-1
754,193,416.41,-0.60,229.08,481.92,0.9171,-1,-1,-1
754,235,195.01,83.38,100.13,313.49,0.8752,-1,-1,-1
754,241,195.01,83.38,100.13,313.49,0.8752,-1,-1,-1
754,249,347.09,103.68,94.61,301.13,0.7776,-1,-1,-1
754,270,317.81,159.58,43.15,112.45,0.4927,-1,-1,-1
754,275,283.30,148.69,40.76,136.74,0.7252,-1,-1,-1
754,280,81.42,89.15,101.98,263.74,0.8934,-1,-1,-1
755,193,424.12,-0.06,220.32,479.43,0.9131,-1,-1,-1
755,235,200.53,85.31,97.20,313.04,0.8679,-1,-1,-1
755,241,200.53,85.31,97.20,313.04,0.8679,-1,-1,-1
755,249,348.54,102.64,95.71,299.70,0.8358,-1,-1,-1
755,270,325.87,160.41,37.73,107.76,0.4147,-1,-1,-1
755,275,286.10,150.77,41.61,134.13,0.7342,-1,-1,-1
755,280,72.34,84.82,109.50,273.89,0.9013,-1,-1,-1
755,282,31.44,167.43,40.31,88.81,0.5873,-1,-1,-1
756,193,454.87,-1.26,191.43,482.00,0.9045,-1,-1,-1
756,235,209.34,87.10,93.45,317.35,0.8664,-1,-1,-1
756,241,209.34,87.10,93.45,317.35,0.8664,-1,-1,-1
756,249,350.69,98.24,98.82,307.19,0.7098,-1,-1,-1
756,270,331.27,160.40,37.93,110.76,0.3901,-1,-1,-1
756,275,292.81,150.33,38.61,134.84,0.7329,-1,-1,-1
756,280,65.49,77.96,114.13,294.43,0.9018,-1,-1,-1
756,282,38.27,170.06,33.62,87.92,0.5818,-1,-1,-1
756,279,0.21,155.08,28.48,124.25,0.7074,-1,-1,-1
757,193,481.94,-2.00,168.30,484.69,0.8990,-1,-1,-1
757,235,207.33,90.21,101.60,318.82,0.8621,-1,-1,-1
757,241,207.33,90.21,101.60,318.82,0.8621,-1,-1,-1
757,249,353.49,95.53,101.05,307.65,0.8007,-1,-1,-1
757,270,332.65,159.94,39.59,113.56,0.3951,-1,-1,-1
757,275,297.12,150.52,39.22,134.16,0.7433,-1,-1,-1
757,280,52.55,70.51,121.31,315.71,0.8917,-1,-1,-1
758,193,480.17,2.76,161.85,485.01,0.2331,-1,-1,-1
758,235,215.60,85.29,90.73,321.16,0.8683,-1,-1,-1
758,241,215.60,85.29,90.73,321.16,0.8683,-1,-1,-1
758,249,352.15,93.55,96.81,305.44,0.7837,-1,-1,-1
758,270,325.82,159.50,44.58,114.45,0.3660,-1,-1,-1
758,275,300.53,147.26,32.36,133.57,0.5499,-1,-1,-1
758,280,43.63,50.49,117.30,338.01,0.8995,-1,-1,-1
759,193,480.96,7.09,155.40,475.76,0.4439,-1,-1,-1
759,235,207.93,88.86,99.19,304.43,0.8737,-1,-1,-1
759,241,207.93,88.86,99.19,304.43,0.8737,-1,-1,-1
759,249,351.86,96.11,94.49,299.81,0.7821,-1,-1,-1
759,275,302.89,149.89,32.69,132.87,0.5958,-1,-1,-1
759,280,26.07,40.64,126.62,352.00,0.9099,-1,-1,-1
759,286,191.85,162.79,31.88,116.82,0.4167,-1,-1,-1
760,193,490.40,5.80,142.49,470.48,0.5795,-1,-1,-1
760,235,202.89,85.09,104.72,296.46,0.8689,-1,-1,-1
760,241,202.89,85.09,104.72,296.46,0.8689,-1,-1,-1
760,249,348.56,93.01,96.19,299.51,0.8156,-1,-1,-1
760,275,304.03,145.94,31.44,130.55,0.5637,-1,-1,-1
760,280,7.79,27.42,133.55,366.55,0.9174,-1,-1,-1
760,286,183.98,162.08,41.19,118.31,0.5233,-1,-1,-1
760,272,133.63,180.73,22.40,67.33,0.6072,-1,-1,-1
761,193,500.38,5.68,130.70,466.33,0.8352,-1,-1,-1
761,235,205.89,84.28,104.07,294.09,0.8705,-1,-1,-1
761,241,205.89,84.28,104.07,294.09,0.8705,-1,-1,-1
761,249,348.42,96.12,94.69,298.99,0.8525,-1,-1,-1
761,275,306.96,151.62,30.90,122.15,0.5045,-1,-1,-1
761,280,3.26,14.01,120.45,382.99,0.9313,-1,-1,-1
761,286,180.93,161.03,40.36,120.58,0.5939,-1,-1,-1
761,272,132.10,179.67,23.61,67.31,0.6498,-1,-1,-1
762,193,494.45,1.94,140.85,468.95,0.8898,-1,-1,-1
762,235,190.18,81.21,125.25,297.91,0.8692,-1,-1,-1
762,241,190.18,81.21,125.25,297.91,0.8692,-1,-1,-1
762,249,350.97,93.68,95.69,301.81,0.8558,-1,-1,-1
762,275,309.78,146.94,28.61,122.86,0.6124,-1,-1,-1
762,280,-0.84,3.05,111.02,397.48,0.9146,-1,-1,-1
762,286,177.28,156.27,41.21,121.47,0.6101,-1,-1,-1
762,272,130.92,176.13,25.30,68.56,0.6012,-1,-1,-1
762,287,108.30,175.25,20.23,72.55,0.4107,-1,-1,-1
763,193,472.28,-1.32,163.71,470.44,0.8767,-1,-1,-1
763,235,188.03,75.39,128.02,301.15,0.8897,-1,-1,-1
763,241,188.03,75.39,128.02,301.15,0.8897,-1,-1,-1
763,249,351.10,84.14,95.53,301.08,0.8544,-1,-1,-1
763,275,307.97,136.27,29.67,119.80,0.5860,-1,-1,-1
763,280,-3.38,12.15,93.75,388.39,0.8858,-1,-1,-1
763,286,168.85,144.26,39.77,125.10,0.6873,-1,-1,-1
763,272,126.40,166.43,25.52,70.62,0.6716,-1,-1,-1
763,288,81.55,160.58,39.98,83.29,0.7080,-1,-1,-1
763,282,53.12,150.38,34.47,94.74,0.5828,-1,-1,-1
764,193,461.19,0.98,178.76,455.34,0.7889,-1,-1,-1
764,235,198.22,83.26,121.17,304.52,0.8786,-1,-1,-1
764,241,198.22,83.26,121.17,304.52,0.8786,-1,-1,-1
764,249,354.67,89.33,94.60,297.17,0.8284,-1,-1,-1
764,275,308.35,140.18,32.22,120.70,0.6087,-1,-1,-1
764,280,-5.42,22.12,76.30,393.49,0.7997,-1,-1,-1
764,286,161.51,149.73,41.06,125.74,0.7262,-1,-1,-1
764,272,123.69,171.83,25.95,71.34,0.6330,-1,-1,-1
764,288,82.50,164.63,39.32,85.96,0.6897,-1,-1,-1
764,282,52.90,158.41,39.79,93.29,0.4991,-1,-1,-1
765,193,457.52,3.13,183.95,465.83,0.8616,-1,-1,-1
765,235,210.63,89.68,113.84,300.41,0.8756,-1,-1,-1
765,241,210.63,89.68,113.84,300.41,0.8756,-1,-1,-1
765,249,358.31,93.23,96.60,291.68,0.8494,-1,-1,-1
765,275,310.69,145.33,34.65,118.91,0.6783,-1,-1,-1
765,286,151.21,155.82,49.37,125.65,0.7888,-1,-1,-1
765,272,125.85,177.41,25.25,72.15,0.6325,-1,-1,-1
765,288,92.46,169.81,32.84,85.63,0.6548,-1,-1,-1
765,282,60.59,163.62,41.70,94.88,0.6544,-1,-1,-1
765,289,198.93,156.29,32.49,114.74,0.6046,-1,-1,-1
766,193,456.03,2.28,184.33,472.63,0.8784,-1,-1,-1
766,235,219.44,88.32,103.44,301.70,0.8896,-1,-1,-1
766,241,219.44,88.32,103.44,301.70,0.8896,-1,-1,-1
766,249,359.21,92.52,95.21,291.69,0.7673,-1,-1,-1
766,275,310.41,147.09,31.98,119.64,0.6249,-1,-1,-1
766,286,141.38,155.46,53.69,127.73,0.8331,-1,-1,-1
766,272,123.01,176.29,24.42,73.74,0.6200,-1,-1,-1
766,288,94.79,167.32,28.99,89.01,0.6901,-1,-1,-1
766,282,62.10,164.80,40.63,94.55,0.6274,-1,-1,-1
766,289,198.00,156.41,33.87,118.51,0.6897,-1,-1,-1
767,193,457.02,1.71,181.16,477.06,0.9012,-1,-1,-1
767,235,225.65,81.76,92.45,295.02,0.8881,-1,-1,-1
767,241,225.65,81.76,92.45,295.02,0.8881,-1,-1,-1
767,249,356.02,91.03,95.64,296.24,0.7946,-1,-1,-1
767,275,310.32,146.45,32.65,119.48,0.4053,-1,-1,-1
767,286,129.11,153.07,57.23,128.26,0.8248,-1,-1,-1
767,288,92.35,163.09,25.74,90.81,0.4919,-1,-1,-1
767,282,58.70,159.91,37.27,96.65,0.6077,-1,-1,-1
767,289,189.60,151.66,39.45,124.37,0.8009,-1,-1,-1
768,193,456.76,2.96,181.14,478.31,0.8853,-1,-1,-1
768,235,226.14,82.63,89.80,291.32,0.8781,-1,-1,-1
768,241,226.14,82.63,89.80,291.32,0.8781,-1,-1,-1
768,249,352.64,94.20,96.51,301.36,0.7885,-1,-1,-1
768,286,120.34,156.46,58.16,127.79,0.8012,-1,-1,-1
768,288,91.11,164.48,32.08,92.36,0.4600,-1,-1,-1
768,282,53.72,161.32,36.41,98.33,0.6309,-1,-1,-1
768,289,184.96,154.44,41.81,127.17,0.8359,-1,-1,-1
769,193,462.61,3.30,176.21,480.03,0.8708,-1,-1,-1
769,235,227.41,83.40,87.63,294.22,0.8835,-1,-1,-1
769,241,227.41,83.40,87.63,294.22,0.8835,-1,-1,-1
769,249,352.85,97.34,94.02,305.04,0.7861,-1,-1,-1
769,286,115.14,154.76,50.56,130.83,0.7337,-1,-1,-1
769,288,89.18,165.20,30.29,93.35,0.4931,-1,-1,-1
769,282,54.34,160.24,32.56,100.45,0.6624,-1,-1,-1
769,289,182.85,154.41,44.42,130.76,0.8510,-1,-1,-1
769,287,82.94,166.37,27.45,92.96,0.3528,-1,-1,-1
770,193,472.80,0.02,169.05,479.33,0.8331,-1,-1,-1
770,235,227.14,83.07,91.59,296.33,0.8878,-1,-1,-1
770,241,227.14,83.07,91.59,296.33,0.8878,-1,-1,-1
770,249,351.97,93.74,96.24,306.13,0.7878,-1,-1,-1
770,286,110.50,152.73,45.68,130.90,0.5492,-1,-1,-1
770,288,88.52,163.80,27.21,94.31,0.4093,-1,-1,-1
770,282,54.15,159.78,34.94,101.10,0.6278,-1,-1,-1
770,289,180.46,152.33,47.74,133.27,0.8407,-1,-1,-1
770,287,80.37,161.34,29.10,97.98,0.2020,-1,-1,-1
771,193,493.11,-1.45,149.98,477.91,0.8519,-1,-1,-1
771,235,221.31,86.98,94.27,300.55,0.8732,-1,-1,-1
771,241,221.31,86.98,94.27,300.55,0.8732,-1,-1,-1
771,249,347.94,92.22,94.04,305.33,0.8294,-1,-1,-1
771,286,99.03,152.62,41.35,134.28,0.5530,-1,-1,-1
771,288,80.68,162.32,31.09,98.15,0.4977,-1,-1,-1
771,282,47.36,160.12,36.88,103.55,0.6872,-1,-1,-1
771,289,168.70,150.30,51.95,139.68,0.8298,-1,-1,-1
772,193,494.83,-2.90,147.53,477.34,0.8111,-1,-1,-1
772,235,213.76,87.65,99.41,299.09,0.8952,-1,-1,-1
772,241,213.76,87.65,99.41,299.09,0.8952,-1,-1,-1
772,249,344.47,90.64,92.28,298.66,0.8170,-1,-1,-1
772,286,84.12,150.82,47.74,134.87,0.7174,-1,-1,-1
772,288,78.27,156.17,26.21,101.81,0.1821,-1,-1,-1
772,282,44.82,156.62,38.09,104.77,0.6339,-1,-1,-1
772,289,162.58,145.29,53.81,142.44,0.8314,-1,-1,-1
773,193,495.69,-3.20,146.82,478.32,0.7820,-1,-1,-1
773,235,212.08,87.60,99.36,296.94,0.8925,-1,-1,-1
773,241,212.08,87.60,99.36,296.94,0.8925,-1,-1,-1
773,249,339.76,86.72,95.64,295.33,0.8603,-1,-1,-1
773,286,71.76,149.84,48.34,134.97,0.7890,-1,-1,-1
773,282,41.66,154.55,38.81,104.71,0.6627,-1,-1,-1
773,289,150.74,140.18,60.52,147.74,0.8453,-1,-1,-1
774,193,496.58,1.90,145.35,474.62,0.8450,-1,-1,-1
774,235,217.20,87.79,96.11,290.07,0.8911,-1,-1,-1
774,241,217.20,87.79,96.11,290.07,0.8911,-1,-1,-1
774,249,336.99,87.14,97.01,295.12,0.8504,-1,-1,-1
774,286,65.02,150.06,49.63,135.47,0.6663,-1,-1,-1
774,282,43.91,157.07,38.92,97.64,0.4212,-1,-1,-1
774,289,151.25,137.29,56.55,153.75,0.8335,-1,-1,-1
775,193,526.32,1.30,113.60,459.30,0.3755,-1,-1,-1
775,235,216.36,88.02,98.12,280.34,0.8735,-1,-1,-1
775,241,216.36,88.02,98.12,280.34,0.8735,-1,-1,-1
775,249,336.98,88.28,95.14,297.91,0.7957,-1,-1,-1
775,286,64.10,152.41,55.82,134.91,0.4660,-1,-1,-1
775,282,44.43,155.80,39.35,106.05,0.4449,-1,-1,-1
775,289,150.77,137.61,54.37,158.63,0.8539,-1,-1,-1
775,288,66.86,153.04,40.35,129.12,0.4788,-1,-1,-1
776,193,504.23,2.66,133.81,469.65,0.8020,-1,-1,-1
776,235,213.47,89.59,101.49,277.92,0.8759,-1,-1,-1
776,241,213.47,89.59,101.49,277.92,0.8759,-1,-1,-1
776,249,336.93,93.55,92.90,299.46,0.8507,-1,-1,-1
776,286,48.89,153.14,53.86,135.32,0.6142,-1,-1,-1
776,282,44.98,154.23,47.78,125.26,0.6142,-1,-1,-1
776,289,145.67,139.45,54.91,161.27,0.8229,-1,-1,-1
776,291,422.40,22.58,157.75,421.74,0.7637,-1,-1,-1
776,292,89.20,170.06,35.33,94.05,0.6760,-1,-1,-1
777,193,496.95,2.80,138.75,472.68,0.7787,-1,-1,-1
777,235,210.12,91.83,105.02,277.10,0.8753,-1,-1,-1
777,241,210.12,91.83,105.02,277.10,0.8753,-1,-1,-1
777,249,335.87,95.82,90.89,299.28,0.8432,-1,-1,-1
777,286,39.90,151.68,52.71,137.30,0.5965,-1,-1,-1
777,282,42.33,152.08,50.53,134.09,0.5965,-1,-1,-1
777,289,142.19,138.56,54.70,165.47,0.8225,-1,-1,-1
777,291,405.61,30.86,165.75,409.60,0.7582,-1,-1,-1
777,292,92.45,170.25,31.94,93.99,0.6621,-1,-1,-1
778,193,507.80,3.81,125.69,469.07,0.7296,-1,-1,-1
778,235,209.97,97.65,109.41,276.67,0.8374,-1,-1,-1
778,241,209.97,97.65,109.41,276.67,0.8374,-1,-1,-1
778,249,339.57,97.75,87.05,296.58,0.8534,-1,-1,-1
778,286,31.22,153.02,57.88,137.48,0.7983,-1,-1,-1
778,289,136.43,136.71,59.90,171.32,0.8305,-1,-1,-1
778,291,404.90,29.33,157.46,417.73,0.8358,-1,-1,-1
778,292,93.75,166.32,37.92,99.56,0.6737,-1,-1,-1
779,193,506.56,7.81,127.20,465.66,0.7731,-1,-1,-1
779,235,227.19,105.88,98.54,273.57,0.8142,-1,-1,-1
779,241,227.19,105.88,98.54,273.57,0.8142,-1,-1,-1
779,249,346.19,99.82,86.38,273.38,0.6222,-1,-1,-1
779,286,28.01,157.25,58.29,136.45,0.8345,-1,-1,-1
779,289,139.08,135.64,59.36,177.25,0.8356,-1,-1,-1
779,291,411.54,28.44,147.99,440.12,0.8538,-1,-1,-1
779,292,104.92,168.03,32.67,101.41,0.7603,-1,-1,-1
779,293,209.51,141.37,46.63,177.39,0.7215,-1,-1,-1
779,282,71.63,160.84,32.99,113.62,0.6232,-1,-1,-1
780,193,496.07,5.07,137.98,468.33,0.8531,-1,-1,-1
780,235,234.13,108.21,94.39,269.57,0.8388,-1,-1,-1
780,241,234.13,108.21,94.39,269.57,0.8388,-1,-1,-1
780,249,348.78,97.64,85.40,278.02,0.5687,-1,-1,-1
780,286,22.69,157.41,60.81,137.13,0.7969,-1,-1,-1
780,289,134.71,132.29,64.67,181.87,0.8557,-1,-1,-1
780,291,415.77,23.21,127.07,447.87,0.7413,-1,-1,-1
780,292,108.88,166.84,31.67,104.20,0.7848,-1,-1,-1
780,293,211.92,137.54,46.76,184.16,0.7477,-1,-1,-1
780,282,75.03,161.30,29.92,110.97,0.6269,-1,-1,-1
781,193,472.78,4.11,158.72,465.78,0.8815,-1,-1,-1
781,235,237.69,105.28,92.69,263.48,0.8507,-1,-1,-1
781,241,237.69,105.28,92.69,263.48,0.8507,-1,-1,-1
781,249,350.54,96.29,79.78,217.93,0.4018,-1,-1,-1
781,286,20.66,154.53,60.00,138.31,0.7574,-1,-1,-1
781,289,130.26,127.36,67.84,190.39,0.8483,-1,-1,-1
781,291,393.88,18.36,131.52,450.12,0.7431,-1,-1,-1
781,292,111.68,164.54,26.55,103.64,0.6568,-1,-1,-1
781,293,211.10,130.88,47.61,195.04,0.7601,-1,-1,-1
781,282,73.96,160.14,38.35,110.45,0.6691,-1,-1,-1
782,193,457.00,3.57,177.11,471.15,0.8591,-1,-1,-1
782,235,242.50,104.28,89.10,262.04,0.8661,-1,-1,-1
782,241,242.50,104.28,89.10,262.04,0.8661,-1,-1,-1
782,286,14.21,152.71,58.45,142.16,0.8249,-1,-1,-1
782,289,119.33,125.89,76.14,197.68,0.8543,-1,-1,-1
782,291,391.29,22.80,115.28,443.77,0.6724,-1,-1,-1
782,292,111.22,166.53,23.77,102.89,0.3541,-1,-1,-1
782,293,203.33,126.37,55.98,205.13,0.8035,-1,-1,-1
782,282,73.79,160.32,42.88,111.84,0.7203,-1,-1,-1
783,193,451.27,1.42,187.26,473.27,0.7670,-1,-1,-1
783,235,249.07,104.55,84.38,256.68,0.8780,-1,-1,-1
783,241,249.07,104.55,84.38,256.68,0.8780,-1,-1,-1
783,286,9.37,152.97,55.14,144.18,0.7800,-1,-1,-1
783,289,112.34,125.74,82.17,206.28,0.8765,-1,-1,-1
783,291,389.14,25.48,113.96,444.99,0.6800,-1,-1,-1
783,293,199.97,122.56,60.66,212.15,0.8241,-1,-1,-1
783,282,75.66,162.32,45.20,112.46,0.7135,-1,-1,-1
783,249,347.53,132.11,80.09,278.99,0.4363,-1,-1,-1
784,193,453.04,1.71,186.20,475.71,0.8210,-1,-1,-1
784,235,255.32,107.56,79.22,255.58,0.8734,-1,-1,-1
784,241,255.32,107.56,79.22,255.58,0.8734,-1,-1,-1
784,286,6.44,153.99,51.25,147.24,0.7226,-1,-1,-1
784,289,107.48,124.54,80.88,216.23,0.8513,-1,-1,-1
784,291,364.54,29.89,125.86,429.91,0.7994,-1,-1,-1
784,293,195.21,120.78,66.17,219.93,0.8474,-1,-1,-1
784,282,77.36,161.02,41.51,116.92,0.6719,-1,-1,-1
785,193,459.99,1.44,179.12,455.94,0.6822,-1,-1,-1
785,235,256.14,109.21,73.14,257.60,0.8594,-1,-1,-1
785,241,256.14,109.21,73.14,257.60,0.8594,-1,-1,-1
785,286,-1.35,155.04,42.90,147.50,0.6696,-1,-1,-1
785,289,93.73,118.32,84.84,228.95,0.8835,-1,-1,-1
785,291,355.06,31.21,131.18,443.76,0.8155,-1,-1,-1
785,293,183.75,115.97,74.87,231.00,0.8657,-1,-1,-1
785,282,77.34,155.45,32.52,116.25,0.1658,-1,-1,-1
786,193,475.22,1.15,163.17,453.82,0.6977,-1,-1,-1
786,235,253.52,115.00,71.66,253.57,0.8585,-1,-1,-1
786,241,253.52,115.00,71.66,253.57,0.8585,-1,-1,-1
786,286,-3.65,152.84,28.16,148.82,0.5806,-1,-1,-1
786,289,72.05,110.31,93.55,239.75,0.8668,-1,-1,-1
786,291,348.61,33.11,130.44,434.01,0.5778,-1,-1,-1
786,293,167.53,112.77,80.98,243.05,0.8595,-1,-1,-1
786,287,50.71,172.03,26.89,100.97,0.3668,-1,-1,-1
787,193,490.43,0.44,149.72,472.60,0.6918,-1,-1,-1
787,235,254.82,118.99,69.61,250.66,0.8670,-1,-1,-1
787,241,254.82,118.99,69.61,250.66,0.8670,-1,-1,-1
787,289,57.59,105.27,99.19,248.89,0.8492,-1,-1,-1
787,291,342.64,33.11,150.92,428.88,0.7765,-1,-1,-1
787,293,155.78,110.93,88.60,251.94,0.8751,-1,-1,-1
787,295,9.91,169.04,30.92,104.56,0.3974,-1,-1,-1
787,287,47.00,168.20,22.73,106.25,0.2177,-1,-1,-1
788,193,500.55,-0.67,140.26,480.14,0.7232,-1,-1,-1
788,235,253.47,119.16,70.82,251.15,0.8295,-1,-1,-1
788,241,253.47,119.16,70.82,251.15,0.8295,-1,-1,-1
788,289,40.67,99.22,105.98,265.21,0.8611,-1,-1,-1
788,291,335.08,32.42,176.93,435.01,0.8444,-1,-1,-1
788,293,141.64,105.54,95.37,270.79,0.8488,-1,-1,-1
788,295,0.51,167.82,36.36,107.88,0.4614,-1,-1,-1
788,287,37.71,154.48,26.25,120.86,0.2316,-1,-1,-1
788,296,469.71,17.71,90.65,431.63,0.3490,-1,-1,-1
789,193,501.46,-0.83,140.55,482.19,0.8185,-1,-1,-1
789,235,249.43,118.66,72.26,244.85,0.8371,-1,-1,-1
789,241,249.43,118.66,72.26,244.85,0.8371,-1,-1,-1
789,289,17.75,97.29,115.66,278.99,0.8860,-1,-1,-1
789,291,324.27,40.02,144.15,438.38,0.6929,-1,-1,-1
789,293,127.73,100.95,95.45,288.86,0.8426,-1,-1,-1
789,295,-3.98,163.54,27.06,116.24,0.1936,-1,-1,-1
789,296,442.43,26.58,102.43,432.09,0.7557,-1,-1,-1
790,193,498.92,-0.75,144.70,455.61,0.7152,-1,-1,-1
790,235,242.10,121.95,78.34,237.78,0.8173,-1,-1,-1
790,241,242.10,121.95,78.34,237.78,0.8173,-1,-1,-1
790,289,-0.11,97.92,117.69,297.48,0.8843,-1,-1,-1
790,291,315.23,45.62,166.12,438.35,0.8287,-1,-1,-1
790,293,116.40,96.55,92.78,306.61,0.8756,-1,-1,-1
790,296,432.22,36.32,106.13,428.68,0.7761,-1,-1,-1
791,193,493.88,-0.86,148.85,473.22,0.8340,-1,-1,-1
791,235,234.78,123.64,82.48,231.59,0.8098,-1,-1,-1
791,241,234.78,123.64,82.48,231.59,0.8098,-1,-1,-1
791,289,-6.47,91.62,116.34,320.43,0.8880,-1,-1,-1
791,291,309.03,52.46,156.46,431.07,0.8427,-1,-1,-1
791,293,103.91,87.69,93.77,321.04,0.8661,-1,-1,-1
791,296,428.23,43.23,105.79,428.25,0.7953,-1,-1,-1
792,193,494.38,1.84,148.42,476.99,0.7422,-1,-1,-1
792,235,228.45,128.78,84.42,238.09,0.7871,-1,-1,-1
792,241,228.45,128.78,84.42,238.09,0.7871,-1,-1,-1
792,289,-8.67,83.39,100.71,340.76,0.8758,-1,-1,-1
792,291,305.44,59.19,155.39,424.42,0.7626,-1,-1,-1
792,293,81.87,81.03,103.85,340.07,0.8885,-1,-1,-1
792,296,419.02,50.17,113.28,425.21,0.8233,-1,-1,-1
792,300,192.99,194.37,29.02,88.98,0.6557,-1,-1,-1
793,193,504.52,-2.01,140.85,483.21,0.8546,-1,-1,-1
793,235,220.34,128.07,90.00,243.15,0.7210,-1,-1,-1
793,241,220.34,128.07,90.00,243.15,0.7210,-1,-1,-1
793,289,-9.54,65.81,84.68,362.21,0.8354,-1,-1,-1
793,291,300.18,57.22,179.18,407.67,0.6974,-1,-1,-1
793,293,33.76,67.90,137.84,371.73,0.8861,-1,-1,-1
793,296,414.81,44.80,120.29,406.71,0.8426,-1,-1,-1
793,300,185.95,192.30,29.57,88.50,0.4389,-1,-1,-1
794,193,516.84,-3.02,126.22,484.16,0.8625,-1,-1,-1
794,235,218.57,122.54,86.02,239.25,0.7994,-1,-1,-1
794,241,218.57,122.54,86.02,239.25,0.7994,-1,-1,-1
794,289,-6.48,62.25,63.73,363.86,0.7250,-1,-1,-1
794,291,295.60,50.22,148.73,395.19,0.6648,-1,-1,-1
794,293,5.59,48.43,150.04,396.65,0.8853,-1,-1,-1
794,296,406.51,33.27,130.18,409.23,0.8678,-1,-1,-1
794,300,180.36,180.31,31.18,91.52,0.5685,-1,-1,-1
794,301,146.22,170.76,29.44,95.88,0.4553,-1,-1,-1
795,193,519.91,2.40,120.87,483.74,0.7901,-1,-1,-1
795,235,217.70,125.79,79.53,222.19,0.7973,-1,-1,-1
795,241,217.70,125.79,79.53,222.19,0.7973,-1,-1,-1
795,291,292.74,57.60,136.00,394.46,0.8351,-1,-1,-1
795,293,-6.28,32.11,135.01,439.90,0.8587,-1,-1,-1
795,296,401.49,34.88,130.51,406.83,0.8396,-1,-1,-1
795,300,171.72,180.79,41.71,94.17,0.6756,-1,-1,-1
795,301,129.74,171.91,32.13,99.26,0.7748,-1,-1,-1
796,193,525.64,4.82,113.41,477.43,0.7071,-1,-1,-1
796,235,218.97,130.21,78.44,218.71,0.8278,-1,-1,-1
796,241,218.97,130.21,78.44,218.71,0.8278,-1,-1,-1
796,291,291.78,67.03,160.54,388.22,0.6596,-1,-1,-1
796,293,-5.00,21.62,118.47,449.63,0.6839,-1,-1,-1
796,296,404.63,41.43,125.38,403.00,0.8704,-1,-1,-1
796,300,172.53,184.48,42.26,95.04,0.3719,-1,-1,-1
796,301,123.65,176.33,37.26,99.33,0.7289,-1,-1,-1
797,193,537.32,1.60,98.90,473.15,0.7931,-1,-1,-1
797,235,224.34,122.03,69.61,220.12,0.8223,-1,-1,-1
797,241,224.34,122.03,69.61,220.12,0.8223,-1,-1,-1
797,291,285.27,64.40,137.49,391.68,0.6524,-1,-1,-1
797,293,-4.08,0.60,92.48,450.48,0.4560,-1,-1,-1
797,296,400.25,37.59,124.51,403.77,0.8409,-1,-1,-1
797,300,169.53,179.92,31.42,96.14,0.6545,-1,-1,-1
797,301,112.87,170.39,43.73,100.26,0.7067,-1,-1,-1
798,193,518.52,5.78,117.25,465.55,0.8714,-1,-1,-1
798,235,229.25,121.88,64.97,221.16,0.8257,-1,-1,-1
798,241,229.25,121.88,64.97,221.16,0.8257,-1,-1,-1
798,291,281.34,67.20,134.21,390.62,0.5835,-1,-1,-1
798,293,-0.13,4.18,65.78,358.01,0.5527,-1,-1,-1
798,296,401.37,39.42,121.22,404.90,0.8138,-1,-1,-1
798,300,167.57,180.51,30.90,96.56,0.5261,-1,-1,-1
798,301,111.52,171.29,45.56,101.74,0.7270,-1,-1,-1
798,302,71.22,160.33,32.63,120.26,0.7029,-1,-1,-1
799,193,489.48,2.98,146.71,464.37,0.8824,-1,-1,-1
799,235,230.00,122.53,63.42,220.78,0.7990,-1,-1,-1
799,241,230.00,122.53,63.42,220.78,0.7990,-1,-1,-1
799,291,279.60,66.37,135.84,390.86,0.5655,-1,-1,-1
799,293,-1.01,30.82,59.97,410.05,0.1747,-1,-1,-1
799,296,384.65,39.57,135.87,375.70,0.7044,-1,-1,-1
799,300,165.32,179.55,35.23,98.58,0.5624,-1,-1,-1
799,301,107.96,170.40,48.07,104.52,0.7087,-1,-1,-1
799,302,69.21,159.49,34.56,122.25,0.7400,-1,-1,-1
799,288,31.03,153.11,44.70,137.46,0.4346,-1,-1,-1
800,193,462.17,0.34,173.30,463.97,0.8551,-1,-1,-1
800,235,227.32,121.86,61.52,217.35,0.8194,-1,-1,-1
800,241,227.32,121.86,61.52,217.35,0.8194,-1,-1,-1
800,291,273.04,58.49,166.94,367.34,0.7999,-1,-1,-1
800,296,391.31,32.80,121.47,376.04,0.8385,-1,-1,-1
800,300,159.09,173.99,41.34,101.21,0.7336,-1,-1,-1
800,301,99.81,164.42,49.63,107.34,0.7176,-1,-1,-1
800,302,63.27,155.22,36.04,123.32,0.7690,-1,-1,-1
800,305,207.85,181.56,25.46,80.01,0.6075,-1,-1,-1
800,288,28.18,148.17,44.20,103.43,0.4866,-1,-1,-1
801,193,448.98,2.50,189.85,468.40,0.5281,-1,-1,-1
801,235,227.94,128.84,58.31,220.62,0.8156,-1,-1,-1
801,241,227.94,128.84,58.31,220.62,0.8156,-1,-1,-1
801,291,272.34,58.94,183.78,375.71,0.7665,-1,-1,-1
801,296,395.86,34.07,112.94,394.12,0.7886,-1,-1,-1
801,300,156.51,178.05,40.47,102.55,0.6911,-1,-1,-1
801,301,95.45,167.43,38.58,110.10,0.6881,-1,-1,-1
801,302,59.15,159.36,35.55,124.86,0.7561,-1,-1,-1
801,305,202.91,187.17,29.92,79.21,0.3889,-1,-1,-1
801,288,23.87,150.89,41.30,131.33,0.3707,-1,-1,-1
802,193,450.07,2.64,192.20,468.19,0.6793,-1,-1,-1
802,235,230.35,131.69,57.21,215.31,0.7734,-1,-1,-1
802,241,230.35,131.69,57.21,215.31,0.7734,-1,-1,-1
802,291,273.03,58.35,152.61,374.70,0.6431,-1,-1,-1
802,296,398.31,32.48,109.81,397.92,0.7722,-1,-1,-1
802,300,156.57,177.73,44.77,106.14,0.6894,-1,-1,-1
802,301,90.87,166.01,33.87,114.52,0.6545,-1,-1,-1
802,302,58.10,160.03,35.84,125.81,0.7427,-1,-1,-1
802,305,201.66,187.63,31.50,82.24,0.6412,-1,-1,-1
802,306,22.46,154.54,31.51,92.16,0.5385,-1,-1,-1
803,193,456.69,3.89,185.81,473.76,0.6626,-1,-1,-1
803,235,233.26,132.92,52.30,198.62,0.8262,-1,-1,-1
803,241,233.26,132.92,52.30,198.62,0.8262,-1,-1,-1
803,291,275.40,59.80,132.02,380.35,0.5339,-1,-1,-1
803,296,399.57,34.25,107.69,400.40,0.7496,-1,-1,-1
803,300,157.16,179.36,41.39,108.47,0.6218,-1,-1,-1
803,301,89.18,166.67,30.21,113.41,0.5836,-1,-1,-1
803,302,57.52,160.11,37.47,128.39,0.7007,-1,-1,-1
803,305,200.82,189.44,31.71,83.34,0.7221,-1,-1,-1
803,306,21.10,151.34,40.52,97.48,0.2965,-1,-1,-1
804,193,474.09,3.68,171.95,479.85,0.7694,-1,-1,-1
804,235,236.84,134.41,56.10,201.77,0.7566,-1,-1,-1
804,241,236.84,134.41,56.10,201.77,0.7566,-1,-1,-1
804,291,282.62,62.60,176.11,388.18,0.8300,-1,-1,-1
804,296,411.13,34.10,121.67,410.33,0.7168,-1,-1,-1
804,300,161.43,182.07,37.32,110.83,0.5424,-1,-1,-1
804,301,91.15,167.66,28.80,117.13,0.4929,-1,-1,-1
804,302,60.78,161.56,38.03,130.50,0.7040,-1,-1,-1
804,305,205.22,190.72,29.69,85.46,0.5805,-1,-1,-1
804,306,24.33,149.10,43.05,116.82,0.4973,-1,-1,-1
805,193,492.02,0.42,155.14,455.47,0.6383,-1,-1,-1
805,235,240.79,130.17,60.14,205.10,0.7943,-1,-1,-1
805,241,240.79,130.17,60.14,205.10,0.7943,-1,-1,-1
805,291,290.81,58.66,194.74,402.38,0.7455,-1,-1,-1
805,296,421.78,31.55,116.42,423.47,0.8363,-1,-1,-1
805,300,163.93,177.60,35.05,113.69,0.5988,-1,-1,-1
805,301,73.51,160.57,47.09,126.30,0.4993,-1,-1,-1
805,302,64.77,157.01,35.31,131.90,0.3877,-1,-1,-1
805,305,208.53,185.84,30.78,87.76,0.7203,-1,-1,-1
805,306,27.29,142.57,41.71,132.58,0.4512,-1,-1,-1
806,193,512.75,0.74,135.25,332.64,0.5466,-1,-1,-1
806,235,243.56,130.87,68.10,206.89,0.8299,-1,-1,-1
806,241,243.56,130.87,68.10,206.89,0.8299,-1,-1,-1
806,291,298.32,61.26,211.30,410.42,0.7816,-1,-1,-1
806,296,430.26,34.26,122.61,431.04,0.8650,-1,-1,-1
806,300,167.85,177.32,37.19,116.17,0.4668,-1,-1,-1
806,301,69.93,159.92,53.11,131.22,0.7623,-1,-1,-1
806,302,68.99,158.52,48.74,132.31,0.7623,-1,-1,-1
806,305,213.96,186.29,29.97,89.64,0.7032,-1,-1,-1
806,306,27.60,144.22,49.37,150.07,0.6766,-1,-1,-1
807,193,536.58,22.45,112.20,279.66,0.5783,-1,-1,-1
807,235,246.42,131.43,75.68,203.58,0.8391,-1,-1,-1
807,241,246.42,131.43,75.68,203.58,0.8391,-1,-1,-1
807,291,307.80,58.74,220.98,414.34,0.6334,-1,-1,-1
807,296,440.88,36.00,128.31,431.55,0.7898,-1,-1,-1
807,300,171.91,175.93,42.64,119.49,0.7469,-1,-1,-1
807,301,70.49,158.04,55.11,134.16,0.7754,-1,-1,-1
807,302,72.39,157.55,52.47,133.75,0.7754,-1,-1,-1
807,305,217.96,186.91,29.98,90.17,0.6867,-1,-1,-1
807,306,29.96,143.69,51.37,156.60,0.6957,-1,-1,-1
808,193,562.83,73.66,82.88,210.80,0.8133,-1,-1,-1
808,235,253.12,130.97,76.54,196.47,0.8165,-1,-1,-1
808,241,253.12,130.97,76.54,196.47,0.8165,-1,-1,-1
808,291,319.62,53.75,220.80,413.12,0.8347,-1,-1,-1
808,296,450.37,33.91,131.93,428.14,0.8552,-1,-1,-1
808,300,176.51,172.06,47.04,121.25,0.7062,-1,-1,-1
808,301,73.92,154.82,53.25,134.71,0.7695,-1,-1,-1
808,302,76.86,154.69,51.53,133.75,0.7695,-1,-1,-1
808,305,222.01,184.22,28.69,91.53,0.7183,-1,-1,-1
808,306,38.50,140.54,46.36,159.92,0.6280,-1,-1,-1
809,235,264.18,135.92,78.10,196.89,0.8217,-1,-1,-1
809,241,264.18,135.92,78.10,196.89,0.8217,-1,-1,-1
809,291,333.96,51.56,227.33,400.58,0.5774,-1,-1,-1
809,296,466.22,32.22,142.66,423.38,0.8560,-1,-1,-1
809,300,185.78,173.56,50.47,123.95,0.8302,-1,-1,-1
809,301,85.56,158.41,45.75,133.39,0.7445,-1,-1,-1
809,302,88.79,158.26,44.37,132.32,0.7445,-1,-1,-1
809,305,232.71,186.59,29.38,91.78,0.7445,-1,-1,-1
809,306,53.53,144.43,41.65,156.77,0.6200,-1,-1,-1
810,235,275.33,138.61,73.82,199.64,0.8346,-1,-1,-1
810,241,275.33,138.61,73.82,199.64,0.8346,-1,-1,-1
810,291,341.63,50.59,186.75,396.25,0.6036,-1,-1,-1
810,296,472.37,31.18,150.10,415.85,0.8274,-1,-1,-1
810,300,190.97,174.68,52.24,126.32,0.7032,-1,-1,-1
810,301,93.90,158.92,40.51,136.09,0.7163,-1,-1,-1
810,302,96.62,158.78,39.46,135.15,0.7163,-1,-1,-1
810,305,238.57,188.25,29.14,92.00,0.7075,-1,-1,-1
810,306,63.52,145.88,40.31,159.22,0.7110,-1,-1,-1
811,235,284.50,133.45,69.58,209.77,0.8327,-1,-1,-1
811,241,284.50,133.45,69.58,209.77,0.8327,-1,-1,-1
811,291,354.89,43.65,181.01,403.76,0.3731,-1,-1,-1
811,296,484.62,23.73,149.29,424.33,0.8636,-1,-1,-1
811,300,190.81,170.86,53.81,129.54,0.7867,-1,-1,-1
811,301,74.50,152.13,59.35,147.57,0.3451,-1,-1,-1
811,302,99.35,153.14,38.93,138.74,0.5743,-1,-1,-1
811,305,241.78,183.86,30.04,93.54,0.7312,-1,-1,-1
811,306,66.43,145.04,42.13,156.70,0.4998,-1,-1,-1
811,309,268.96,192.11,20.90,84.63,0.7299,-1,-1,-1
812,235,292.44,131.68,65.75,209.44,0.8549,-1,-1,-1
812,241,292.44,131.68,65.75,209.44,0.8549,-1,-1,-1
812,291,368.14,43.10,151.24,414.72,0.5681,-1,-1,-1
812,296,491.14,24.95,148.60,431.71,0.8059,-1,-1,-1
812,300,191.40,171.10,54.86,132.84,0.8085,-1,-1,-1
812,301,68.67,147.46,49.72,155.42,0.6796,-1,-1,-1
812,302,101.60,150.81,39.14,142.53,0.7203,-1,-1,-1
812,305,243.16,181.92,31.79,96.90,0.6974,-1,-1,-1
812,306,68.93,145.12,41.11,159.35,0.6796,-1,-1,-1
812,309,270.94,192.21,23.48,86.62,0.6400,-1,-1,-1
813,235,297.82,131.59,62.04,210.26,0.8461,-1,-1,-1
813,241,297.82,131.59,62.04,210.26,0.8461,-1,-1,-1
813,291,375.58,41.40,140.93,426.44,0.8388,-1,-1,-1
813,296,502.23,28.71,139.86,438.85,0.8334,-1,-1,-1
813,300,188.77,169.68,57.48,136.55,0.8112,-1,-1,-1
813,301,55.00,145.67,53.51,156.40,0.6672,-1,-1,-1
813,302,101.52,151.91,41.06,143.83,0.6553,-1,-1,-1
813,305,241.76,180.75,34.49,100.73,0.6363,-1,-1,-1
813,306,57.98,145.27,50.10,158.15,0.6672,-1,-1,-1
813,309,266.71,195.07,28.75,86.57,0.6115,-1,-1,-1
814,235,301.93,130.11,62.73,210.25,0.8486,-1,-1,-1
814,241,301.93,130.11,62.73,210.25,0.8486,-1,-1,-1
814,291,369.75,35.88,152.23,439.52,0.5978,-1,-1,-1
814,296,509.33,29.19,133.83,441.57,0.8389,-1,-1,-1
814,300,186.97,164.19,59.84,141.43,0.8208,-1,-1,-1
814,301,47.81,140.30,57.88,160.65,0.7066,-1,-1,-1
814,302,102.85,149.33,39.52,145.44,0.7003,-1,-1,-1
814,305,239.16,177.40,38.07,103.79,0.7301,-1,-1,-1
814,306,52.12,140.34,56.14,161.70,0.7066,-1,-1,-1
814,309,268.18,194.69,28.63,86.10,0.6239,-1,-1,-1
815,235,305.94,133.95,62.56,210.68,0.8165,-1,-1,-1
815,241,305.94,133.95,62.56,210.68,0.8165,-1,-1,-1
815,291,373.70,32.00,158.18,446.57,0.4851,-1,-1,-1
815,296,515.49,31.17,127.25,442.05,0.8576,-1,-1,-1
815,300,184.64,163.35,61.91,145.37,0.7416,-1,-1,-1
815,301,45.83,142.27,57.90,162.33,0.6796,-1,-1,-1
815,302,101.77,149.37,41.17,148.77,0.6535,-1,-1,-1
815,305,239.82,179.11,37.01,105.33,0.6980,-1,-1,-1
815,306,50.30,142.48,56.99,163.03,0.6796,-1,-1,-1
815,309,269.56,195.32,27.92,88.27,0.6749,-1,-1,-1
816,235,310.54,134.98,58.85,210.19,0.7724,-1,-1,-1
816,241,310.54,134.98,58.85,210.19,0.7724,-1,-1,-1
816,291,380.54,26.04,140.49,452.35,0.6098,-1,-1,-1
816,296,519.33,27.32,123.17,431.33,0.8743,-1,-1,-1
816,300,178.44,159.59,65.05,149.43,0.7012,-1,-1,-1
816,301,51.76,139.35,51.44,162.06,0.5150,-1,-1,-1
816,302,100.11,148.49,41.73,148.39,0.6950,-1,-1,-1
816,305,237.70,175.46,36.69,108.96,0.7413,-1,-1,-1
816,306,55.83,139.56,50.96,162.54,0.5150,-1,-1,-1
816,309,269.16,192.18,27.03,90.27,0.6537,-1,-1,-1
817,235,312.85,134.30,59.92,210.34,0.8089,-1,-1,-1
817,241,312.85,134.30,59.92,210.34,0.8089,-1,-1,-1
817,291,382.39,10.94,157.96,456.98,0.7705,-1,-1,-1
817,296,522.25,22.79,119.89,432.70,0.8915,-1,-1,-1
817,300,170.69,156.70,68.89,153.92,0.7469,-1,-1,-1
817,301,54.00,136.20,49.01,167.75,0.4929,-1,-1,-1
817,302,97.76,147.10,40.49,148.93,0.7005,-1,-1,-1
817,305,235.48,173.06,36.44,110.41,0.6610,-1,-1,-1
817,306,57.32,136.36,48.74,168.14,0.4929,-1,-1,-1
817,309,268.15,191.49,25.15,88.61,0.6612,-1,-1,-1
817,282,30.09,145.30,37.61,155.12,0.4433,-1,-1,-1
818,235,317.31,132.79,61.24,210.48,0.8176,-1,-1,-1
818,241,317.31,132.79,61.24,210.48,0.8176,-1,-1,-1
818,291,387.05,7.67,152.36,459.43,0.7856,-1,-1,-1
818,296,527.85,14.09,115.14,439.84,0.8189,-1,-1,-1
818,300,170.68,156.45,68.21,160.17,0.7518,-1,-1,-1
818,301,53.37,134.41,49.89,172.36,0.3480,-1,-1,-1
818,302,96.14,146.17,40.06,151.07,0.7059,-1,-1,-1
818,305,232.10,169.81,38.35,114.59,0.7655,-1,-1,-1
818,306,56.29,134.41,49.70,172.71,0.3480,-1,-1,-1
818,309,266.91,188.46,26.74,93.89,0.6998,-1,-1,-1
818,312,288.75,178.17,28.86,91.67,0.7280,-1,-1,-1
818,282,18.60,138.27,49.60,165.72,0.6365,-1,-1,-1
819,235,319.02,131.36,61.56,207.13,0.8327,-1,-1,-1
819,241,319.02,131.36,61.56,207.13,0.8327,-1,-1,-1
819,291,401.58,6.96,142.04,461.56,0.8688,-1,-1,-1
819,296,536.02,10.79,105.57,448.55,0.8775,-1,-1,-1
819,300,167.35,157.43,69.86,164.23,0.7695,-1,-1,-1
819,301,51.59,133.72,48.48,176.46,0.2663,-1,-1,-1
819,302,93.72,146.23,40.22,153.43,0.7342,-1,-1,-1
819,305,228.59,168.51,39.67,118.14,0.7899,-1,-1,-1
819,306,54.37,133.65,46.94,136.04,0.3452,-1,-1,-1
819,309,265.31,188.75,27.99,97.12,0.6750,-1,-1,-1
819,312,288.96,179.08,29.24,92.37,0.6378,-1,-1,-1
819,282,6.72,138.64,56.97,168.35,0.7191,-1,-1,-1
820,235,314.40,132.08,65.21,208.11,0.8130,-1,-1,-1
820,241,314.40,132.08,65.21,208.11,0.8130,-1,-1,-1
820,291,409.05,7.58,155.16,471.13,0.8327,-1,-1,-1
820,296,546.02,11.06,94.78,464.34,0.8740,-1,-1,-1
820,300,152.90,156.18,76.92,173.10,0.7142,-1,-1,-1
820,301,41.33,133.95,49.13,182.82,0.2018,-1,-1,-1
820,302,83.29,147.16,42.67,158.73,0.7491,-1,-1,-1
820,305,220.97,170.63,41.66,122.87,0.7660,-1,-1,-1
820,306,44.36,134.61,44.00,123.54,0.4472,-1,-1,-1
820,309,259.70,190.75,28.92,101.10,0.7274,-1,-1,-1
820,312,283.25,182.69,30.19,92.59,0.6393,-1,-1,-1
820,282,-1.95,143.09,53.41,168.47,0.7160,-1,-1,-1
821,235,310.06,129.06,66.75,205.85,0.8151,-1,-1,-1
821,241,310.06,129.06,66.75,205.85,0.8151,-1,-1,-1
821,291,410.56,4.17,151.32,475.69,0.8160,-1,-1,-1
821,296,552.65,10.39,85.78,468.48,0.8855,-1,-1,-1
821,300,145.32,148.46,75.85,179.32,0.7665,-1,-1,-1
821,301,34.04,127.70,49.40,186.84,0.7402,-1,-1,-1
821,302,76.35,142.12,44.19,158.92,0.7891,-1,-1,-1
821,305,214.70,165.87,41.70,125.88,0.7414,-1,-1,-1
821,306,36.03,128.26,47.85,168.27,0.7402,-1,-1,-1
821,309,253.76,187.03,28.44,103.44,0.6725,-1,-1,-1
821,312,278.28,177.79,30.63,95.22,0.6407,-1,-1,-1
821,282,-2.41,136.56,42.58,171.53,0.7423,-1,-1,-1
822,235,306.26,130.10,75.66,207.13,0.8355,-1,-1,-1
822,241,306.26,130.10,75.66,207.13,0.8355,-1,-1,-1
822,291,416.33,3.44,152.74,479.64,0.8658,-1,-1,-1
822,296,564.11,11.05,75.42,472.06,0.8535,-1,-1,-1
822,300,133.95,144.29,77.78,187.97,0.8067,-1,-1,-1
822,301,21.90,122.39,46.48,145.54,0.4545,-1,-1,-1
822,302,65.34,140.46,45.79,163.07,0.7521,-1,-1,-1
822,305,206.70,165.64,42.84,129.49,0.8000,-1,-1,-1
822,306,23.64,122.72,48.84,186.16,0.3694,-1,-1,-1
822,309,247.08,188.24,29.12,105.76,0.7229,-1,-1,-1
822,312,271.06,177.34,32.81,97.41,0.6781,-1,-1,-1
823,235,306.89,136.94,80.89,207.51,0.8052,-1,-1,-1
823,241,306.89,136.94,80.89,207.51,0.8052,-1,-1,-1
823,291,429.78,3.27,151.30,477.53,0.8634,-1,-1,-1
823,296,575.29,14.08,66.36,470.79,0.7658,-1,-1,-1
823,300,127.65,145.20,81.36,194.13,0.8535,-1,-1,-1
823,301,17.62,127.43,48.07,128.70,0.4758,-1,-1,-1
823,302,62.73,142.97,46.59,166.97,0.8121,-1,-1,-1
823,305,204.63,168.57,45.00,134.04,0.7766,-1,-1,-1
823,306,19.01,127.17,49.01,149.59,0.4758,-1,-1,-1
823,309,247.27,187.21,30.97,113.44,0.7214,-1,-1,-1
823,312,271.64,177.16,34.17,103.58,0.6376,-1,-1,-1
823,313,378.78,118.73,69.61,168.46,0.4699,-1,-1,-1
824,235,307.58,136.47,79.06,207.45,0.7841,-1,-1,-1
824,241,307.58,136.47,79.06,207.45,0.7841,-1,-1,-1
824,291,441.52,-0.51,159.92,480.82,0.8451,-1,-1,-1
824,296,573.50,7.42,67.18,463.68,0.7309,-1,-1,-1
824,300,116.03,139.26,84.82,202.87,0.8517,-1,-1,-1
824,302,56.09,141.24,46.81,168.54,0.7653,-1,-1,-1
824,305,197.18,164.23,45.62,138.93,0.7685,-1,-1,-1
824,306,9.75,125.12,53.38,183.31,0.5979,-1,-1,-1
824,309,242.08,180.91,33.00,117.49,0.7709,-1,-1,-1
824,312,265.54,174.37,35.32,103.88,0.7263,-1,-1,-1
824,313,379.20,114.38,79.88,264.23,0.6827,-1,-1,-1
825,235,309.62,136.17,78.18,207.17,0.7867,-1,-1,-1
825,241,309.62,136.17,78.18,207.17,0.7867,-1,-1,-1
825,291,453.00,-1.96,176.37,483.09,0.8731,-1,-1,-1
825,296,584.04,3.39,57.02,452.49,0.3489,-1,-1,-1
825,300,97.61,136.06,97.86,213.97,0.8596,-1,-1,-1
825,302,48.91,138.39,48.32,172.65,0.7611,-1,-1,-1
825,305,189.22,159.77,47.95,144.27,0.7697,-1,-1,-1
825,306,1.01,121.11,49.85,150.16,0.3728,-1,-1,-1
825,309,237.00,180.33,36.94,120.99,0.7779,-1,-1,-1
825,312,262.29,173.20,35.43,106.02,0.6913,-1,-1,-1
825,313,380.09,112.35,87.13,263.59,0.6573,-1,-1,-1
826,235,310.84,130.89,75.73,205.73,0.8166,-1,-1,-1
826,241,310.84,130.89,75.73,205.73,0.8166,-1,-1,-1
826,291,463.75,-3.15,177.55,482.17,0.9122,-1,-1,-1
826,300,84.63,129.86,107.50,225.33,0.8859,-1,-1,-1
826,302,42.15,132.16,50.21,177.33,0.7052,-1,-1,-1
826,305,181.10,152.51,50.40,148.73,0.8043,-1,-1,-1
826,306,-2.61,113.25,50.25,191.39,0.4639,-1,-1,-1
826,309,231.64,174.87,38.71,125.97,0.7523,-1,-1,-1
826,312,260.17,170.19,34.31,105.49,0.6682,-1,-1,-1
826,313,380.73,106.48,89.90,274.01,0.5900,-1,-1,-1
826,314,294.92,169.80,25.97,100.65,0.4904,-1,-1,-1
826,301,-2.83,112.57,47.55,130.41,0.3706,-1,-1,-1
827,235,309.33,132.31,70.60,204.80,0.8229,-1,-1,-1
827,241,309.33,132.31,70.60,204.80,0.8229,-1,-1,-1
827,291,472.46,0.19,169.98,482.95,0.8848,-1,-1,-1
827,300,67.53,125.32,104.52,240.49,0.8609,-1,-1,-1
827,302,29.93,130.37,48.29,182.25,0.6745,-1,-1,-1
827,305,161.13,155.07,59.66,154.67,0.8149,-1,-1,-1
827,306,-4.53,111.34,39.57,208.21,0.1892,-1,-1,-1
827,309,219.95,178.77,40.35,131.19,0.7614,-1,-1,-1
827,312,251.69,173.75,34.11,108.33,0.6817,-1,-1,-1
827,313,375.00,111.36,93.10,281.43,0.8236,-1,-1,-1
827,314,287.70,174.85,29.09,100.60,0.5398,-1,-1,-1
827,301,-4.51,110.68,32.88,129.78,0.2483,-1,-1,-1
828,235,311.95,132.33,66.93,203.62,0.8255,-1,-1,-1
828,241,311.95,132.33,66.93,203.62,0.8255,-1,-1,-1
828,291,485.47,1.25,157.51,479.48,0.9012,-1,-1,-1
828,300,60.95,118.08,101.83,250.64,0.8610,-1,-1,-1
828,302,25.77,129.60,55.70,184.26,0.6803,-1,-1,-1
828,305,152.74,153.62,64.84,158.29,0.7979,-1,-1,-1
828,306,-1.47,108.87,33.90,215.57,0.4915,-1,-1,-1
828,309,216.97,177.89,40.06,134.99,0.7916,-1,-1,-1
828,312,248.92,173.27,35.58,109.93,0.7179,-1,-1,-1
828,313,373.45,113.30,96.21,282.87,0.7752,-1,-1,-1
828,314,286.82,176.01,29.56,100.19,0.6321,-1,-1,-1
828,301,-1.38,108.13,29.39,131.86,0.1779,-1,-1,-1
829,235,316.61,130.72,64.83,205.60,0.8097,-1,-1,-1
829,241,316.61,130.72,64.83,205.60,0.8097,-1,-1,-1
829,291,504.84,-0.66,141.37,480.62,0.8760,-1,-1,-1
829,300,54.22,111.12,101.81,263.26,0.8515,-1,-1,-1
829,302,21.01,127.36,54.82,187.75,0.7471,-1,-1,-1
829,305,149.58,149.72,63.47,167.33,0.8737,-1,-1,-1
829,306,-1.73,109.51,34.44,216.34,0.2229,-1,-1,-1
829,309,213.04,175.39,43.16,139.51,0.7384,-1,-1,-1
829,312,245.80,169.24,39.75,115.00,0.6904,-1,-1,-1
829,313,376.39,112.48,103.99,286.12,0.7912,-1,-1,-1
829,314,287.79,172.94,33.16,101.60,0.6967,-1,-1,-1
829,301,-1.82,108.10,30.38,132.22,0.2252,-1,-1,-1
830,235,320.38,138.20,62.97,203.40,0.8561,-1,-1,-1
830,241,320.38,138.20,62.97,203.40,0.8561,-1,-1,-1
830,291,520.35,1.36,123.63,480.01,0.8587,-1,-1,-1
830,300,29.67,109.63,117.60,276.69,0.8581,-1,-1,-1
830,302,19.14,130.49,46.42,191.19,0.2875,-1,-1,-1
830,305,147.92,151.88,61.79,173.51,0.8621,-1,-1,-1
830,309,209.82,177.14,44.54,145.11,0.7118,-1,-1,-1
830,312,245.94,175.10,39.14,114.10,0.6784,-1,-1,-1
830,313,379.51,118.66,104.43,282.95,0.8318,-1,-1,-1
830,314,290.72,176.15,33.70,102.15,0.7840,-1,-1,-1
830,301,-0.63,113.60,24.11,134.36,0.3353,-1,-1,-1
831,235,320.32,138.68,59.91,204.67,0.8276,-1,-1,-1
831,241,320.32,138.68,59.91,204.67,0.8276,-1,-1,-1
831,291,530.96,0.17,110.15,478.33,0.8642,-1,-1,-1
831,300,11.14,103.76,123.82,290.78,0.8526,-1,-1,-1
831,302,9.77,140.19,40.36,182.17,0.2906,-1,-1,-1
831,305,139.57,145.45,62.23,181.52,0.8515,-1,-1,-1
831,309,203.82,171.52,45.05,152.01,0.7435,-1,-1,-1
831,312,241.83,171.11,36.96,118.14,0.7145,-1,-1,-1
831,313,377.41,116.34,104.42,284.25,0.8370,-1,-1,-1
831,314,286.73,174.16,35.89,102.01,0.7747,-1,-1,-1
832,235,313.26,133.31,61.81,205.02,0.8394,-1,-1,-1
832,241,313.26,133.31,61.81,205.02,0.8394,-1,-1,-1
832,291,549.39,-2.23,90.30,478.64,0.8524,-1,-1,-1
832,300,-3.94,87.43,118.48,319.32,0.8790,-1,-1,-1
832,305,121.57,132.95,67.47,191.00,0.8306,-1,-1,-1
832,309,189.44,161.52,46.35,162.34,0.7891,-1,-1,-1
832,312,229.95,162.18,41.97,123.66,0.7618,-1,-1,-1
832,313,371.67,108.35,99.61,282.80,0.8539,-1,-1,-1
832,314,278.87,166.21,37.80,103.82,0.7867,-1,-1,-1
833,235,312.73,133.31,62.28,204.91,0.8310,-1,-1,-1
833,241,312.73,133.31,62.28,204.91,0.8310,-1,-1,-1
833,291,561.51,0.13,78.71,476.55,0.8372,-1,-1,-1
833,300,-5.28,81.35,108.55,325.92,0.8577,-1,-1,-1
833,305,111.05,129.44,71.68,200.91,0.8618,-1,-1,-1
833,309,180.80,160.74,50.47,166.76,0.8041,-1,-1,-1
833,312,226.43,161.40,41.75,126.86,0.8048,-1,-1,-1
833,313,369.68,107.09,96.80,277.82,0.8536,-1,-1,-1
833,314,274.75,165.84,39.34,104.49,0.7797,-1,-1,-1
834,235,313.37,130.02,65.29,201.72,0.8308,-1,-1,-1
834,241,313.37,130.02,65.29,201.72,0.8308,-1,-1,-1
834,291,578.20,12.02,63.16,466.31,0.4670,-1,-1,-1
834,300,-5.93,76.65,93.40,327.93,0.8878,-1,-1,-1
834,305,100.26,125.80,77.44,208.81,0.8690,-1,-1,-1
834,309,173.75,158.98,53.21,175.32,0.8354,-1,-1,-1
834,312,223.70,158.15,43.49,132.42,0.7557,-1,-1,-1
834,313,371.61,104.27,93.99,277.07,0.8748,-1,-1,-1
834,314,272.34,166.27,39.67,104.27,0.8091,-1,-1,-1
835,235,313.59,127.31,67.05,200.79,0.7938,-1,-1,-1
835,241,313.59,127.31,67.05,200.79,0.7938,-1,-1,-1
835,291,595.09,33.09,45.54,443.95,0.3293,-1,-1,-1
835,300,-4.27,96.38,73.18,256.15,0.4440,-1,-1,-1
835,305,89.64,121.50,81.87,225.04,0.8827,-1,-1,-1
835,309,165.61,155.97,59.47,185.31,0.8136,-1,-1,-1
835,312,220.57,157.39,46.37,136.32,0.7635,-1,-1,-1
835,313,372.49,103.96,93.29,278.95,0.8716,-1,-1,-1
835,314,272.87,166.88,39.82,102.27,0.7933,-1,-1,-1
836,235,318.76,125.42,68.44,196.77,0.8522,-1,-1,-1
836,241,318.76,125.42,68.44,196.77,0.8522,-1,-1,-1
836,300,-1.85,103.04,56.21,228.26,0.7721,-1,-1,-1
836,305,80.88,116.03,88.00,239.21,0.8688,-1,-1,-1
836,309,164.55,151.34,58.85,194.97,0.8415,-1,-1,-1
836,312,221.28,154.39,49.92,140.38,0.8357,-1,-1,-1
836,313,375.64,104.79,93.91,280.69,0.8710,-1,-1,-1
836,314,273.29,167.27,41.32,100.14,0.7785,-1,-1,-1
837,235,326.34,127.91,69.31,190.32,0.8315,-1,-1,-1
837,241,326.34,127.91,69.31,190.32,0.8315,-1,-1,-1
837,300,-0.87,107.76,40.24,220.76,0.6786,-1,-1,-1
837,305,73.42,111.96,92.77,252.36,0.8547,-1,-1,-1
837,309,162.22,146.65,58.81,206.81,0.8649,-1,-1,-1
837,312,223.35,152.00,51.94,147.11,0.8126,-1,-1,-1
837,313,380.75,108.85,94.70,281.82,0.8625,-1,-1,-1
837,314,274.93,168.37,43.56,100.86,0.8120,-1,-1,-1
