1,1,0.61,675.51,50.94,207.61,0.7038,-1,-1,-1
1,2,1370.39,514.35,33.77,99.99,0.6449,-1,-1,-1
1,3,1609.11,558.15,56.11,115.72,0.6024,-1,-1,-1
1,4,1526.19,561.34,46.58,112.38,0.4237,-1,-1,-1
1,5,121.73,708.25,52.92,96.51,0.4102,-1,-1,-1
1,6,500.83,551.07,35.88,89.51,0.3594,-1,-1,-1
2,1,-0.79,660.81,41.43,212.98,0.6566,-1,-1,-1
2,2,1372.54,513.44,33.55,101.19,0.6422,-1,-1,-1
2,3,1615.36,550.52,60.11,123.58,0.6596,-1,-1,-1
2,4,1531.88,558.97,48.24,115.40,0.5623,-1,-1,-1
2,5,109.43,699.18,50.62,95.81,0.5518,-1,-1,-1
2,6,500.16,536.20,38.61,94.58,0.3220,-1,-1,-1
3,1,-0.93,691.95,35.66,211.59,0.6506,-1,-1,-1
3,2,1374.11,508.47,37.35,105.52,0.5889,-1,-1,-1
3,3,1620.45,547.23,63.34,121.21,0.6542,-1,-1,-1
3,4,1537.85,552.57,49.67,117.67,0.6501,-1,-1,-1
3,5,105.34,724.53,45.91,97.03,0.5263,-1,-1,-1
3,6,499.49,550.93,37.97,92.98,0.3643,-1,-1,-1
3,8,171.41,583.26,49.23,157.85,0.4274,-1,-1,-1
4,1,-0.86,702.67,24.46,170.15,0.3935,-1,-1,-1
4,2,1379.93,506.15,36.62,108.88,0.7123,-1,-1,-1
4,3,1629.80,547.70,63.11,125.42,0.7598,-1,-1,-1
4,4,1548.70,552.53,44.62,120.82,0.6527,-1,-1,-1
4,5,92.96,722.71,43.54,100.52,0.5894,-1,-1,-1
4,6,498.71,547.23,36.83,93.80,0.4333,-1,-1,-1
4,8,168.38,584.15,48.02,154.95,0.2019,-1,-1,-1
5,2,1384.63,514.99,34.39,110.75,0.7116,-1,-1,-1
5,3,1636.25,563.40,62.23,124.02,0.6364,-1,-1,-1
5,4,1551.13,561.78,49.37,122.02,0.4003,-1,-1,-1
5,5,78.04,715.48,43.81,103.25,0.5012,-1,-1,-1
5,6,496.39,540.49,34.22,96.32,0.4486,-1,-1,-1
5,8,152.06,572.11,52.47,160.48,0.2420,-1,-1,-1
5,9,1460.72,496.89,27.50,86.99,0.5465,-1,-1,-1
6,2,1391.26,526.92,31.60,108.72,0.6363,-1,-1,-1
6,3,1643.19,574.20,65.21,124.56,0.7571,-1,-1,-1
6,4,1561.05,575.68,48.82,120.09,0.2978,-1,-1,-1
6,5,67.18,731.55,42.02,105.13,0.4840,-1,-1,-1
6,6,497.63,552.09,36.82,98.51,0.4638,-1,-1,-1
6,8,142.75,582.06,55.40,163.92,0.4579,-1,-1,-1
6,9,1464.65,506.19,26.86,88.25,0.5392,-1,-1,-1
7,2,1392.83,518.62,32.11,111.36,0.5816,-1,-1,-1
7,3,1650.53,570.37,65.39,128.16,0.7404,-1,-1,-1
7,4,1564.40,568.10,53.18,125.07,0.5748,-1,-1,-1
7,5,51.94,731.60,41.76,108.50,0.3334,-1,-1,-1
7,6,494.13,541.25,36.82,103.01,0.3783,-1,-1,-1
7,8,131.88,580.12,58.50,164.13,0.3909,-1,-1,-1
7,9,1466.50,498.96,26.95,90.15,0.4662,-1,-1,-1
8,2,1394.93,530.84,33.33,109.09,0.6718,-1,-1,-1
8,3,1657.60,577.91,66.27,129.96,0.6632,-1,-1,-1
8,4,1570.13,579.98,51.93,123.96,0.5496,-1,-1,-1
8,5,35.84,741.04,43.49,109.00,0.4943,-1,-1,-1
8,6,493.03,548.02,35.94,102.49,0.3596,-1,-1,-1
8,8,114.99,590.69,63.68,161.12,0.2192,-1,-1,-1
8,9,1467.57,508.90,30.68,88.52,0.5231,-1,-1,-1
9,2,1397.36,533.68,34.51,107.67,0.6744,-1,-1,-1
9,3,1663.88,583.35,66.38,132.29,0.6922,-1,-1,-1
9,4,1576.64,587.26,51.04,124.19,0.5052,-1,-1,-1
9,5,17.37,737.95,46.39,114.88,0.6131,-1,-1,-1
9,6,490.75,549.22,35.83,99.22,0.3187,-1,-1,-1
9,9,1469.40,512.29,31.98,88.47,0.4329,-1,-1,-1
9,12,1514.77,521.84,28.90,86.70,0.3443,-1,-1,-1
9,13,219.27,613.56,42.39,136.88,0.4333,-1,-1,-1
10,2,1398.58,542.49,35.41,107.07,0.6587,-1,-1,-1
10,3,1669.07,601.52,64.78,129.41,0.7868,-1,-1,-1
10,4,1581.81,603.13,49.80,123.45,0.6846,-1,-1,-1
10,5,0.73,727.40,47.43,116.11,0.6399,-1,-1,-1
10,6,489.54,542.99,35.38,99.55,0.4581,-1,-1,-1
10,9,1471.99,523.52,30.38,87.84,0.3217,-1,-1,-1
10,13,210.29,610.99,42.03,133.58,0.5092,-1,-1,-1
11,2,1400.95,530.68,37.20,106.89,0.6748,-1,-1,-1
11,3,1678.76,579.26,66.24,133.74,0.7657,-1,-1,-1
11,4,1589.15,586.97,51.98,125.93,0.6554,-1,-1,-1
11,5,-4.35,749.31,42.54,119.30,0.4079,-1,-1,-1
11,6,486.35,549.37,38.05,101.75,0.2268,-1,-1,-1
11,9,1472.49,510.80,33.10,87.03,0.3878,-1,-1,-1
11,13,201.14,615.14,45.24,142.52,0.4304,-1,-1,-1
11,8,83.94,589.78,60.66,170.21,0.3539,-1,-1,-1
12,2,1402.98,532.92,37.61,109.73,0.6854,-1,-1,-1
12,3,1686.73,588.07,65.16,133.20,0.7707,-1,-1,-1
12,4,1595.86,592.07,53.12,128.18,0.7069,-1,-1,-1
12,6,484.50,553.38,38.65,101.15,0.2757,-1,-1,-1
12,9,1474.34,514.27,36.62,89.39,0.3870,-1,-1,-1
12,13,192.25,609.28,47.08,150.31,0.5131,-1,-1,-1
12,8,76.67,591.91,57.75,168.39,0.3983,-1,-1,-1
13,2,1407.79,529.73,35.66,106.58,0.7172,-1,-1,-1
13,3,1693.91,590.28,64.43,132.66,0.7234,-1,-1,-1
13,4,1600.42,593.99,55.49,127.49,0.6662,-1,-1,-1
13,9,1476.28,511.52,39.35,90.89,0.4241,-1,-1,-1
13,13,175.98,581.18,53.10,164.67,0.5474,-1,-1,-1
13,8,70.43,572.39,53.18,167.79,0.2821,-1,-1,-1
14,2,1408.54,528.42,36.35,103.55,0.6684,-1,-1,-1
14,3,1701.93,583.30,63.46,133.32,0.6839,-1,-1,-1
14,4,1609.67,586.77,55.88,129.26,0.6279,-1,-1,-1
14,9,1473.57,509.27,39.63,88.41,0.1726,-1,-1,-1
14,13,166.94,596.60,53.03,165.52,0.3146,-1,-1,-1
14,8,55.08,584.63,55.61,174.03,0.3531,-1,-1,-1
15,2,1412.03,531.00,36.00,105.62,0.5291,-1,-1,-1
15,3,1710.77,584.98,62.36,137.27,0.7502,-1,-1,-1
15,4,1618.97,591.20,53.54,129.87,0.7190,-1,-1,-1
15,9,1469.47,509.62,51.06,88.66,0.1858,-1,-1,-1
15,13,152.48,587.04,57.10,174.22,0.2852,-1,-1,-1
16,2,1416.37,533.29,34.74,105.01,0.5459,-1,-1,-1
16,3,1717.18,591.27,60.94,136.64,0.7422,-1,-1,-1
16,4,1626.51,594.34,55.22,130.68,0.6974,-1,-1,-1
16,9,1479.85,515.69,42.58,83.42,0.2732,-1,-1,-1
16,13,142.68,595.39,53.69,167.35,0.3300,-1,-1,-1
16,15,515.91,536.78,35.90,106.45,0.4632,-1,-1,-1
16,6,477.83,540.70,34.98,102.95,0.3848,-1,-1,-1
16,8,33.56,582.96,54.42,175.95,0.4581,-1,-1,-1
17,2,1417.98,532.64,36.89,107.41,0.6031,-1,-1,-1
17,3,1723.51,589.31,62.03,138.63,0.7099,-1,-1,-1
17,4,1634.23,589.63,54.84,133.70,0.6952,-1,-1,-1
17,13,132.23,601.47,50.47,170.95,0.4312,-1,-1,-1
17,15,513.08,540.25,38.02,107.04,0.4898,-1,-1,-1
17,6,475.77,543.75,35.80,102.92,0.5140,-1,-1,-1
17,8,20.46,588.49,54.09,180.40,0.3851,-1,-1,-1
18,2,1420.48,533.26,37.16,108.54,0.6992,-1,-1,-1
18,3,1732.63,593.13,61.27,138.10,0.7040,-1,-1,-1
18,4,1643.48,590.99,54.57,134.94,0.6257,-1,-1,-1
18,15,513.08,540.82,38.05,106.49,0.5016,-1,-1,-1
18,6,474.64,541.60,37.55,104.56,0.5547,-1,-1,-1
18,8,8.68,589.23,54.30,184.85,0.3946,-1,-1,-1
19,2,1422.59,534.03,37.84,108.08,0.7341,-1,-1,-1
19,3,1741.22,594.69,62.57,139.07,0.7484,-1,-1,-1
19,4,1651.04,592.01,54.84,135.44,0.4441,-1,-1,-1
19,15,511.46,540.30,39.37,107.61,0.5117,-1,-1,-1
19,6,473.32,540.32,37.77,105.93,0.5122,-1,-1,-1
19,8,-0.26,588.44,50.79,186.12,0.3768,-1,-1,-1
20,2,1424.15,534.54,38.53,106.72,0.7477,-1,-1,-1
20,3,1749.70,596.25,62.67,139.77,0.7430,-1,-1,-1
20,4,1658.99,593.32,52.93,135.40,0.6054,-1,-1,-1
20,15,508.06,537.89,41.03,113.72,0.4840,-1,-1,-1
20,6,471.29,543.89,37.64,106.69,0.4013,-1,-1,-1
20,8,-3.53,595.16,41.76,185.35,0.4792,-1,-1,-1
21,2,1426.28,533.63,39.81,110.64,0.6907,-1,-1,-1
21,3,1758.39,598.12,62.75,140.61,0.7463,-1,-1,-1
21,4,1666.96,596.60,54.50,137.20,0.6872,-1,-1,-1
21,15,506.61,538.82,40.10,114.04,0.5230,-1,-1,-1
21,6,468.74,548.05,35.56,102.64,0.4573,-1,-1,-1
21,8,-3.69,610.78,28.71,171.31,0.3772,-1,-1,-1
22,2,1429.46,537.14,40.11,105.12,0.6692,-1,-1,-1
22,3,1770.54,601.31,60.76,139.04,0.7487,-1,-1,-1
22,4,1674.84,597.87,54.51,140.24,0.6265,-1,-1,-1
22,15,504.50,543.33,38.10,112.47,0.5116,-1,-1,-1
22,6,465.75,550.70,36.29,103.50,0.5555,-1,-1,-1
23,2,1431.29,538.54,40.33,108.45,0.6628,-1,-1,-1
23,3,1779.13,601.19,62.47,144.04,0.7717,-1,-1,-1
23,4,1681.45,600.33,55.91,142.67,0.7256,-1,-1,-1
23,15,500.16,547.03,41.02,109.78,0.5495,-1,-1,-1
23,6,465.26,549.71,34.71,105.61,0.4275,-1,-1,-1
24,2,1435.14,532.27,39.16,113.80,0.6538,-1,-1,-1
24,3,1788.22,595.07,64.64,149.76,0.7109,-1,-1,-1
24,4,1687.18,600.47,58.27,143.22,0.7307,-1,-1,-1
24,15,496.86,552.22,39.21,106.86,0.4579,-1,-1,-1
24,6,461.38,550.45,40.06,108.00,0.4740,-1,-1,-1
25,2,1438.06,535.88,40.44,119.24,0.6624,-1,-1,-1
25,3,1797.65,603.74,66.60,148.81,0.7094,-1,-1,-1
25,4,1695.91,607.53,56.65,147.49,0.7278,-1,-1,-1
25,15,496.13,553.09,38.90,108.68,0.4673,-1,-1,-1
25,6,458.46,548.10,42.98,113.22,0.4379,-1,-1,-1
26,2,1440.41,538.28,43.04,119.34,0.7227,-1,-1,-1
26,3,1807.36,607.93,68.35,147.61,0.5898,-1,-1,-1
26,4,1704.24,611.67,58.53,149.58,0.7252,-1,-1,-1
26,15,494.95,550.32,40.16,113.01,0.5506,-1,-1,-1
26,6,457.04,549.07,42.23,113.39,0.5107,-1,-1,-1
26,17,1530.23,519.90,27.96,86.07,0.4776,-1,-1,-1
27,2,1443.36,541.55,41.96,115.69,0.7474,-1,-1,-1
27,3,1814.57,611.39,73.07,150.31,0.6518,-1,-1,-1
27,4,1711.21,615.50,59.66,149.60,0.6739,-1,-1,-1
27,15,492.95,559.83,40.02,106.95,0.6097,-1,-1,-1
27,6,453.13,555.98,42.86,110.77,0.3929,-1,-1,-1
27,17,1531.39,521.14,31.82,86.35,0.6916,-1,-1,-1
28,2,1446.79,544.88,44.66,112.27,0.7281,-1,-1,-1
28,3,1823.04,611.48,74.63,155.47,0.7716,-1,-1,-1
28,4,1718.60,617.11,60.23,151.93,0.6739,-1,-1,-1
28,15,491.47,564.50,39.74,103.87,0.5862,-1,-1,-1
28,6,450.84,558.47,42.13,109.72,0.3521,-1,-1,-1
28,17,1534.32,525.17,33.89,84.06,0.5366,-1,-1,-1
29,2,1451.23,550.89,41.08,110.80,0.7081,-1,-1,-1
29,3,1830.09,620.42,75.27,159.04,0.6921,-1,-1,-1
29,4,1725.64,623.90,60.29,158.35,0.7229,-1,-1,-1
29,15,490.90,568.03,38.33,100.03,0.5282,-1,-1,-1
29,6,449.03,561.98,41.18,106.06,0.4891,-1,-1,-1
29,17,1536.34,527.30,34.24,89.55,0.5612,-1,-1,-1
30,2,1453.85,550.69,42.06,111.52,0.6419,-1,-1,-1
30,3,1836.78,621.02,78.51,153.66,0.6346,-1,-1,-1
30,4,1736.99,624.47,59.89,159.73,0.7527,-1,-1,-1
30,15,488.62,574.84,38.78,101.54,0.5004,-1,-1,-1
30,6,444.40,566.43,42.95,109.89,0.6148,-1,-1,-1
30,17,1538.72,525.79,34.80,91.52,0.5647,-1,-1,-1
31,2,1457.27,552.67,42.53,118.43,0.6287,-1,-1,-1
31,3,1850.76,626.38,71.99,151.11,0.6391,-1,-1,-1
31,4,1749.21,628.52,59.24,156.33,0.5791,-1,-1,-1
31,15,488.03,581.66,38.54,108.36,0.4170,-1,-1,-1
31,6,442.89,579.65,41.32,109.77,0.5757,-1,-1,-1
31,17,1542.93,526.35,34.23,96.20,0.4870,-1,-1,-1
32,2,1460.34,556.44,40.06,119.25,0.6374,-1,-1,-1
32,3,1857.69,634.56,63.70,158.48,0.6871,-1,-1,-1
32,4,1756.34,632.72,59.93,155.85,0.6768,-1,-1,-1
32,15,487.25,574.98,38.58,108.33,0.5266,-1,-1,-1
32,6,441.76,573.63,41.10,108.16,0.5723,-1,-1,-1
32,17,1545.52,529.58,33.64,93.25,0.5978,-1,-1,-1
33,2,1464.41,542.66,41.89,124.00,0.7428,-1,-1,-1
33,3,1869.63,622.31,53.25,166.85,0.6662,-1,-1,-1
33,4,1767.15,620.83,60.22,153.92,0.6461,-1,-1,-1
33,15,484.50,567.13,37.61,108.01,0.4875,-1,-1,-1
33,6,439.51,563.23,39.97,108.87,0.5149,-1,-1,-1
33,17,1549.67,517.85,33.63,91.53,0.6532,-1,-1,-1
34,2,1468.46,544.55,41.84,124.78,0.7605,-1,-1,-1
34,3,1880.76,631.32,41.69,151.85,0.5546,-1,-1,-1
34,4,1775.12,620.84,63.83,156.47,0.7454,-1,-1,-1
34,15,480.99,568.49,38.81,112.29,0.5205,-1,-1,-1
34,6,436.97,572.09,39.70,105.42,0.4803,-1,-1,-1
34,17,1553.27,518.21,33.01,93.01,0.5973,-1,-1,-1
35,2,1471.32,539.50,44.39,125.99,0.7300,-1,-1,-1
35,4,1784.63,621.09,65.78,158.08,0.6381,-1,-1,-1
35,15,478.84,559.64,38.63,111.62,0.3761,-1,-1,-1
35,6,435.97,563.23,40.00,104.99,0.4290,-1,-1,-1
35,17,1559.81,515.23,31.46,92.98,0.5335,-1,-1,-1
36,2,1476.74,536.26,43.86,128.82,0.7514,-1,-1,-1
36,4,1794.21,618.03,69.21,165.37,0.7069,-1,-1,-1
36,15,475.34,553.11,39.14,116.99,0.3016,-1,-1,-1
36,6,432.38,561.79,41.27,105.37,0.3521,-1,-1,-1
36,17,1565.09,514.45,30.97,91.66,0.3407,-1,-1,-1
37,2,1480.93,537.38,42.19,127.69,0.7193,-1,-1,-1
37,4,1801.31,621.62,73.87,168.80,0.7733,-1,-1,-1
37,15,470.74,541.61,41.72,123.86,0.4704,-1,-1,-1
37,6,429.72,553.65,39.27,109.45,0.3536,-1,-1,-1
37,17,1570.31,514.49,32.07,92.13,0.4269,-1,-1,-1
38,2,1484.66,532.71,41.52,129.71,0.7104,-1,-1,-1
38,4,1809.75,616.43,77.44,175.64,0.7810,-1,-1,-1
38,15,466.62,541.03,43.90,124.93,0.5376,-1,-1,-1
38,6,426.17,551.58,39.65,113.88,0.4980,-1,-1,-1
38,17,1574.78,504.81,31.58,95.98,0.4791,-1,-1,-1
39,2,1488.96,537.84,42.19,128.59,0.7032,-1,-1,-1
39,4,1821.93,627.89,76.30,175.49,0.7508,-1,-1,-1
39,15,465.55,530.51,43.46,127.67,0.4770,-1,-1,-1
39,6,423.90,542.77,39.17,115.14,0.4516,-1,-1,-1
39,17,1581.37,507.79,32.96,96.96,0.5144,-1,-1,-1
40,2,1491.99,535.98,41.97,127.42,0.7111,-1,-1,-1
40,4,1833.46,625.98,76.07,177.81,0.7793,-1,-1,-1
40,15,464.23,536.74,43.51,124.51,0.4694,-1,-1,-1
40,6,420.27,542.12,39.36,119.62,0.3843,-1,-1,-1
40,17,1583.33,501.10,35.48,102.17,0.3284,-1,-1,-1
41,2,1496.09,545.06,43.25,122.06,0.6970,-1,-1,-1
41,4,1845.44,633.23,74.68,180.16,0.7576,-1,-1,-1
41,15,463.38,536.95,44.37,122.60,0.4686,-1,-1,-1
41,6,419.52,536.50,39.93,123.73,0.4087,-1,-1,-1
41,17,1589.70,502.97,38.00,105.31,0.4960,-1,-1,-1
42,2,1500.81,547.73,43.27,120.97,0.6867,-1,-1,-1
42,4,1857.22,637.54,66.37,180.79,0.6920,-1,-1,-1
42,15,461.85,543.24,46.03,118.88,0.4620,-1,-1,-1
42,6,418.28,536.70,42.67,126.82,0.5492,-1,-1,-1
42,17,1594.56,506.32,36.01,102.71,0.5750,-1,-1,-1
43,2,1505.43,549.85,42.73,122.19,0.6678,-1,-1,-1
43,4,1869.57,644.15,53.77,174.12,0.6626,-1,-1,-1
43,15,458.07,534.80,47.20,130.02,0.4123,-1,-1,-1
43,6,415.74,536.23,44.72,129.98,0.5425,-1,-1,-1
43,17,1597.39,510.79,34.58,99.55,0.5066,-1,-1,-1
43,20,502.22,528.36,33.98,89.46,0.3719,-1,-1,-1
44,2,1510.81,552.04,42.78,120.93,0.6222,-1,-1,-1
44,4,1881.55,649.36,41.36,169.10,0.6408,-1,-1,-1
44,15,452.67,532.80,49.23,135.65,0.4004,-1,-1,-1
44,6,415.20,535.73,44.59,132.76,0.3812,-1,-1,-1
44,17,1600.28,510.11,37.44,100.98,0.5306,-1,-1,-1
44,20,499.46,528.10,35.08,91.45,0.2997,-1,-1,-1
45,2,1515.81,556.30,43.61,127.13,0.7573,-1,-1,-1
45,4,1892.90,669.47,28.67,162.32,0.4759,-1,-1,-1
45,15,451.63,530.70,48.38,135.87,0.3261,-1,-1,-1
45,6,415.96,533.43,42.63,132.56,0.3755,-1,-1,-1
45,17,1604.66,514.22,39.52,101.89,0.5889,-1,-1,-1
45,20,498.79,526.03,36.05,91.88,0.2230,-1,-1,-1
46,2,1519.69,554.88,43.17,132.62,0.7571,-1,-1,-1
46,15,448.81,533.43,47.81,137.09,0.3441,-1,-1,-1
46,6,408.71,538.76,46.83,128.91,0.3129,-1,-1,-1
46,17,1608.38,514.76,39.98,101.18,0.5487,-1,-1,-1
46,20,494.77,520.57,36.33,98.54,0.2523,-1,-1,-1
47,2,1524.69,558.60,43.33,132.08,0.7206,-1,-1,-1
47,15,448.99,536.12,45.03,133.79,0.3277,-1,-1,-1
47,6,406.30,536.95,46.06,128.71,0.2859,-1,-1,-1
47,17,1617.04,524.35,36.11,95.24,0.5303,-1,-1,-1
47,20,492.31,515.50,36.97,103.68,0.3361,-1,-1,-1
48,2,1527.81,560.00,44.73,133.30,0.7087,-1,-1,-1
48,15,447.60,542.90,45.28,132.35,0.3631,-1,-1,-1
48,6,402.97,537.48,47.40,133.52,0.3400,-1,-1,-1
48,17,1620.83,527.34,33.40,92.67,0.6492,-1,-1,-1
48,20,489.90,526.45,35.81,96.74,0.3156,-1,-1,-1
49,2,1533.06,560.28,44.83,135.83,0.7109,-1,-1,-1
49,15,446.12,548.31,44.31,128.29,0.5423,-1,-1,-1
49,6,398.66,549.99,45.03,123.73,0.4166,-1,-1,-1
49,17,1625.75,532.52,31.95,91.26,0.7156,-1,-1,-1
49,20,488.15,534.02,36.11,88.69,0.2823,-1,-1,-1
50,2,1537.53,557.34,45.77,137.29,0.6964,-1,-1,-1
50,15,444.98,556.03,43.53,120.41,0.5612,-1,-1,-1
50,6,397.27,553.16,44.29,119.62,0.3635,-1,-1,-1
50,17,1631.10,530.37,29.07,90.31,0.4162,-1,-1,-1
50,20,485.64,535.20,35.34,83.05,0.1732,-1,-1,-1
51,2,1542.09,561.11,46.25,137.81,0.6992,-1,-1,-1
51,15,442.57,564.38,43.08,112.27,0.5520,-1,-1,-1
51,6,396.37,551.38,44.22,120.52,0.4897,-1,-1,-1
51,17,1636.86,533.92,29.39,89.68,0.6438,-1,-1,-1
51,20,481.68,535.27,35.42,82.06,0.1740,-1,-1,-1
52,2,1546.03,558.70,49.35,145.65,0.7092,-1,-1,-1
52,15,441.49,568.23,41.54,109.77,0.5691,-1,-1,-1
52,6,394.87,551.69,45.43,122.65,0.5373,-1,-1,-1
52,17,1640.10,532.82,29.98,90.60,0.5629,-1,-1,-1
52,25,335.23,562.07,37.00,112.58,0.5030,-1,-1,-1
53,2,1550.30,557.28,51.09,150.78,0.6880,-1,-1,-1
53,15,439.19,566.77,43.55,112.90,0.5360,-1,-1,-1
53,6,392.33,550.75,45.84,126.10,0.5311,-1,-1,-1
53,17,1644.17,533.76,30.06,89.63,0.5341,-1,-1,-1
53,25,329.67,558.64,40.31,118.18,0.4317,-1,-1,-1
53,26,635.88,536.76,30.95,90.38,0.4400,-1,-1,-1
54,2,1553.22,556.80,52.37,153.36,0.7247,-1,-1,-1
54,15,436.52,567.40,44.24,112.76,0.5618,-1,-1,-1
54,6,388.51,548.77,45.69,128.70,0.5163,-1,-1,-1
54,17,1648.28,534.08,30.22,89.30,0.5926,-1,-1,-1
54,25,327.18,561.17,41.50,113.50,0.5000,-1,-1,-1
54,26,635.21,535.21,31.42,90.83,0.3954,-1,-1,-1
55,2,1557.56,554.47,52.65,157.53,0.7496,-1,-1,-1
55,15,434.70,563.95,44.47,117.00,0.4616,-1,-1,-1
55,6,384.83,544.68,45.97,133.21,0.5709,-1,-1,-1
55,17,1653.06,533.54,31.82,91.20,0.6038,-1,-1,-1
55,25,325.15,559.34,43.09,113.96,0.4945,-1,-1,-1
55,26,635.51,535.54,30.47,90.63,0.3395,-1,-1,-1
56,2,1562.18,553.95,52.23,157.49,0.7373,-1,-1,-1
56,15,431.23,563.52,43.60,118.23,0.3547,-1,-1,-1
56,6,382.55,549.08,44.35,129.11,0.5227,-1,-1,-1
56,17,1656.58,527.58,34.99,98.37,0.7229,-1,-1,-1
56,25,320.62,557.90,45.59,115.72,0.5541,-1,-1,-1
56,26,632.89,535.95,27.33,92.30,0.3523,-1,-1,-1
57,2,1567.06,551.52,53.26,157.82,0.7172,-1,-1,-1
57,15,426.75,561.58,43.96,119.29,0.4539,-1,-1,-1
57,6,379.94,550.11,44.00,128.19,0.5249,-1,-1,-1
57,17,1659.14,521.38,36.64,102.69,0.7178,-1,-1,-1
57,25,315.20,556.57,46.38,117.81,0.4608,-1,-1,-1
57,26,630.86,535.92,27.60,92.72,0.3482,-1,-1,-1
58,2,1571.20,555.21,53.20,153.78,0.6335,-1,-1,-1
58,15,422.00,559.26,44.72,120.34,0.4633,-1,-1,-1
58,6,377.07,547.36,43.43,129.85,0.5752,-1,-1,-1
58,17,1661.51,515.51,37.09,106.93,0.6823,-1,-1,-1
58,25,309.78,554.30,47.62,117.23,0.4663,-1,-1,-1
58,26,630.61,536.00,27.20,91.37,0.3271,-1,-1,-1
59,2,1577.38,560.99,51.15,149.05,0.6308,-1,-1,-1
59,15,418.79,559.60,45.41,118.24,0.4146,-1,-1,-1
59,6,374.37,543.78,42.03,131.52,0.5619,-1,-1,-1
59,17,1664.18,511.11,40.05,110.82,0.6578,-1,-1,-1
59,25,306.44,550.78,47.82,120.37,0.4360,-1,-1,-1
59,26,627.72,535.35,28.29,90.57,0.3700,-1,-1,-1
60,2,1581.29,560.06,51.49,151.17,0.6263,-1,-1,-1
60,15,416.52,562.78,47.03,115.40,0.3864,-1,-1,-1
60,6,370.14,546.01,41.26,129.47,0.5510,-1,-1,-1
60,17,1665.66,510.32,41.67,111.16,0.7209,-1,-1,-1
60,25,303.20,553.85,47.93,117.50,0.3953,-1,-1,-1
60,26,624.62,535.83,29.54,90.12,0.2795,-1,-1,-1
61,2,1585.15,549.93,52.75,156.69,0.6206,-1,-1,-1
61,15,414.11,562.18,47.88,117.54,0.4217,-1,-1,-1
61,6,365.38,549.14,44.05,128.51,0.4770,-1,-1,-1
61,17,1666.65,507.14,44.31,108.70,0.7170,-1,-1,-1
61,25,298.85,558.31,49.61,115.19,0.4345,-1,-1,-1
61,26,622.00,534.03,29.03,93.66,0.2451,-1,-1,-1
62,2,1589.89,556.07,53.45,156.31,0.7003,-1,-1,-1
62,15,412.91,552.54,44.13,124.28,0.3488,-1,-1,-1
62,6,361.72,542.35,45.84,130.59,0.4605,-1,-1,-1
62,17,1671.19,517.67,44.26,105.03,0.5489,-1,-1,-1
62,25,296.34,551.64,49.24,115.44,0.4384,-1,-1,-1
62,26,622.46,530.82,27.38,94.33,0.3751,-1,-1,-1
63,2,1596.08,543.01,55.07,155.39,0.6414,-1,-1,-1
63,15,411.47,571.09,45.94,120.43,0.3698,-1,-1,-1
63,6,359.38,562.96,45.97,128.33,0.4009,-1,-1,-1
63,17,1678.47,509.99,41.26,96.51,0.5716,-1,-1,-1
63,25,293.60,571.90,49.08,115.35,0.4958,-1,-1,-1
63,26,621.21,541.04,28.16,96.34,0.2503,-1,-1,-1
64,2,1600.24,562.63,55.42,153.44,0.6268,-1,-1,-1
64,15,404.57,549.60,45.19,127.48,0.3328,-1,-1,-1
64,6,356.82,541.77,44.77,133.70,0.4850,-1,-1,-1
64,17,1687.30,529.66,35.32,95.13,0.6373,-1,-1,-1
64,25,290.96,551.62,46.00,117.64,0.4849,-1,-1,-1
64,26,621.22,531.03,25.67,96.40,0.3502,-1,-1,-1
65,2,1603.13,561.69,56.62,151.07,0.7298,-1,-1,-1
65,15,401.14,559.27,45.50,123.33,0.3862,-1,-1,-1
65,6,350.49,550.59,46.78,132.03,0.4789,-1,-1,-1
65,17,1690.60,528.61,33.98,90.57,0.6808,-1,-1,-1
65,25,287.35,560.17,44.55,116.88,0.5091,-1,-1,-1
65,26,619.12,538.93,26.11,94.07,0.2425,-1,-1,-1
66,2,1609.68,559.91,56.72,149.94,0.7226,-1,-1,-1
66,15,397.41,567.20,48.20,123.64,0.5010,-1,-1,-1
66,6,347.43,558.61,47.71,134.22,0.6009,-1,-1,-1
66,17,1696.99,520.71,33.96,91.56,0.6915,-1,-1,-1
66,25,286.48,568.43,42.49,114.96,0.5083,-1,-1,-1
66,26,618.23,543.84,26.11,92.59,0.3268,-1,-1,-1
66,28,467.18,560.21,30.43,73.11,0.4139,-1,-1,-1
67,2,1613.93,570.34,55.61,153.78,0.7345,-1,-1,-1
67,15,394.20,556.67,46.10,121.84,0.5555,-1,-1,-1
67,6,343.13,543.70,48.32,135.79,0.5519,-1,-1,-1
67,17,1699.72,537.01,34.11,90.98,0.6539,-1,-1,-1
67,25,281.71,547.71,41.70,121.15,0.3354,-1,-1,-1
67,26,615.66,533.23,26.27,96.12,0.2162,-1,-1,-1
67,28,460.11,551.44,30.60,70.95,0.3430,-1,-1,-1
68,2,1617.12,564.27,57.17,152.56,0.7325,-1,-1,-1
68,15,388.84,563.43,49.58,123.04,0.5488,-1,-1,-1
68,6,340.09,555.63,48.01,131.89,0.5778,-1,-1,-1
68,17,1701.84,528.60,33.92,89.83,0.5779,-1,-1,-1
68,25,277.57,560.67,41.86,119.34,0.4446,-1,-1,-1
68,26,612.22,536.72,26.84,96.94,0.2107,-1,-1,-1
68,28,454.59,559.09,31.12,72.55,0.4474,-1,-1,-1
69,2,1621.40,572.32,57.95,156.14,0.7565,-1,-1,-1
69,15,385.95,557.48,47.00,123.34,0.4937,-1,-1,-1
69,6,334.28,545.60,50.24,137.01,0.4398,-1,-1,-1
69,17,1704.69,538.91,34.37,90.84,0.6501,-1,-1,-1
69,25,272.66,551.44,40.46,125.03,0.4399,-1,-1,-1
69,28,450.65,554.43,28.59,73.57,0.4045,-1,-1,-1
70,2,1625.19,567.29,59.31,156.80,0.7761,-1,-1,-1
70,15,380.64,556.47,47.97,127.04,0.5875,-1,-1,-1
70,6,330.00,545.52,50.58,138.96,0.5193,-1,-1,-1
70,17,1705.74,535.14,34.99,92.23,0.5957,-1,-1,-1
70,25,266.97,550.08,42.90,129.29,0.3746,-1,-1,-1
70,28,443.72,555.44,30.14,74.60,0.4612,-1,-1,-1
71,2,1629.62,571.38,58.94,158.89,0.7564,-1,-1,-1
71,15,375.15,553.75,48.42,128.58,0.5606,-1,-1,-1
71,6,327.94,546.13,48.46,136.48,0.5148,-1,-1,-1
71,17,1707.09,537.43,34.98,93.21,0.6890,-1,-1,-1
71,25,261.58,549.93,41.50,124.67,0.2265,-1,-1,-1
71,28,436.72,553.49,32.70,75.69,0.3956,-1,-1,-1
72,2,1632.97,562.32,60.31,169.28,0.7887,-1,-1,-1
72,15,370.90,554.83,47.95,130.11,0.6103,-1,-1,-1
72,6,325.00,550.68,49.13,134.57,0.6164,-1,-1,-1
72,17,1707.37,535.99,35.99,91.77,0.6902,-1,-1,-1
72,25,256.41,553.28,40.81,125.51,0.2992,-1,-1,-1
72,28,429.43,555.60,34.52,75.66,0.4242,-1,-1,-1
72,30,502.85,534.93,36.33,107.12,0.3698,-1,-1,-1
73,2,1637.71,564.77,60.24,171.80,0.6743,-1,-1,-1
73,15,366.54,549.03,47.69,132.76,0.5829,-1,-1,-1
73,6,317.99,544.25,50.86,137.67,0.4707,-1,-1,-1
73,17,1708.87,539.47,38.07,93.90,0.5828,-1,-1,-1
73,25,252.09,551.58,39.78,127.06,0.3368,-1,-1,-1
73,28,424.38,552.12,31.97,74.87,0.4056,-1,-1,-1
73,30,500.05,534.48,35.14,106.00,0.3432,-1,-1,-1
74,2,1641.50,568.21,63.68,169.08,0.7214,-1,-1,-1
74,15,362.88,548.81,48.80,134.49,0.4975,-1,-1,-1
74,6,314.32,543.82,50.02,140.20,0.3727,-1,-1,-1
74,17,1711.08,536.60,37.76,93.46,0.5853,-1,-1,-1
74,25,247.32,545.19,44.66,137.25,0.3166,-1,-1,-1
74,28,417.77,553.45,34.25,74.50,0.4466,-1,-1,-1
74,30,494.99,533.78,35.04,108.05,0.1763,-1,-1,-1
75,2,1643.60,575.82,64.68,165.50,0.7430,-1,-1,-1
75,15,356.05,553.72,47.59,130.27,0.6082,-1,-1,-1
75,6,306.43,547.18,49.58,136.23,0.4164,-1,-1,-1
75,17,1711.98,539.22,37.85,93.54,0.5701,-1,-1,-1
75,25,241.73,544.40,44.81,138.48,0.2125,-1,-1,-1
75,28,411.63,554.11,33.47,75.86,0.3759,-1,-1,-1
75,30,487.94,533.06,36.76,106.97,0.2082,-1,-1,-1
75,26,580.70,536.25,28.66,104.07,0.3457,-1,-1,-1
76,2,1647.53,578.04,64.47,164.42,0.7342,-1,-1,-1
76,15,351.26,551.53,48.32,131.12,0.4951,-1,-1,-1
76,6,296.30,543.49,55.35,140.14,0.4754,-1,-1,-1
76,17,1712.97,539.30,38.33,91.69,0.5472,-1,-1,-1
76,25,234.37,540.03,46.42,142.35,0.2022,-1,-1,-1
76,28,401.86,552.69,35.76,74.51,0.3275,-1,-1,-1
76,30,479.95,531.78,38.91,105.01,0.2758,-1,-1,-1
76,26,576.20,535.51,30.46,103.60,0.3407,-1,-1,-1
77,2,1649.33,580.69,67.08,163.62,0.7197,-1,-1,-1
77,15,343.98,550.35,48.56,132.55,0.6133,-1,-1,-1
77,6,291.20,545.08,54.16,139.26,0.4476,-1,-1,-1
77,17,1713.58,540.72,38.43,91.04,0.5364,-1,-1,-1
77,28,395.43,553.67,34.46,77.03,0.3704,-1,-1,-1
77,30,474.90,534.15,41.75,109.35,0.3063,-1,-1,-1
77,26,572.71,534.57,30.37,104.73,0.3854,-1,-1,-1
78,2,1652.65,581.55,68.20,164.42,0.7334,-1,-1,-1
78,15,339.77,551.73,48.07,132.92,0.5298,-1,-1,-1
78,6,282.15,541.75,56.11,143.80,0.4275,-1,-1,-1
78,17,1713.78,540.34,39.01,90.41,0.5827,-1,-1,-1
78,28,389.65,553.17,34.97,77.57,0.3427,-1,-1,-1
78,30,470.03,533.10,38.72,109.90,0.2775,-1,-1,-1
78,26,570.23,535.73,28.39,101.59,0.3051,-1,-1,-1
79,2,1653.83,584.55,71.61,162.86,0.7505,-1,-1,-1
79,15,333.75,548.77,49.59,135.60,0.5562,-1,-1,-1
79,6,272.23,538.45,60.28,145.58,0.5017,-1,-1,-1
79,17,1713.36,540.37,39.10,90.32,0.5747,-1,-1,-1
79,28,382.74,552.25,33.97,77.14,0.3434,-1,-1,-1
79,30,463.68,530.33,39.21,113.43,0.3437,-1,-1,-1
79,26,568.43,530.63,28.21,106.09,0.2670,-1,-1,-1
80,2,1654.29,582.14,74.69,166.39,0.7248,-1,-1,-1
80,15,326.93,552.40,50.00,134.71,0.6085,-1,-1,-1
80,6,263.10,537.93,63.69,148.06,0.5573,-1,-1,-1
80,17,1712.63,536.76,39.72,91.46,0.6113,-1,-1,-1
80,28,373.41,554.17,35.36,76.87,0.3360,-1,-1,-1
80,30,455.43,530.24,43.35,117.69,0.4905,-1,-1,-1
80,26,554.49,533.30,34.91,110.51,0.3065,-1,-1,-1
81,2,1657.03,582.23,73.56,166.93,0.7502,-1,-1,-1
81,15,319.64,552.81,51.01,133.98,0.5707,-1,-1,-1
81,6,264.12,546.24,55.12,137.29,0.3488,-1,-1,-1
81,17,1711.80,536.30,39.47,91.35,0.5703,-1,-1,-1
81,28,367.87,554.07,34.21,75.22,0.4962,-1,-1,-1
81,30,450.98,530.55,45.22,119.85,0.3346,-1,-1,-1
81,26,548.65,538.02,36.72,106.57,0.3279,-1,-1,-1
81,31,148.13,556.89,45.63,132.17,0.3811,-1,-1,-1
82,2,1659.69,583.11,72.83,170.07,0.7393,-1,-1,-1
82,15,312.23,554.64,49.86,132.40,0.4981,-1,-1,-1
82,6,260.71,538.64,51.60,145.04,0.3815,-1,-1,-1
82,17,1711.94,537.12,37.27,91.14,0.6126,-1,-1,-1
82,28,359.67,554.71,34.62,76.39,0.3523,-1,-1,-1
82,30,448.29,538.03,40.65,113.73,0.2712,-1,-1,-1
82,26,546.75,535.58,33.65,106.46,0.2832,-1,-1,-1
82,31,139.01,556.30,49.12,135.24,0.4344,-1,-1,-1
83,2,1665.10,582.52,68.92,171.91,0.7057,-1,-1,-1
83,15,304.92,558.19,51.37,131.16,0.6696,-1,-1,-1
83,6,255.96,541.64,48.49,145.36,0.4593,-1,-1,-1
83,17,1712.00,536.78,36.11,91.02,0.5892,-1,-1,-1
83,28,354.95,558.17,32.46,74.38,0.3573,-1,-1,-1
83,30,440.84,539.05,41.64,113.89,0.3825,-1,-1,-1
83,26,545.25,537.62,31.92,105.13,0.1868,-1,-1,-1
83,31,130.02,559.03,51.58,133.52,0.5450,-1,-1,-1
84,2,1665.21,580.07,72.71,176.78,0.7242,-1,-1,-1
84,15,296.53,561.88,54.24,128.55,0.5319,-1,-1,-1
84,6,245.53,549.43,52.18,140.41,0.5414,-1,-1,-1
84,17,1712.57,535.38,34.75,92.22,0.5710,-1,-1,-1
84,28,346.65,558.05,32.06,74.38,0.4247,-1,-1,-1
84,30,433.29,537.88,41.97,113.90,0.3589,-1,-1,-1
84,26,540.87,537.60,30.54,105.87,0.2479,-1,-1,-1
84,31,121.42,561.13,52.67,134.50,0.5337,-1,-1,-1
84,32,462.41,545.19,43.08,111.18,0.3909,-1,-1,-1
85,2,1667.66,581.32,72.72,179.67,0.7675,-1,-1,-1
85,15,290.71,562.55,51.52,129.14,0.5023,-1,-1,-1
85,6,242.46,555.83,48.44,136.79,0.4786,-1,-1,-1
85,17,1711.78,536.57,34.66,92.60,0.4757,-1,-1,-1
85,28,338.60,560.95,32.59,75.70,0.2897,-1,-1,-1
85,30,427.28,539.86,40.97,115.45,0.2960,-1,-1,-1
85,26,533.63,541.02,30.28,110.09,0.2062,-1,-1,-1
85,31,112.32,564.58,54.04,133.37,0.5266,-1,-1,-1
85,32,454.39,548.18,44.73,110.97,0.2209,-1,-1,-1
86,2,1671.38,580.82,71.18,179.84,0.7651,-1,-1,-1
86,15,284.28,561.77,49.92,131.34,0.5833,-1,-1,-1
86,6,231.70,556.84,50.35,136.93,0.4305,-1,-1,-1
86,17,1708.65,535.62,36.26,80.45,0.3140,-1,-1,-1
86,28,332.49,561.12,31.93,81.67,0.2620,-1,-1,-1
86,30,421.86,535.92,39.23,120.96,0.3423,-1,-1,-1
86,26,524.69,540.68,34.71,112.04,0.2786,-1,-1,-1
86,31,103.24,562.63,55.80,140.56,0.4135,-1,-1,-1
86,32,450.02,540.70,43.24,118.66,0.3608,-1,-1,-1
87,2,1672.57,584.16,72.24,180.34,0.7970,-1,-1,-1
87,15,278.99,563.67,51.55,132.28,0.5737,-1,-1,-1
87,6,224.77,556.52,50.39,139.12,0.4920,-1,-1,-1
87,17,1707.07,537.97,36.61,71.42,0.2530,-1,-1,-1
87,28,324.26,561.13,32.21,81.45,0.2800,-1,-1,-1
87,30,414.68,537.82,40.09,120.81,0.3094,-1,-1,-1
87,26,521.42,540.04,33.67,114.48,0.2429,-1,-1,-1
87,31,95.51,562.24,59.02,137.72,0.5337,-1,-1,-1
87,32,442.17,545.42,42.46,117.50,0.3908,-1,-1,-1
87,34,383.02,554.40,35.56,97.48,0.5404,-1,-1,-1
88,2,1674.96,582.78,71.99,184.09,0.7978,-1,-1,-1
88,15,270.85,568.69,51.80,131.92,0.5028,-1,-1,-1
88,6,219.43,561.24,50.42,138.87,0.5731,-1,-1,-1
88,17,1704.94,538.31,37.18,61.84,0.1721,-1,-1,-1
88,28,316.24,565.91,32.94,79.28,0.2773,-1,-1,-1
88,30,408.53,544.06,40.87,115.00,0.2338,-1,-1,-1
88,26,513.65,540.64,36.57,119.57,0.3386,-1,-1,-1
88,31,90.01,566.85,54.46,131.86,0.5029,-1,-1,-1
88,32,433.56,547.77,46.68,119.64,0.4159,-1,-1,-1
88,34,377.47,556.44,34.78,97.73,0.3987,-1,-1,-1
89,2,1678.51,584.26,70.42,188.58,0.8039,-1,-1,-1
89,15,265.05,567.26,51.60,132.18,0.4702,-1,-1,-1
89,6,214.59,558.46,48.70,142.68,0.3123,-1,-1,-1
89,28,308.38,566.59,32.98,80.55,0.1850,-1,-1,-1
89,30,401.65,540.34,37.84,120.76,0.2858,-1,-1,-1
89,26,502.64,545.04,39.91,116.93,0.1879,-1,-1,-1
89,31,83.27,563.04,54.38,135.52,0.4657,-1,-1,-1
89,32,429.78,546.24,43.67,122.60,0.5841,-1,-1,-1
89,34,368.82,554.82,31.68,98.38,0.4576,-1,-1,-1
90,2,1681.95,585.58,70.31,192.30,0.7570,-1,-1,-1
90,15,259.29,571.05,53.36,134.05,0.5296,-1,-1,-1
90,6,205.28,557.48,51.67,147.34,0.3256,-1,-1,-1
90,28,299.54,567.82,32.49,85.26,0.1530,-1,-1,-1
90,30,393.17,540.55,40.68,128.74,0.3606,-1,-1,-1
90,26,495.69,546.98,40.58,119.93,0.2124,-1,-1,-1
90,31,74.80,565.60,57.73,138.15,0.4845,-1,-1,-1
90,32,420.90,547.69,45.94,125.72,0.3054,-1,-1,-1
90,34,360.14,567.00,34.40,91.41,0.4277,-1,-1,-1
91,2,1684.61,595.25,72.46,188.68,0.7887,-1,-1,-1
91,15,249.97,558.78,63.62,149.06,0.4394,-1,-1,-1
91,6,199.76,559.93,51.01,146.31,0.3829,-1,-1,-1
91,28,288.01,556.68,35.73,101.60,0.1624,-1,-1,-1
91,30,385.44,545.64,42.13,124.50,0.3132,-1,-1,-1
91,26,497.65,545.35,33.72,120.15,0.2136,-1,-1,-1
91,31,67.54,566.68,56.61,141.21,0.4514,-1,-1,-1
91,32,413.97,550.32,46.29,125.50,0.5731,-1,-1,-1
91,34,354.04,570.98,33.58,89.09,0.3762,-1,-1,-1
92,2,1687.96,600.75,73.46,186.96,0.7964,-1,-1,-1
92,15,245.31,556.91,62.88,154.68,0.5459,-1,-1,-1
92,6,190.28,561.66,53.84,150.04,0.3349,-1,-1,-1
92,30,379.87,555.90,38.29,120.09,0.3357,-1,-1,-1
92,26,492.64,555.66,31.20,110.76,0.1924,-1,-1,-1
92,31,57.80,570.75,63.95,142.30,0.3362,-1,-1,-1
92,32,407.56,553.53,44.30,126.22,0.5375,-1,-1,-1
92,34,346.02,580.66,32.56,85.95,0.2402,-1,-1,-1
93,2,1689.28,605.33,73.98,187.02,0.8093,-1,-1,-1
93,15,241.00,566.91,56.25,146.11,0.5529,-1,-1,-1
93,6,184.59,555.34,53.60,159.97,0.5641,-1,-1,-1
93,30,371.14,554.87,36.77,126.03,0.3050,-1,-1,-1
93,26,482.93,558.04,34.39,116.14,0.1740,-1,-1,-1
93,31,49.45,575.38,64.15,140.38,0.2706,-1,-1,-1
93,32,400.98,555.99,44.18,127.31,0.5215,-1,-1,-1
93,34,338.94,581.72,32.76,87.19,0.4043,-1,-1,-1
94,2,1690.48,607.61,74.09,187.64,0.8038,-1,-1,-1
94,15,234.85,574.01,55.70,142.70,0.5426,-1,-1,-1
94,6,180.17,562.11,52.27,155.76,0.5232,-1,-1,-1
94,30,364.46,553.97,38.61,129.33,0.4129,-1,-1,-1
94,26,478.87,562.77,33.39,110.92,0.1910,-1,-1,-1
94,31,41.53,580.79,64.07,140.38,0.2332,-1,-1,-1
94,32,392.21,556.56,45.27,129.23,0.6194,-1,-1,-1
94,34,332.35,582.96,31.99,90.96,0.4824,-1,-1,-1
94,17,1697.27,540.74,38.89,81.63,0.3705,-1,-1,-1
95,2,1692.19,611.32,74.90,189.35,0.7916,-1,-1,-1
95,15,227.02,578.19,57.14,140.39,0.5214,-1,-1,-1
95,6,173.67,563.37,53.93,155.43,0.6017,-1,-1,-1
95,30,358.94,561.78,37.26,122.02,0.2497,-1,-1,-1
95,26,477.13,559.80,29.69,108.01,0.2581,-1,-1,-1
95,32,387.15,558.31,45.01,128.99,0.5340,-1,-1,-1
95,34,323.28,585.79,32.16,90.79,0.2519,-1,-1,-1
95,17,1694.60,542.10,40.75,90.44,0.4885,-1,-1,-1
96,2,1695.66,611.56,75.01,190.72,0.7885,-1,-1,-1
96,15,221.27,582.30,54.05,141.67,0.5756,-1,-1,-1
96,6,165.45,573.49,54.56,150.13,0.4627,-1,-1,-1
96,30,352.81,560.53,35.10,127.44,0.3450,-1,-1,-1
96,26,469.13,564.94,31.30,105.20,0.2310,-1,-1,-1
96,32,380.24,565.47,44.43,125.63,0.4839,-1,-1,-1
96,34,316.20,586.02,32.16,89.25,0.4527,-1,-1,-1
96,17,1693.33,541.26,43.16,95.10,0.5266,-1,-1,-1
97,2,1699.29,613.13,76.18,192.58,0.7857,-1,-1,-1
97,15,212.88,579.19,55.88,143.93,0.6520,-1,-1,-1
97,6,159.27,577.45,53.03,142.93,0.5561,-1,-1,-1
97,30,344.14,553.93,38.23,132.89,0.4799,-1,-1,-1
97,26,463.30,562.32,32.82,107.39,0.2717,-1,-1,-1
97,32,372.45,558.79,46.63,131.83,0.5167,-1,-1,-1
97,34,308.53,579.34,33.68,96.44,0.5856,-1,-1,-1
97,17,1692.28,543.72,42.83,95.59,0.5333,-1,-1,-1
98,2,1704.00,613.35,76.79,195.62,0.7919,-1,-1,-1
98,15,203.83,581.79,55.58,145.58,0.6214,-1,-1,-1
98,6,151.18,582.25,53.40,143.67,0.5596,-1,-1,-1
98,30,336.07,560.24,39.27,130.98,0.3058,-1,-1,-1
98,26,454.23,565.10,34.45,114.18,0.3329,-1,-1,-1
98,32,365.84,575.46,45.98,117.19,0.6105,-1,-1,-1
98,34,299.94,587.99,34.09,91.34,0.1684,-1,-1,-1
98,17,1690.90,545.08,41.56,96.55,0.5092,-1,-1,-1
99,2,1706.57,614.85,78.14,197.44,0.7602,-1,-1,-1
99,15,197.36,578.55,54.25,147.66,0.6655,-1,-1,-1
99,6,143.10,581.17,54.08,143.06,0.4824,-1,-1,-1
99,30,329.59,557.05,37.27,132.66,0.4516,-1,-1,-1
99,26,449.72,565.02,30.34,105.26,0.2397,-1,-1,-1
99,32,358.81,569.53,46.30,122.93,0.5581,-1,-1,-1
99,34,291.00,588.54,34.22,88.86,0.4878,-1,-1,-1
99,17,1688.58,545.70,42.11,101.79,0.5023,-1,-1,-1
100,2,1709.21,613.72,80.25,199.79,0.7947,-1,-1,-1
100,15,188.92,585.53,54.82,143.65,0.6090,-1,-1,-1
100,6,131.88,584.20,56.15,140.97,0.5674,-1,-1,-1
100,30,320.03,560.51,38.90,132.34,0.4082,-1,-1,-1
100,26,442.15,564.33,31.89,105.08,0.4477,-1,-1,-1
100,32,348.74,575.01,50.13,119.77,0.5466,-1,-1,-1
100,34,281.45,588.45,35.22,94.27,0.5922,-1,-1,-1
100,17,1685.76,547.14,42.54,102.65,0.6405,-1,-1,-1
101,2,1711.14,616.15,80.90,202.26,0.7865,-1,-1,-1
101,15,180.23,582.70,57.32,145.09,0.5859,-1,-1,-1
101,6,124.11,579.84,57.67,143.71,0.6032,-1,-1,-1
101,30,310.38,571.82,37.72,119.65,0.3814,-1,-1,-1
101,26,434.68,561.80,33.63,106.74,0.3746,-1,-1,-1
101,32,340.66,571.91,49.75,121.61,0.5707,-1,-1,-1
101,34,273.08,588.45,34.01,92.18,0.4469,-1,-1,-1
101,17,1684.59,549.76,40.07,104.09,0.7194,-1,-1,-1
102,2,1713.15,619.14,82.36,200.93,0.8138,-1,-1,-1
102,15,172.04,583.56,57.55,145.27,0.5694,-1,-1,-1
102,6,115.13,581.46,57.95,145.55,0.6269,-1,-1,-1
102,30,302.29,578.31,36.14,114.86,0.3036,-1,-1,-1
102,26,430.75,561.72,31.82,109.43,0.3855,-1,-1,-1
102,32,332.47,574.94,49.50,120.73,0.6196,-1,-1,-1
102,34,262.87,592.60,35.56,89.33,0.5418,-1,-1,-1
102,17,1683.94,549.80,37.99,104.46,0.7413,-1,-1,-1
102,39,389.32,573.70,43.18,126.21,0.3718,-1,-1,-1
103,2,1714.33,619.04,85.27,204.72,0.8263,-1,-1,-1
103,15,164.56,586.93,57.56,143.26,0.5183,-1,-1,-1
103,6,106.43,579.15,57.60,148.99,0.5524,-1,-1,-1
103,30,294.17,568.46,39.48,126.00,0.2906,-1,-1,-1
103,26,423.64,561.51,31.70,108.26,0.3362,-1,-1,-1
103,32,326.07,574.51,51.74,120.86,0.4858,-1,-1,-1
103,34,255.71,590.18,36.23,96.59,0.4424,-1,-1,-1
103,17,1683.19,549.83,36.75,103.80,0.7185,-1,-1,-1
103,39,384.93,571.10,40.27,128.24,0.3381,-1,-1,-1
103,40,1546.05,519.48,25.16,79.33,0.4537,-1,-1,-1
104,2,1715.64,623.91,86.60,207.05,0.8179,-1,-1,-1
104,15,154.95,588.98,52.92,139.19,0.4256,-1,-1,-1
104,6,95.99,576.68,58.26,149.79,0.5658,-1,-1,-1
104,30,284.35,580.83,38.06,113.97,0.2650,-1,-1,-1
104,26,415.71,558.37,33.44,107.53,0.4457,-1,-1,-1
104,32,316.23,576.78,50.98,117.47,0.3577,-1,-1,-1
104,34,247.65,589.36,36.14,93.40,0.3084,-1,-1,-1
104,17,1682.35,551.58,35.56,103.70,0.7077,-1,-1,-1
104,39,374.31,574.08,40.71,125.28,0.4721,-1,-1,-1
104,40,1545.39,521.74,23.09,77.01,0.3720,-1,-1,-1
105,2,1717.71,624.04,87.20,209.62,0.8059,-1,-1,-1
105,15,146.35,587.45,57.53,142.59,0.5509,-1,-1,-1
105,6,87.93,579.29,57.94,149.41,0.6013,-1,-1,-1
105,30,276.70,567.98,43.02,129.96,0.2311,-1,-1,-1
105,26,408.80,559.11,34.41,113.97,0.4019,-1,-1,-1
105,32,306.27,568.67,53.02,128.63,0.5170,-1,-1,-1
105,34,238.43,591.79,37.23,92.23,0.4484,-1,-1,-1
105,17,1681.21,549.68,34.84,104.31,0.6659,-1,-1,-1
105,39,367.60,570.41,40.96,131.80,0.3746,-1,-1,-1
105,40,1540.54,521.81,24.75,71.80,0.2298,-1,-1,-1
105,25,23.90,580.30,54.37,144.48,0.4170,-1,-1,-1
106,2,1722.69,625.86,85.90,212.21,0.7800,-1,-1,-1
106,15,138.65,577.84,59.27,151.51,0.5316,-1,-1,-1
106,6,77.97,574.92,56.40,153.07,0.5598,-1,-1,-1
106,30,266.10,579.91,42.64,120.37,0.2793,-1,-1,-1
106,26,402.55,558.20,32.68,113.59,0.2998,-1,-1,-1
106,32,298.86,566.73,52.33,130.03,0.5023,-1,-1,-1
106,34,228.16,589.59,36.67,95.34,0.3595,-1,-1,-1
106,17,1678.98,549.47,34.20,106.16,0.6086,-1,-1,-1
106,39,360.51,567.00,39.99,135.26,0.5138,-1,-1,-1
106,40,1535.96,522.45,25.64,72.46,0.3970,-1,-1,-1
106,25,15.29,578.55,55.74,144.16,0.2684,-1,-1,-1
107,2,1726.25,623.23,85.10,216.15,0.7891,-1,-1,-1
107,15,130.60,583.35,56.92,147.09,0.4010,-1,-1,-1
107,6,68.64,573.12,58.24,155.51,0.5913,-1,-1,-1
107,30,257.67,586.78,39.16,115.94,0.3924,-1,-1,-1
107,26,394.50,560.23,34.09,108.25,0.5067,-1,-1,-1
107,32,288.65,560.26,53.49,137.46,0.4685,-1,-1,-1
107,34,219.15,591.09,38.59,97.27,0.5186,-1,-1,-1
107,17,1677.48,547.23,32.76,106.38,0.5534,-1,-1,-1
107,39,352.01,562.86,42.05,140.62,0.5357,-1,-1,-1
107,40,1533.02,520.79,27.67,75.63,0.4404,-1,-1,-1
107,25,8.46,577.03,52.79,144.63,0.3996,-1,-1,-1
108,2,1728.75,628.02,84.91,218.05,0.8029,-1,-1,-1
108,15,121.22,576.29,55.31,152.90,0.4989,-1,-1,-1
108,6,55.21,568.16,63.06,160.12,0.5355,-1,-1,-1
108,26,388.93,559.30,34.27,106.11,0.4563,-1,-1,-1
108,32,278.92,557.71,54.31,141.04,0.5480,-1,-1,-1
108,34,210.02,587.04,37.51,100.42,0.5888,-1,-1,-1
108,17,1676.62,549.15,31.20,107.11,0.4689,-1,-1,-1
108,39,342.56,561.76,44.38,141.95,0.5371,-1,-1,-1
108,40,1531.85,523.99,26.18,74.99,0.3918,-1,-1,-1
108,25,0.52,574.32,52.86,148.79,0.4787,-1,-1,-1
109,2,1730.86,628.33,86.07,221.46,0.8075,-1,-1,-1
109,15,113.40,574.76,57.86,156.63,0.4126,-1,-1,-1
109,6,44.99,569.33,63.63,160.20,0.4894,-1,-1,-1
109,26,381.50,558.66,35.22,110.92,0.4562,-1,-1,-1
109,32,268.18,566.91,55.37,136.82,0.4147,-1,-1,-1
109,34,200.78,588.43,37.59,104.48,0.5078,-1,-1,-1
109,17,1675.09,549.20,30.52,107.17,0.5366,-1,-1,-1
109,39,336.25,557.47,42.44,148.70,0.5920,-1,-1,-1
109,40,1527.50,522.94,26.77,74.61,0.3965,-1,-1,-1
109,25,-1.99,574.80,45.65,154.08,0.3689,-1,-1,-1
110,2,1732.28,629.38,86.36,224.94,0.8127,-1,-1,-1
110,15,103.76,571.95,56.41,158.54,0.5832,-1,-1,-1
110,6,32.22,567.04,68.18,162.19,0.5916,-1,-1,-1
110,26,374.14,557.10,35.11,109.02,0.4487,-1,-1,-1
110,32,254.82,556.38,58.95,146.92,0.5146,-1,-1,-1
110,34,190.70,587.05,38.76,105.34,0.5304,-1,-1,-1
110,17,1674.02,550.59,28.98,107.73,0.3542,-1,-1,-1
110,39,326.66,561.72,44.11,143.58,0.6134,-1,-1,-1
110,40,1524.02,523.95,26.46,70.64,0.2783,-1,-1,-1
110,25,-2.22,571.93,35.96,154.61,0.3815,-1,-1,-1
111,2,1733.58,629.57,87.73,227.49,0.8117,-1,-1,-1
111,15,94.08,568.21,58.86,164.70,0.5885,-1,-1,-1
111,6,20.96,563.68,71.55,166.89,0.6225,-1,-1,-1
111,26,366.50,558.55,36.16,109.07,0.4492,-1,-1,-1
111,32,247.27,559.46,58.10,145.13,0.4762,-1,-1,-1
111,34,180.98,589.30,38.02,107.14,0.4033,-1,-1,-1
111,17,1670.96,552.37,30.13,106.55,0.2377,-1,-1,-1
111,39,318.49,571.17,42.44,135.51,0.5314,-1,-1,-1
111,40,1519.91,524.15,26.75,64.92,0.2104,-1,-1,-1
112,2,1734.86,632.24,89.63,228.26,0.8082,-1,-1,-1
112,15,84.34,572.64,59.57,161.70,0.5708,-1,-1,-1
112,6,9.35,566.54,76.45,166.08,0.5344,-1,-1,-1
112,26,357.54,559.49,36.87,111.51,0.5559,-1,-1,-1
112,32,238.54,567.46,56.27,138.88,0.5933,-1,-1,-1
112,34,170.82,592.58,36.60,103.60,0.4824,-1,-1,-1
112,39,307.83,570.87,41.50,138.66,0.5575,-1,-1,-1
113,2,1735.37,634.39,90.58,229.96,0.8037,-1,-1,-1
113,15,75.43,576.66,57.41,160.38,0.5791,-1,-1,-1
113,6,1.13,560.83,74.08,173.06,0.5965,-1,-1,-1
113,26,349.70,561.99,36.65,111.54,0.4343,-1,-1,-1
113,32,231.13,575.23,54.24,134.32,0.6200,-1,-1,-1
113,34,161.64,595.31,37.35,103.43,0.5199,-1,-1,-1
113,39,298.86,572.25,39.38,139.70,0.6007,-1,-1,-1
114,2,1737.52,635.02,90.23,231.03,0.7985,-1,-1,-1
114,15,63.16,567.92,59.63,169.21,0.6500,-1,-1,-1
114,6,0.99,571.45,62.80,164.22,0.5468,-1,-1,-1
114,26,341.32,564.45,36.72,109.48,0.5098,-1,-1,-1
114,32,218.73,580.86,55.02,129.42,0.5791,-1,-1,-1
114,34,151.52,597.43,34.88,102.96,0.6191,-1,-1,-1
114,39,290.23,571.92,41.50,141.20,0.4919,-1,-1,-1
115,2,1739.24,636.48,91.11,231.84,0.7918,-1,-1,-1
115,15,52.87,565.81,60.03,173.03,0.6523,-1,-1,-1
115,6,0.92,573.59,54.52,162.34,0.4669,-1,-1,-1
115,26,333.49,564.16,37.81,111.64,0.6419,-1,-1,-1
115,32,202.02,571.41,61.56,139.11,0.5430,-1,-1,-1
115,34,141.66,596.88,36.57,105.25,0.6164,-1,-1,-1
115,39,280.01,578.86,38.51,136.17,0.5717,-1,-1,-1
116,2,1741.08,636.42,91.69,234.99,0.7991,-1,-1,-1
116,15,43.75,571.78,58.29,170.25,0.6054,-1,-1,-1
116,6,-2.16,582.08,51.23,157.96,0.6279,-1,-1,-1
116,26,323.87,567.26,39.13,110.84,0.6117,-1,-1,-1
116,32,195.77,575.62,58.62,140.53,0.5412,-1,-1,-1
116,34,130.57,599.46,35.33,103.82,0.5739,-1,-1,-1
116,39,270.97,579.90,37.72,137.69,0.4735,-1,-1,-1
117,2,1741.45,638.66,93.75,238.31,0.8085,-1,-1,-1
117,15,32.66,573.68,59.39,170.40,0.5955,-1,-1,-1
117,6,-2.42,583.89,43.59,157.40,0.6285,-1,-1,-1
117,26,314.64,566.84,40.60,112.64,0.5425,-1,-1,-1
117,32,186.16,570.55,58.62,145.89,0.4915,-1,-1,-1
117,34,119.26,600.01,36.99,101.59,0.5759,-1,-1,-1
117,39,259.40,566.09,39.05,152.68,0.6094,-1,-1,-1
118,2,1742.78,637.38,95.79,244.02,0.8035,-1,-1,-1
118,15,22.09,577.22,60.22,169.62,0.5141,-1,-1,-1
118,6,-2.25,588.97,33.31,154.86,0.4959,-1,-1,-1
118,26,308.55,561.68,38.65,118.63,0.6465,-1,-1,-1
118,32,179.59,580.72,54.40,139.32,0.5476,-1,-1,-1
118,34,109.75,600.73,37.63,104.91,0.5087,-1,-1,-1
118,39,249.39,571.16,38.45,151.64,0.6610,-1,-1,-1
119,2,1745.56,639.69,99.19,246.04,0.8216,-1,-1,-1
119,15,11.26,572.61,61.61,177.64,0.5951,-1,-1,-1
119,6,-1.49,596.11,21.98,150.14,0.2036,-1,-1,-1
119,26,299.70,563.39,39.71,118.45,0.5513,-1,-1,-1
119,32,169.45,579.31,54.20,144.52,0.4575,-1,-1,-1
119,34,100.10,601.72,35.10,105.57,0.4761,-1,-1,-1
119,39,239.65,565.40,40.22,159.66,0.6096,-1,-1,-1
119,41,1742.82,566.08,46.93,97.71,0.3530,-1,-1,-1
120,2,1747.87,643.76,103.24,245.58,0.8126,-1,-1,-1
120,15,4.91,565.36,58.01,188.13,0.5786,-1,-1,-1
120,26,290.78,561.70,40.00,123.14,0.5789,-1,-1,-1
120,32,158.52,582.78,53.52,143.98,0.6009,-1,-1,-1
120,34,89.55,601.65,34.12,111.09,0.4247,-1,-1,-1
120,39,226.79,571.38,42.35,157.35,0.6486,-1,-1,-1
120,41,1742.41,558.84,43.99,107.87,0.4100,-1,-1,-1
121,2,1751.45,645.23,104.15,248.35,0.8091,-1,-1,-1
121,15,-0.52,555.45,55.69,197.51,0.5802,-1,-1,-1
121,26,286.09,563.14,37.49,120.02,0.6305,-1,-1,-1
121,32,146.87,586.11,56.05,140.63,0.5880,-1,-1,-1
121,34,78.71,601.88,35.89,112.50,0.5920,-1,-1,-1
121,39,217.63,570.10,43.16,160.93,0.5597,-1,-1,-1
121,41,1741.31,555.31,43.69,113.84,0.4365,-1,-1,-1
122,2,1755.64,646.09,101.99,251.86,0.8084,-1,-1,-1
122,15,-3.44,555.80,48.82,200.05,0.6186,-1,-1,-1
122,26,275.52,564.17,40.17,120.60,0.6006,-1,-1,-1
122,32,138.86,592.70,53.56,140.97,0.5102,-1,-1,-1
122,34,67.29,605.15,36.02,110.92,0.4076,-1,-1,-1
122,39,205.10,573.46,46.92,159.92,0.6584,-1,-1,-1
122,41,1739.97,553.37,42.83,117.34,0.3940,-1,-1,-1
123,2,1760.08,649.72,98.70,254.50,0.8088,-1,-1,-1
123,15,-2.97,568.23,41.49,187.77,0.5682,-1,-1,-1
123,26,266.57,559.68,42.11,128.80,0.6602,-1,-1,-1
123,32,128.65,598.70,56.29,139.40,0.4493,-1,-1,-1
123,34,54.89,607.75,37.70,115.14,0.3158,-1,-1,-1
123,39,194.51,580.89,49.25,154.91,0.5962,-1,-1,-1
123,41,1739.54,554.67,42.12,119.62,0.4082,-1,-1,-1
124,2,1764.31,649.36,98.36,259.51,0.8161,-1,-1,-1
124,15,-2.98,587.87,30.41,170.60,0.4860,-1,-1,-1
124,26,260.28,567.43,39.36,123.05,0.5867,-1,-1,-1
124,34,42.61,608.95,37.71,116.71,0.3104,-1,-1,-1
124,39,184.43,587.74,48.30,150.10,0.6283,-1,-1,-1
124,41,1739.24,555.08,42.40,117.57,0.4158,-1,-1,-1
124,30,97.10,583.22,52.97,151.04,0.4448,-1,-1,-1
125,2,1768.96,648.54,102.02,262.13,0.8164,-1,-1,-1
125,26,251.34,570.13,39.95,121.26,0.5348,-1,-1,-1
125,34,31.57,611.34,36.20,114.37,0.4596,-1,-1,-1
125,39,173.77,590.32,50.98,149.21,0.6427,-1,-1,-1
125,41,1737.09,554.49,42.43,118.73,0.3314,-1,-1,-1
125,30,87.04,580.82,51.75,150.25,0.3178,-1,-1,-1
126,2,1773.22,650.70,103.75,263.12,0.8115,-1,-1,-1
126,26,243.08,567.61,39.93,126.29,0.5828,-1,-1,-1
126,34,20.43,614.43,38.14,113.40,0.4118,-1,-1,-1
126,39,161.33,595.74,53.57,146.77,0.5843,-1,-1,-1
126,41,1731.54,554.92,42.10,111.56,0.2661,-1,-1,-1
126,30,77.46,584.79,52.39,147.12,0.2774,-1,-1,-1
127,2,1777.39,651.48,104.90,266.19,0.8199,-1,-1,-1
127,26,235.93,569.96,39.06,126.20,0.5793,-1,-1,-1
127,34,5.36,621.35,38.46,106.64,0.3590,-1,-1,-1
127,39,152.75,600.93,51.94,145.10,0.5947,-1,-1,-1
127,41,1728.19,555.91,42.38,108.32,0.3419,-1,-1,-1
127,32,83.23,622.91,58.10,119.40,0.4734,-1,-1,-1
128,2,1780.70,653.64,106.58,267.61,0.8193,-1,-1,-1
128,26,225.43,563.18,40.54,133.37,0.6123,-1,-1,-1
128,34,-2.09,621.36,32.16,109.34,0.3408,-1,-1,-1
128,39,141.52,603.00,54.16,144.50,0.5499,-1,-1,-1
128,41,1726.97,557.20,41.39,107.38,0.4017,-1,-1,-1
128,48,546.70,527.85,32.41,68.72,0.4187,-1,-1,-1
128,32,71.48,623.45,59.14,119.42,0.4670,-1,-1,-1
129,2,1785.41,656.08,110.78,269.49,0.8236,-1,-1,-1
129,26,218.28,566.22,39.83,133.32,0.5916,-1,-1,-1
129,34,-3.62,623.46,23.37,109.31,0.3119,-1,-1,-1
129,39,130.80,600.59,52.24,150.76,0.5155,-1,-1,-1
129,41,1726.47,556.71,39.28,109.04,0.3778,-1,-1,-1
129,48,543.87,528.53,29.30,68.32,0.3433,-1,-1,-1
129,32,63.29,623.12,55.99,123.01,0.3572,-1,-1,-1
130,2,1787.92,657.99,115.08,272.01,0.8216,-1,-1,-1
130,26,209.58,565.57,40.83,135.48,0.5550,-1,-1,-1
130,39,117.26,603.53,58.35,151.11,0.3296,-1,-1,-1
130,41,1724.61,556.64,36.62,114.43,0.3985,-1,-1,-1
130,48,540.40,526.86,25.77,71.85,0.2984,-1,-1,-1
130,32,49.07,622.76,56.91,126.74,0.3895,-1,-1,-1
130,30,29.44,586.63,52.29,158.45,0.4400,-1,-1,-1
131,2,1791.15,659.38,118.08,276.74,0.8317,-1,-1,-1
131,26,200.69,572.26,41.07,129.49,0.4716,-1,-1,-1
131,39,105.40,599.81,51.37,156.62,0.4310,-1,-1,-1
131,41,1717.58,557.18,41.68,118.69,0.4686,-1,-1,-1
131,48,533.93,526.13,28.28,72.32,0.4061,-1,-1,-1
131,32,38.40,626.00,58.66,126.24,0.1905,-1,-1,-1
131,30,14.65,587.82,53.92,153.60,0.4853,-1,-1,-1
132,2,1796.02,661.02,120.31,283.66,0.8652,-1,-1,-1
132,26,191.75,569.74,41.38,133.49,0.6435,-1,-1,-1
132,39,94.45,599.27,47.67,160.56,0.4305,-1,-1,-1
132,41,1714.52,555.54,43.58,120.39,0.4537,-1,-1,-1
132,48,527.91,526.55,28.95,72.33,0.2608,-1,-1,-1
132,32,22.55,629.13,63.43,123.71,0.1638,-1,-1,-1
132,30,2.50,585.51,52.58,159.21,0.5513,-1,-1,-1
133,2,1802.30,662.99,117.55,289.40,0.8822,-1,-1,-1
133,26,182.06,566.65,43.87,136.12,0.5324,-1,-1,-1
133,39,80.31,595.15,49.30,167.73,0.5458,-1,-1,-1
133,41,1712.45,556.82,45.22,120.77,0.4477,-1,-1,-1
133,48,523.72,527.31,30.53,71.87,0.4530,-1,-1,-1
133,32,12.85,629.02,60.90,131.32,0.3578,-1,-1,-1
133,30,-2.79,587.70,45.97,162.32,0.3463,-1,-1,-1
134,2,1807.22,665.02,113.98,294.77,0.8507,-1,-1,-1
134,26,173.42,567.19,42.18,138.33,0.5593,-1,-1,-1
134,39,50.72,580.88,66.56,188.13,0.4963,-1,-1,-1
134,41,1710.14,556.03,46.45,120.80,0.4808,-1,-1,-1
134,48,520.63,529.05,27.21,72.21,0.4252,-1,-1,-1
134,32,1.25,629.32,57.29,136.71,0.4841,-1,-1,-1
135,2,1811.14,665.91,110.23,301.32,0.8147,-1,-1,-1
135,26,165.74,569.80,40.83,138.21,0.5440,-1,-1,-1
135,39,32.42,574.43,74.09,198.25,0.5416,-1,-1,-1
135,41,1705.75,554.74,49.93,120.57,0.5033,-1,-1,-1
135,48,514.97,528.22,28.73,73.59,0.5473,-1,-1,-1
135,32,-3.36,621.07,50.19,146.79,0.5676,-1,-1,-1
136,2,1817.19,669.39,104.16,305.21,0.8377,-1,-1,-1
136,26,157.23,567.58,41.17,140.74,0.3929,-1,-1,-1
136,39,22.23,573.81,75.23,200.89,0.5255,-1,-1,-1
136,41,1701.49,555.78,50.73,116.35,0.4719,-1,-1,-1
136,48,509.24,527.15,28.23,73.91,0.5368,-1,-1,-1
136,32,-4.01,622.13,39.72,146.84,0.6007,-1,-1,-1
137,2,1823.67,677.42,97.88,307.38,0.7746,-1,-1,-1
137,26,148.53,572.91,40.34,137.80,0.4032,-1,-1,-1
137,39,15.80,573.28,70.59,204.63,0.6263,-1,-1,-1
137,41,1699.52,555.66,51.05,115.15,0.5036,-1,-1,-1
137,48,503.51,527.34,29.24,75.46,0.5481,-1,-1,-1
137,32,-3.22,634.61,29.22,137.99,0.4694,-1,-1,-1
138,2,1830.11,679.40,90.98,310.81,0.7834,-1,-1,-1
138,26,140.52,572.13,40.81,139.65,0.4943,-1,-1,-1
138,39,9.45,571.90,64.60,206.10,0.6380,-1,-1,-1
138,41,1697.74,556.13,51.00,113.82,0.4896,-1,-1,-1
138,48,499.76,529.63,29.94,73.40,0.5818,-1,-1,-1
138,51,1570.66,558.08,44.50,105.98,0.5703,-1,-1,-1
139,2,1833.52,680.01,87.33,315.57,0.7701,-1,-1,-1
139,39,2.05,575.42,59.12,203.07,0.6163,-1,-1,-1
139,41,1696.84,556.71,49.73,111.18,0.5077,-1,-1,-1
139,48,495.19,528.10,27.61,72.94,0.4401,-1,-1,-1
139,51,1568.73,554.74,39.67,108.85,0.5945,-1,-1,-1
140,2,1840.07,682.46,80.87,312.79,0.7504,-1,-1,-1
140,39,-2.67,574.88,51.66,210.80,0.6256,-1,-1,-1
140,41,1697.42,553.16,48.05,114.89,0.5285,-1,-1,-1
140,48,490.41,527.09,28.55,73.58,0.4969,-1,-1,-1
140,51,1566.70,550.76,37.22,111.44,0.6627,-1,-1,-1
140,26,122.26,562.70,42.06,152.70,0.3749,-1,-1,-1
141,2,1847.10,680.07,73.78,312.30,0.6802,-1,-1,-1
141,39,-3.80,579.12,41.44,208.72,0.5910,-1,-1,-1
141,41,1698.64,551.72,45.45,116.00,0.4523,-1,-1,-1
141,48,485.48,527.76,27.72,73.90,0.5264,-1,-1,-1
141,51,1563.40,549.75,38.21,111.67,0.7273,-1,-1,-1
142,2,1854.32,693.05,66.55,300.26,0.6426,-1,-1,-1
142,41,1700.92,554.71,41.89,114.82,0.4379,-1,-1,-1
142,48,480.82,527.34,28.43,75.22,0.4995,-1,-1,-1
142,51,1560.35,551.14,40.06,108.56,0.6808,-1,-1,-1
142,52,399.60,531.10,26.09,64.44,0.3642,-1,-1,-1
143,2,1860.22,703.40,59.75,297.19,0.5927,-1,-1,-1
143,41,1699.43,560.96,40.83,110.13,0.3689,-1,-1,-1
143,48,476.57,526.84,30.75,73.96,0.5373,-1,-1,-1
143,51,1556.92,553.31,40.27,109.26,0.5899,-1,-1,-1
143,52,394.68,530.06,25.31,63.55,0.2225,-1,-1,-1
144,2,1866.62,714.99,53.40,263.82,0.4748,-1,-1,-1
144,41,1696.84,566.36,41.90,107.81,0.4587,-1,-1,-1
144,48,473.22,527.54,28.44,75.01,0.5942,-1,-1,-1
144,51,1554.33,556.12,38.08,109.42,0.7097,-1,-1,-1
144,52,385.83,529.32,27.76,66.02,0.2882,-1,-1,-1
145,2,1873.70,730.64,45.60,237.89,0.2558,-1,-1,-1
145,41,1694.27,570.13,42.43,107.13,0.6019,-1,-1,-1
145,48,467.93,527.12,28.53,74.22,0.5257,-1,-1,-1
145,51,1549.12,557.73,37.33,108.19,0.6961,-1,-1,-1
145,52,381.51,528.97,28.14,65.39,0.4084,-1,-1,-1
146,41,1693.34,573.07,42.64,102.38,0.6211,-1,-1,-1
146,48,463.66,526.13,28.00,74.68,0.5852,-1,-1,-1
146,51,1545.34,555.99,38.50,110.31,0.6499,-1,-1,-1
146,52,378.80,529.26,27.01,64.62,0.4055,-1,-1,-1
147,41,1691.38,574.56,41.58,103.29,0.5339,-1,-1,-1
147,48,457.19,526.66,29.25,75.72,0.5244,-1,-1,-1
147,51,1540.74,557.47,39.13,109.71,0.6765,-1,-1,-1
147,52,372.26,530.76,28.05,65.28,0.3205,-1,-1,-1
148,41,1684.65,569.79,45.52,106.86,0.4712,-1,-1,-1
148,48,452.73,528.86,29.98,74.26,0.5905,-1,-1,-1
148,51,1532.19,555.16,44.67,112.64,0.6905,-1,-1,-1
148,52,363.87,529.68,28.87,66.64,0.3120,-1,-1,-1
149,41,1680.98,569.92,44.12,105.96,0.6105,-1,-1,-1
149,48,447.95,529.35,29.16,74.89,0.5576,-1,-1,-1
149,51,1520.73,554.25,52.78,113.62,0.6868,-1,-1,-1
149,52,357.96,529.84,30.36,67.74,0.3717,-1,-1,-1
150,41,1679.33,567.13,42.99,107.22,0.6683,-1,-1,-1
150,48,442.76,528.57,29.82,76.43,0.5840,-1,-1,-1
150,51,1512.86,558.03,58.22,109.69,0.7193,-1,-1,-1
150,52,355.11,530.16,28.61,68.07,0.4073,-1,-1,-1
151,41,1675.67,567.00,43.09,107.60,0.5868,-1,-1,-1
151,48,435.48,527.89,30.44,77.96,0.5414,-1,-1,-1
151,51,1509.01,559.40,58.26,109.05,0.7005,-1,-1,-1
151,52,348.98,533.00,28.71,68.17,0.3407,-1,-1,-1
152,41,1672.60,566.71,43.11,105.78,0.5128,-1,-1,-1
152,48,429.14,529.77,30.97,76.99,0.5589,-1,-1,-1
152,51,1506.80,558.00,56.23,110.42,0.6993,-1,-1,-1
152,52,345.52,535.78,25.58,65.85,0.1728,-1,-1,-1
153,41,1672.98,566.37,38.58,97.06,0.4094,-1,-1,-1
153,48,424.03,530.23,28.87,75.41,0.5251,-1,-1,-1
153,51,1501.83,557.05,57.42,110.13,0.6611,-1,-1,-1
153,52,337.21,536.06,28.51,65.70,0.3110,-1,-1,-1
154,41,1672.17,570.60,34.57,89.71,0.2661,-1,-1,-1
154,48,417.06,532.12,30.10,76.83,0.5154,-1,-1,-1
154,51,1497.15,553.73,53.83,113.19,0.6690,-1,-1,-1
154,52,331.22,538.67,27.07,65.36,0.2291,-1,-1,-1
155,48,410.84,530.33,29.74,79.30,0.5748,-1,-1,-1
155,51,1491.75,552.32,50.71,113.11,0.6495,-1,-1,-1
155,52,325.16,539.21,26.81,66.20,0.2821,-1,-1,-1
156,48,403.43,532.60,30.73,78.77,0.5338,-1,-1,-1
156,51,1487.59,550.47,46.88,115.38,0.6685,-1,-1,-1
157,48,397.74,534.95,30.30,77.78,0.5836,-1,-1,-1
157,51,1481.15,551.03,45.35,113.78,0.6719,-1,-1,-1
157,54,1301.64,521.33,30.35,72.49,0.3441,-1,-1,-1
158,48,392.87,535.84,29.10,78.76,0.5320,-1,-1,-1
158,51,1474.57,548.54,45.44,116.04,0.7306,-1,-1,-1
158,54,1297.31,520.90,31.03,73.94,0.3211,-1,-1,-1
158,55,1437.07,533.73,22.29,88.69,0.4269,-1,-1,-1
159,48,387.65,537.61,28.52,78.29,0.5668,-1,-1,-1
159,51,1469.84,546.21,44.29,117.88,0.7115,-1,-1,-1
159,54,1294.27,518.52,28.80,73.91,0.2481,-1,-1,-1
159,55,1432.52,532.99,23.23,89.76,0.2419,-1,-1,-1
160,48,380.42,538.80,30.44,79.49,0.5003,-1,-1,-1
160,51,1465.87,545.71,43.14,119.01,0.6752,-1,-1,-1
160,54,1284.39,519.28,34.78,74.18,0.2903,-1,-1,-1
161,48,376.51,538.64,30.11,79.29,0.4973,-1,-1,-1
161,51,1461.41,546.38,43.37,117.95,0.6507,-1,-1,-1
161,54,1283.55,517.79,31.62,75.89,0.3033,-1,-1,-1
162,48,371.15,539.57,31.26,78.41,0.5275,-1,-1,-1
162,51,1457.33,549.14,44.02,113.58,0.6775,-1,-1,-1
163,48,364.79,540.63,31.55,79.74,0.4651,-1,-1,-1
163,51,1451.13,549.72,46.44,113.46,0.6456,-1,-1,-1
164,48,360.41,540.18,32.25,80.07,0.5369,-1,-1,-1
164,51,1446.79,548.78,47.14,114.25,0.6254,-1,-1,-1
165,48,355.20,541.56,32.13,80.49,0.5052,-1,-1,-1
165,51,1439.36,547.95,50.37,115.55,0.6663,-1,-1,-1
166,48,350.23,543.10,30.01,79.50,0.5509,-1,-1,-1
166,51,1433.91,548.21,50.45,115.56,0.6799,-1,-1,-1
167,48,345.33,543.28,30.91,78.81,0.6245,-1,-1,-1
167,51,1431.60,545.02,47.04,117.20,0.6657,-1,-1,-1
168,48,339.13,543.08,32.96,79.41,0.5755,-1,-1,-1
168,51,1428.34,543.31,44.49,117.24,0.6645,-1,-1,-1
169,48,334.43,543.73,34.03,79.06,0.5618,-1,-1,-1
169,51,1424.95,543.94,42.53,117.48,0.6760,-1,-1,-1
170,48,330.48,543.18,32.20,78.94,0.5516,-1,-1,-1
170,51,1421.00,540.60,41.72,120.25,0.6736,-1,-1,-1
171,48,325.38,543.70,32.06,77.92,0.5628,-1,-1,-1
171,51,1415.39,539.47,43.84,123.27,0.5672,-1,-1,-1
172,48,320.77,541.94,31.56,78.12,0.5780,-1,-1,-1
172,51,1410.83,535.48,43.23,125.80,0.6205,-1,-1,-1
173,48,315.28,541.23,32.89,80.84,0.5740,-1,-1,-1
173,51,1406.12,532.79,43.81,128.48,0.5639,-1,-1,-1
174,48,310.99,542.79,34.19,79.40,0.6003,-1,-1,-1
174,51,1402.42,531.17,45.40,131.03,0.6381,-1,-1,-1
175,48,306.60,541.62,34.93,79.72,0.4852,-1,-1,-1
175,51,1393.07,531.84,52.61,131.44,0.6648,-1,-1,-1
176,48,302.01,542.07,34.36,80.59,0.5859,-1,-1,-1
176,51,1387.81,534.55,55.50,129.54,0.6771,-1,-1,-1
177,48,297.20,542.03,34.92,78.49,0.6512,-1,-1,-1
177,51,1384.41,534.30,56.37,130.40,0.7055,-1,-1,-1
178,48,293.25,542.40,34.38,80.92,0.6086,-1,-1,-1
178,51,1384.78,534.70,54.02,130.61,0.6721,-1,-1,-1
179,48,289.29,540.83,34.81,82.99,0.6119,-1,-1,-1
179,51,1385.29,535.90,50.75,129.50,0.6811,-1,-1,-1
180,48,284.45,543.52,35.91,81.93,0.5635,-1,-1,-1
180,51,1383.98,535.33,49.18,130.39,0.7042,-1,-1,-1
180,57,1608.23,543.46,38.65,128.57,0.4059,-1,-1,-1
181,48,280.76,543.43,35.75,83.24,0.5572,-1,-1,-1
181,51,1383.40,536.38,44.22,127.99,0.7125,-1,-1,-1
181,57,1601.00,544.77,49.37,128.31,0.3675,-1,-1,-1
182,48,275.46,543.86,35.44,83.42,0.5936,-1,-1,-1
182,51,1379.93,537.01,43.52,127.76,0.7279,-1,-1,-1
182,57,1602.57,545.83,48.12,127.51,0.4362,-1,-1,-1
183,48,271.91,544.54,34.09,84.80,0.6420,-1,-1,-1
183,51,1375.99,536.78,43.88,128.52,0.7396,-1,-1,-1
183,57,1606.79,549.58,44.27,124.58,0.4203,-1,-1,-1
184,48,267.10,546.32,34.46,84.35,0.6222,-1,-1,-1
184,51,1373.17,536.03,43.11,129.43,0.7635,-1,-1,-1
184,57,1608.80,545.72,42.15,128.45,0.4371,-1,-1,-1
185,48,262.52,547.83,34.94,83.54,0.5503,-1,-1,-1
185,51,1370.57,534.62,43.88,131.35,0.7474,-1,-1,-1
185,57,1608.57,543.73,41.93,131.20,0.4620,-1,-1,-1
186,48,259.05,547.45,35.40,84.66,0.5217,-1,-1,-1
186,51,1369.20,534.22,42.64,132.37,0.7193,-1,-1,-1
186,57,1607.27,545.01,43.67,128.75,0.3667,-1,-1,-1
187,48,254.73,548.59,34.99,85.64,0.5683,-1,-1,-1
187,51,1366.72,533.67,42.57,133.12,0.7056,-1,-1,-1
187,57,1599.36,542.92,51.12,131.78,0.3344,-1,-1,-1
188,48,250.26,549.83,34.96,86.24,0.5665,-1,-1,-1
188,51,1364.52,534.16,43.64,134.27,0.6751,-1,-1,-1
188,57,1595.68,546.26,56.16,130.82,0.4386,-1,-1,-1
189,48,246.48,550.21,34.75,89.17,0.5171,-1,-1,-1
189,51,1359.29,532.56,48.09,137.35,0.6421,-1,-1,-1
189,57,1594.90,545.11,58.50,132.75,0.4638,-1,-1,-1
190,48,241.83,549.70,36.31,90.45,0.5530,-1,-1,-1
190,51,1356.29,533.62,50.14,136.08,0.6760,-1,-1,-1
190,57,1594.35,541.70,60.57,135.79,0.5144,-1,-1,-1
191,48,238.22,553.10,36.47,88.30,0.5021,-1,-1,-1
191,51,1353.59,534.57,51.74,135.32,0.6666,-1,-1,-1
191,57,1595.11,540.05,62.72,137.05,0.5098,-1,-1,-1
192,48,234.19,552.95,37.89,88.04,0.5348,-1,-1,-1
192,51,1351.59,539.74,51.52,129.58,0.6266,-1,-1,-1
192,57,1601.96,540.24,55.61,135.01,0.4890,-1,-1,-1
193,48,228.73,555.82,38.36,86.68,0.6063,-1,-1,-1
193,51,1349.74,540.86,51.81,130.03,0.6606,-1,-1,-1
193,57,1603.07,539.57,56.47,135.90,0.5490,-1,-1,-1
194,48,225.29,559.14,36.11,85.56,0.5891,-1,-1,-1
194,51,1347.98,541.96,50.15,128.69,0.6727,-1,-1,-1
194,57,1606.11,547.39,55.79,128.12,0.5193,-1,-1,-1
195,48,222.25,559.78,34.82,84.57,0.5120,-1,-1,-1
195,51,1345.93,541.38,49.31,129.66,0.6872,-1,-1,-1
195,57,1604.25,547.58,59.06,127.88,0.5453,-1,-1,-1
196,48,218.50,561.08,35.12,86.33,0.4655,-1,-1,-1
196,51,1345.51,542.16,47.28,130.85,0.6782,-1,-1,-1
196,57,1607.02,548.34,58.01,127.33,0.5431,-1,-1,-1
197,48,214.15,561.74,35.70,86.39,0.4676,-1,-1,-1
197,51,1345.19,541.41,45.45,131.81,0.6287,-1,-1,-1
197,57,1610.74,549.17,54.38,125.63,0.4584,-1,-1,-1
198,48,211.30,562.64,34.47,85.84,0.5394,-1,-1,-1
198,51,1345.06,542.66,43.58,128.67,0.4941,-1,-1,-1
198,57,1617.17,551.45,49.15,122.92,0.5008,-1,-1,-1
199,48,207.23,562.73,34.92,86.65,0.5184,-1,-1,-1
199,51,1344.10,543.65,43.55,126.76,0.6219,-1,-1,-1
199,57,1620.96,553.70,45.73,121.05,0.5726,-1,-1,-1
200,48,202.51,563.72,37.05,88.44,0.4720,-1,-1,-1
200,51,1342.56,544.83,44.63,126.60,0.6269,-1,-1,-1
200,57,1621.39,555.11,45.71,119.92,0.5282,-1,-1,-1
201,48,200.25,563.81,35.22,89.14,0.4731,-1,-1,-1
201,51,1341.37,547.69,44.77,124.02,0.6504,-1,-1,-1
201,57,1619.79,553.92,49.57,121.68,0.6186,-1,-1,-1
202,48,194.66,563.60,36.96,91.59,0.6060,-1,-1,-1
202,51,1339.66,548.73,45.48,124.45,0.6760,-1,-1,-1
202,57,1621.28,553.96,50.85,123.00,0.6072,-1,-1,-1
203,48,189.83,564.04,39.82,92.23,0.5572,-1,-1,-1
203,51,1337.29,551.37,47.33,120.87,0.7054,-1,-1,-1
203,57,1624.09,553.94,49.79,124.16,0.5663,-1,-1,-1
204,48,187.01,565.65,39.66,91.83,0.5611,-1,-1,-1
204,51,1336.22,551.30,47.86,121.25,0.7168,-1,-1,-1
204,57,1630.02,553.07,47.51,123.34,0.6132,-1,-1,-1
205,48,182.70,566.66,38.45,91.18,0.5734,-1,-1,-1
205,51,1335.13,547.85,47.68,124.61,0.7262,-1,-1,-1
205,57,1631.45,554.48,47.31,120.80,0.6108,-1,-1,-1
206,48,178.03,567.64,39.52,90.72,0.5750,-1,-1,-1
206,51,1335.07,547.97,47.30,125.22,0.7375,-1,-1,-1
206,57,1628.37,555.15,52.56,122.39,0.5102,-1,-1,-1
207,48,173.16,570.07,39.41,92.12,0.5727,-1,-1,-1
207,51,1334.18,549.28,47.08,126.38,0.7599,-1,-1,-1
207,57,1627.70,557.15,55.69,122.62,0.4882,-1,-1,-1
208,48,168.75,570.51,39.03,92.40,0.5597,-1,-1,-1
208,51,1332.83,547.93,48.67,128.82,0.7476,-1,-1,-1
208,57,1641.28,557.30,45.50,122.15,0.4168,-1,-1,-1
209,48,165.47,569.70,39.15,93.01,0.5244,-1,-1,-1
209,51,1331.42,545.36,49.38,132.12,0.7468,-1,-1,-1
209,57,1646.25,558.38,43.35,123.04,0.6145,-1,-1,-1
210,48,162.55,570.78,37.86,93.35,0.4562,-1,-1,-1
210,51,1330.39,543.25,49.06,134.35,0.7451,-1,-1,-1
210,57,1647.73,559.87,45.33,123.47,0.5736,-1,-1,-1
211,48,158.82,571.20,40.93,94.90,0.5729,-1,-1,-1
211,51,1330.01,545.20,47.83,133.76,0.7634,-1,-1,-1
211,57,1653.62,566.07,43.57,119.71,0.5294,-1,-1,-1
212,48,155.82,570.66,40.81,95.38,0.6043,-1,-1,-1
212,51,1328.57,546.31,48.76,132.36,0.7384,-1,-1,-1
212,57,1657.87,560.56,46.06,126.30,0.5279,-1,-1,-1
213,48,153.41,571.85,40.76,95.25,0.5520,-1,-1,-1
213,51,1328.88,548.40,49.10,131.70,0.7349,-1,-1,-1
213,57,1651.98,561.46,57.75,128.52,0.4822,-1,-1,-1
214,48,150.86,573.90,40.97,94.56,0.5940,-1,-1,-1
214,51,1329.88,547.38,49.27,133.43,0.6758,-1,-1,-1
214,57,1653.98,560.17,60.31,128.38,0.5138,-1,-1,-1
215,48,149.02,571.26,40.09,95.06,0.5921,-1,-1,-1
215,51,1330.36,547.96,49.50,134.90,0.6779,-1,-1,-1
215,57,1667.07,559.69,51.74,129.75,0.5430,-1,-1,-1
216,48,147.14,574.07,37.51,93.03,0.4255,-1,-1,-1
216,51,1331.81,550.16,48.68,134.96,0.6688,-1,-1,-1
216,57,1675.11,562.51,47.22,126.36,0.6053,-1,-1,-1
217,48,143.62,572.98,36.61,94.81,0.4763,-1,-1,-1
217,51,1332.88,550.25,48.71,135.54,0.7016,-1,-1,-1
217,57,1681.01,561.47,45.75,124.88,0.4833,-1,-1,-1
218,48,140.37,573.23,37.44,94.36,0.4900,-1,-1,-1
218,51,1335.13,549.11,47.70,135.56,0.7459,-1,-1,-1
218,57,1677.23,561.30,60.17,127.27,0.4898,-1,-1,-1
218,61,-0.63,578.17,20.12,84.23,0.4192,-1,-1,-1
219,48,139.82,572.82,38.33,94.90,0.4866,-1,-1,-1
219,51,1337.18,549.90,47.19,136.30,0.7612,-1,-1,-1
219,57,1689.68,561.37,53.15,126.31,0.5403,-1,-1,-1
219,61,-0.62,579.18,18.36,84.66,0.3333,-1,-1,-1
219,62,23.08,580.96,34.96,84.95,0.4329,-1,-1,-1
220,48,138.06,575.79,38.45,95.13,0.4593,-1,-1,-1
220,51,1338.95,548.69,48.14,138.33,0.7630,-1,-1,-1
220,57,1695.88,562.62,51.81,124.80,0.5393,-1,-1,-1
220,62,16.41,580.55,38.41,90.62,0.5607,-1,-1,-1
221,48,134.21,574.05,39.35,96.70,0.4648,-1,-1,-1
221,51,1342.05,547.99,47.66,141.10,0.7530,-1,-1,-1
221,57,1704.25,565.76,46.99,123.13,0.5218,-1,-1,-1
221,62,11.77,579.93,40.32,88.40,0.5352,-1,-1,-1
222,48,130.88,573.82,40.04,98.46,0.4811,-1,-1,-1
222,51,1345.70,545.62,45.63,140.12,0.7574,-1,-1,-1
222,57,1701.26,560.62,60.96,127.15,0.5042,-1,-1,-1
222,62,10.56,580.07,40.07,89.32,0.5540,-1,-1,-1
223,48,129.19,574.11,39.51,98.27,0.5015,-1,-1,-1
223,51,1347.42,546.69,46.51,140.04,0.7559,-1,-1,-1
223,57,1714.73,563.10,52.61,126.19,0.5342,-1,-1,-1
223,62,9.42,579.55,38.27,89.66,0.4602,-1,-1,-1
224,48,128.39,577.55,40.64,97.09,0.4726,-1,-1,-1
224,51,1348.93,544.18,47.30,141.24,0.7571,-1,-1,-1
224,57,1721.46,560.92,50.53,126.04,0.4781,-1,-1,-1
224,62,8.07,587.48,36.71,85.75,0.2195,-1,-1,-1
225,48,127.40,577.58,40.43,97.24,0.4996,-1,-1,-1
225,51,1350.97,545.57,48.02,139.22,0.7482,-1,-1,-1
225,57,1728.69,556.75,54.29,129.17,0.5434,-1,-1,-1
225,62,3.59,591.22,35.15,82.36,0.1935,-1,-1,-1
226,48,125.84,584.99,42.05,94.31,0.4237,-1,-1,-1
226,51,1352.52,546.67,48.12,137.67,0.7012,-1,-1,-1
226,57,1731.99,556.91,58.67,126.81,0.5115,-1,-1,-1
226,62,0.35,598.42,34.40,81.06,0.3553,-1,-1,-1
227,48,121.93,584.93,40.93,95.61,0.3098,-1,-1,-1
227,51,1354.43,547.26,48.90,139.30,0.7486,-1,-1,-1
227,57,1743.32,558.53,52.68,126.40,0.5243,-1,-1,-1
227,62,-0.38,596.35,32.51,83.21,0.3346,-1,-1,-1
228,48,118.75,586.45,38.75,96.06,0.3367,-1,-1,-1
228,51,1356.55,548.25,48.50,141.51,0.7463,-1,-1,-1
228,57,1750.99,554.56,53.99,128.70,0.5442,-1,-1,-1
228,62,-0.80,592.23,31.70,89.07,0.3092,-1,-1,-1
229,48,117.16,586.43,37.10,96.41,0.4061,-1,-1,-1
229,51,1358.60,548.17,48.38,141.28,0.7455,-1,-1,-1
229,57,1753.80,557.18,58.93,128.10,0.5033,-1,-1,-1
229,62,-0.65,591.61,30.09,90.20,0.2353,-1,-1,-1
230,48,116.88,587.09,34.74,97.17,0.3001,-1,-1,-1
230,51,1361.86,548.93,48.42,140.69,0.7489,-1,-1,-1
230,57,1763.84,555.39,55.58,127.39,0.5398,-1,-1,-1
230,62,-0.40,591.62,23.49,90.73,0.2030,-1,-1,-1
231,48,115.92,587.58,35.30,97.32,0.3338,-1,-1,-1
231,51,1363.96,551.90,49.36,138.80,0.7345,-1,-1,-1
231,57,1774.55,554.47,56.22,130.35,0.5593,-1,-1,-1
231,62,-0.38,592.10,21.23,88.67,0.2398,-1,-1,-1
232,48,113.20,589.94,37.47,96.39,0.2759,-1,-1,-1
232,51,1366.62,552.33,48.60,138.52,0.7347,-1,-1,-1
232,57,1778.24,553.22,62.19,131.36,0.5191,-1,-1,-1
232,62,-0.19,600.17,22.60,81.76,0.2917,-1,-1,-1
233,48,111.94,589.41,38.67,96.81,0.2293,-1,-1,-1
233,51,1368.63,551.37,48.80,140.80,0.7660,-1,-1,-1
233,57,1789.62,556.29,59.25,128.93,0.5367,-1,-1,-1
233,62,0.01,603.07,21.76,78.43,0.2328,-1,-1,-1
234,48,109.18,590.27,39.66,96.95,0.3431,-1,-1,-1
234,51,1371.01,552.81,48.57,138.73,0.7043,-1,-1,-1
234,57,1793.65,558.77,64.37,128.98,0.4539,-1,-1,-1
235,48,107.44,586.93,37.91,99.04,0.2827,-1,-1,-1
235,51,1374.59,553.70,48.66,136.98,0.6641,-1,-1,-1
235,57,1807.00,559.26,59.39,128.98,0.4602,-1,-1,-1
236,48,105.84,586.44,38.11,100.77,0.2910,-1,-1,-1
236,51,1377.87,552.82,51.24,136.80,0.7032,-1,-1,-1
236,57,1822.65,553.71,56.83,126.10,0.5274,-1,-1,-1
237,48,104.95,582.78,38.83,103.34,0.3075,-1,-1,-1
237,51,1380.26,551.85,53.72,137.23,0.6999,-1,-1,-1
237,57,1834.35,549.57,57.45,126.43,0.5038,-1,-1,-1
238,48,104.87,582.51,40.94,104.33,0.3776,-1,-1,-1
238,51,1384.55,553.00,51.48,136.78,0.7135,-1,-1,-1
238,57,1845.72,546.87,57.89,134.81,0.5074,-1,-1,-1
239,48,104.41,579.00,43.92,105.42,0.3820,-1,-1,-1
239,51,1387.32,554.43,51.72,135.18,0.6843,-1,-1,-1
239,57,1850.56,544.96,63.04,139.85,0.4656,-1,-1,-1
240,48,103.89,578.07,44.73,105.95,0.3987,-1,-1,-1
240,51,1390.67,550.89,50.53,140.57,0.7219,-1,-1,-1
240,57,1863.34,543.19,57.71,134.66,0.4519,-1,-1,-1
241,48,103.47,576.59,43.58,107.74,0.4283,-1,-1,-1
241,51,1396.20,548.72,48.91,144.40,0.7554,-1,-1,-1
241,57,1871.80,545.94,52.07,136.71,0.4772,-1,-1,-1
242,48,104.16,577.70,43.69,106.94,0.4134,-1,-1,-1
242,51,1400.94,548.27,48.73,145.87,0.6746,-1,-1,-1
242,57,1882.88,552.28,40.84,118.50,0.2196,-1,-1,-1
243,48,104.47,576.29,45.58,108.43,0.4094,-1,-1,-1
243,51,1405.32,550.28,47.97,143.48,0.6905,-1,-1,-1
243,57,1893.82,563.20,28.88,104.93,0.2039,-1,-1,-1
244,48,104.06,576.37,44.34,108.31,0.3630,-1,-1,-1
244,51,1410.52,553.86,48.04,139.96,0.7145,-1,-1,-1
245,48,105.25,577.05,43.70,109.29,0.3808,-1,-1,-1
245,51,1416.87,555.89,46.57,139.26,0.7656,-1,-1,-1
246,48,105.31,577.14,41.83,109.96,0.3632,-1,-1,-1
246,51,1422.71,554.88,46.59,140.87,0.7619,-1,-1,-1
247,48,104.70,579.28,41.68,110.05,0.4199,-1,-1,-1
247,51,1427.82,555.54,46.87,141.18,0.7415,-1,-1,-1
247,68,1318.11,582.19,45.98,133.74,0.4755,-1,-1,-1
248,48,105.08,581.41,40.59,109.04,0.3860,-1,-1,-1
248,51,1434.12,556.28,47.17,141.68,0.7563,-1,-1,-1
248,68,1327.59,583.29,47.35,132.02,0.3798,-1,-1,-1
249,48,105.56,584.03,42.41,109.29,0.4062,-1,-1,-1
249,51,1440.47,554.63,46.71,144.94,0.7947,-1,-1,-1
249,68,1334.66,582.13,48.82,132.59,0.3824,-1,-1,-1
250,48,106.08,586.25,43.51,108.46,0.4543,-1,-1,-1
250,51,1446.58,549.47,47.62,148.83,0.7215,-1,-1,-1
250,68,1340.22,581.18,48.03,131.08,0.3010,-1,-1,-1
251,48,107.19,587.30,42.62,108.46,0.3930,-1,-1,-1
251,51,1455.14,545.56,44.37,155.74,0.7527,-1,-1,-1
251,68,1353.06,582.32,46.74,130.52,0.2776,-1,-1,-1
252,48,110.19,588.75,38.22,105.10,0.3085,-1,-1,-1
252,51,1461.43,547.60,44.93,152.41,0.7407,-1,-1,-1
253,48,115.22,591.34,38.70,105.26,0.4488,-1,-1,-1
253,51,1468.83,541.82,45.09,156.74,0.7454,-1,-1,-1
254,48,118.85,591.28,38.61,105.76,0.4648,-1,-1,-1
254,51,1473.93,539.27,46.14,158.37,0.7032,-1,-1,-1
255,48,119.81,593.88,40.56,107.75,0.3865,-1,-1,-1
255,51,1481.31,536.10,45.09,157.22,0.7115,-1,-1,-1
256,48,123.33,593.93,40.98,110.81,0.4107,-1,-1,-1
256,51,1489.26,538.05,46.35,156.51,0.7261,-1,-1,-1
257,48,127.98,595.19,45.25,110.03,0.3282,-1,-1,-1
257,51,1498.01,537.43,45.15,154.16,0.7086,-1,-1,-1
258,48,131.55,596.47,45.22,109.77,0.3460,-1,-1,-1
258,51,1506.15,543.19,45.86,151.24,0.6423,-1,-1,-1
259,48,132.83,595.05,43.74,111.10,0.3763,-1,-1,-1
259,51,1512.97,549.63,49.42,145.95,0.5942,-1,-1,-1
259,69,0.57,610.38,25.85,95.15,0.4729,-1,-1,-1
260,48,133.22,598.84,42.62,109.42,0.3195,-1,-1,-1
260,51,1513.95,551.06,60.61,147.12,0.6700,-1,-1,-1
260,69,0.79,612.12,29.03,94.57,0.4134,-1,-1,-1
261,48,135.58,600.96,42.29,108.06,0.3940,-1,-1,-1
261,51,1520.98,553.35,64.49,145.47,0.5772,-1,-1,-1
261,69,0.20,612.12,31.18,96.42,0.5003,-1,-1,-1
262,48,140.17,601.15,37.80,108.03,0.4579,-1,-1,-1
262,51,1523.02,562.29,73.79,136.09,0.4399,-1,-1,-1
262,69,0.40,610.98,29.99,97.25,0.4987,-1,-1,-1
263,48,141.84,602.20,39.03,106.88,0.3136,-1,-1,-1
263,69,-0.11,612.31,32.44,95.49,0.4670,-1,-1,-1
264,48,144.64,601.38,41.11,107.59,0.2678,-1,-1,-1
264,69,0.13,612.01,33.47,96.47,0.5160,-1,-1,-1
265,48,147.00,600.57,44.22,109.35,0.3720,-1,-1,-1
265,69,-0.34,614.57,33.96,93.70,0.4634,-1,-1,-1
266,48,149.46,600.61,44.21,109.32,0.2735,-1,-1,-1
266,69,0.26,613.84,37.53,94.03,0.4622,-1,-1,-1
266,73,997.01,512.92,29.39,85.21,0.4400,-1,-1,-1
266,51,1573.74,574.70,65.30,136.53,0.4050,-1,-1,-1
267,48,151.19,600.16,44.41,111.38,0.4012,-1,-1,-1
267,69,-0.12,613.68,41.19,94.70,0.4952,-1,-1,-1
267,73,1003.83,517.38,27.15,80.67,0.3559,-1,-1,-1
268,48,154.27,600.23,44.36,111.38,0.2465,-1,-1,-1
268,69,2.28,612.57,42.44,98.34,0.4669,-1,-1,-1
268,73,1008.69,517.64,28.49,81.89,0.3298,-1,-1,-1
268,75,1050.40,510.91,36.82,99.22,0.4424,-1,-1,-1
269,48,155.04,598.88,44.04,112.97,0.3900,-1,-1,-1
269,69,3.79,610.56,44.60,99.88,0.4941,-1,-1,-1
269,73,1012.85,516.82,31.29,82.96,0.3597,-1,-1,-1
269,75,1058.66,507.72,40.61,99.94,0.4782,-1,-1,-1
270,48,157.22,594.92,43.19,114.02,0.3388,-1,-1,-1
270,69,5.94,608.45,46.39,99.22,0.4638,-1,-1,-1
270,73,1021.62,510.70,28.94,86.39,0.3826,-1,-1,-1
270,75,1065.54,504.68,38.94,96.66,0.4242,-1,-1,-1
271,48,161.47,595.18,42.39,112.50,0.4300,-1,-1,-1
271,69,10.48,609.55,44.22,97.18,0.5401,-1,-1,-1
271,73,1026.12,510.64,28.41,86.32,0.3099,-1,-1,-1
271,75,1070.02,505.56,37.90,96.70,0.4248,-1,-1,-1
271,77,1584.88,592.46,53.60,187.54,0.4671,-1,-1,-1
272,48,164.04,593.73,41.98,112.52,0.2732,-1,-1,-1
272,69,11.78,605.65,44.10,99.65,0.5136,-1,-1,-1
272,73,1032.31,514.78,27.22,80.80,0.3013,-1,-1,-1
272,75,1075.13,508.45,36.64,97.38,0.3742,-1,-1,-1
273,48,167.29,592.21,45.97,115.04,0.3811,-1,-1,-1
273,69,13.37,606.36,45.03,100.43,0.5934,-1,-1,-1
273,73,1036.16,514.49,31.13,81.88,0.2420,-1,-1,-1
273,75,1079.96,507.77,42.20,99.37,0.3646,-1,-1,-1
274,48,167.52,590.14,47.37,115.33,0.2278,-1,-1,-1
274,69,13.82,601.34,44.34,102.52,0.4457,-1,-1,-1
274,73,1046.93,510.34,26.58,85.76,0.3053,-1,-1,-1
274,75,1088.37,506.70,41.20,95.86,0.4817,-1,-1,-1
274,78,1064.71,506.42,24.08,91.69,0.3775,-1,-1,-1
275,48,172.31,591.42,45.84,115.97,0.2946,-1,-1,-1
275,69,15.27,598.88,47.06,106.31,0.6148,-1,-1,-1
275,73,1050.35,510.76,28.90,86.27,0.3621,-1,-1,-1
275,75,1094.83,507.11,37.45,96.22,0.3928,-1,-1,-1
275,78,1078.88,508.26,29.62,92.93,0.1745,-1,-1,-1
275,77,1639.20,581.35,84.42,224.60,0.4294,-1,-1,-1
276,48,174.42,590.59,45.68,116.90,0.4253,-1,-1,-1
276,69,16.85,599.94,47.78,105.37,0.6282,-1,-1,-1
276,73,1055.41,511.35,29.54,86.96,0.2824,-1,-1,-1
276,75,1100.66,506.88,35.40,96.76,0.3071,-1,-1,-1
276,77,1655.30,580.74,81.91,234.46,0.6507,-1,-1,-1
277,48,177.04,589.95,44.75,117.52,0.3449,-1,-1,-1
277,69,19.12,598.43,47.83,107.02,0.6057,-1,-1,-1
277,73,1058.58,505.78,32.89,91.36,0.3837,-1,-1,-1
277,75,1103.37,503.74,38.09,98.92,0.3159,-1,-1,-1
277,77,1670.07,588.32,82.02,231.77,0.5054,-1,-1,-1
278,48,177.11,591.15,46.35,118.60,0.3738,-1,-1,-1
278,69,20.82,598.65,48.13,108.85,0.5957,-1,-1,-1
278,73,1070.80,505.62,28.18,93.36,0.3920,-1,-1,-1
278,75,1109.35,505.80,40.98,96.76,0.3403,-1,-1,-1
278,77,1682.55,594.25,85.12,230.74,0.4524,-1,-1,-1
278,79,1176.57,515.74,31.21,95.95,0.3977,-1,-1,-1
279,48,178.93,591.34,46.57,118.79,0.4372,-1,-1,-1
279,69,23.34,598.21,48.51,109.80,0.6058,-1,-1,-1
279,73,1072.78,508.66,30.35,91.17,0.4360,-1,-1,-1
279,75,1116.67,517.24,36.34,84.99,0.3125,-1,-1,-1
279,77,1695.42,595.20,88.87,235.69,0.5989,-1,-1,-1
279,78,1146.97,523.18,21.84,79.26,0.3447,-1,-1,-1
280,48,180.75,598.43,45.30,114.05,0.4653,-1,-1,-1
280,69,24.60,600.28,48.85,111.47,0.6288,-1,-1,-1
280,73,1075.50,508.25,31.04,89.62,0.2941,-1,-1,-1
280,75,1117.50,522.83,34.79,80.78,0.2121,-1,-1,-1
280,77,1716.86,600.56,86.56,238.52,0.2909,-1,-1,-1
281,48,184.43,599.51,45.18,114.98,0.4187,-1,-1,-1
281,69,25.52,601.69,50.49,112.56,0.6284,-1,-1,-1
281,73,1081.68,510.23,31.59,81.03,0.1574,-1,-1,-1
281,75,1123.36,510.57,38.30,92.83,0.3445,-1,-1,-1
281,77,1725.34,606.25,101.53,237.21,0.5494,-1,-1,-1
282,48,187.28,598.88,47.37,116.58,0.4732,-1,-1,-1
282,69,28.36,604.14,49.73,111.19,0.6184,-1,-1,-1
282,75,1124.51,508.96,42.15,94.79,0.2782,-1,-1,-1
282,77,1734.20,609.64,114.81,238.17,0.6279,-1,-1,-1
283,48,188.87,600.01,50.68,117.74,0.4688,-1,-1,-1
283,69,30.44,608.87,48.76,109.04,0.6024,-1,-1,-1
283,75,1138.25,518.78,31.65,84.84,0.2347,-1,-1,-1
283,77,1769.56,609.12,102.72,242.29,0.6220,-1,-1,-1
284,48,192.06,601.42,49.27,117.88,0.3819,-1,-1,-1
284,69,32.85,610.23,48.33,109.67,0.6395,-1,-1,-1
284,75,1146.27,511.66,33.12,90.67,0.2770,-1,-1,-1
284,77,1795.11,609.45,102.71,245.66,0.7479,-1,-1,-1
284,83,1755.54,549.92,57.30,183.16,0.6230,-1,-1,-1
284,84,1293.42,535.07,41.63,121.71,0.3894,-1,-1,-1
285,48,194.80,601.41,50.91,119.56,0.4402,-1,-1,-1
285,69,35.41,611.84,47.37,110.09,0.6391,-1,-1,-1
285,75,1150.63,505.64,36.09,95.67,0.2091,-1,-1,-1
285,77,1821.13,611.61,96.73,247.30,0.8109,-1,-1,-1
285,83,1767.99,550.03,59.89,183.33,0.6449,-1,-1,-1
285,84,1301.14,536.78,47.49,118.56,0.4238,-1,-1,-1
285,79,1254.82,536.25,44.19,122.63,0.3726,-1,-1,-1
286,48,197.45,601.60,51.89,121.18,0.4214,-1,-1,-1
286,69,36.65,612.97,47.84,111.45,0.6466,-1,-1,-1
286,75,1147.82,509.51,42.52,90.51,0.2208,-1,-1,-1
286,77,1842.31,610.83,83.49,251.79,0.7457,-1,-1,-1
286,83,1779.75,546.97,62.09,188.65,0.7140,-1,-1,-1
286,84,1312.45,535.95,44.53,118.08,0.3431,-1,-1,-1
286,79,1266.09,541.58,40.17,112.26,0.2253,-1,-1,-1
287,48,199.32,605.33,51.81,120.53,0.4338,-1,-1,-1
287,69,37.20,613.75,49.15,112.39,0.6325,-1,-1,-1
287,77,1864.41,614.48,63.10,252.59,0.7013,-1,-1,-1
287,83,1796.29,547.92,62.03,191.36,0.7024,-1,-1,-1
287,84,1327.09,534.95,38.53,121.14,0.2514,-1,-1,-1
287,79,1264.39,542.13,49.65,120.17,0.1903,-1,-1,-1
288,48,200.93,605.26,47.87,122.10,0.4925,-1,-1,-1
288,69,38.35,614.58,50.88,112.36,0.6128,-1,-1,-1
288,77,1887.82,639.90,38.37,227.84,0.5867,-1,-1,-1
288,83,1807.36,547.09,68.17,194.75,0.6720,-1,-1,-1
288,84,1334.94,532.23,36.82,122.60,0.3045,-1,-1,-1
289,48,201.59,607.28,42.90,120.84,0.3892,-1,-1,-1
289,69,38.53,615.13,51.24,113.85,0.5701,-1,-1,-1
289,83,1821.70,545.21,67.19,198.04,0.7279,-1,-1,-1
290,48,203.31,605.89,45.87,122.90,0.4326,-1,-1,-1
290,69,40.23,613.13,52.41,116.04,0.6095,-1,-1,-1
290,83,1835.89,543.56,71.91,199.91,0.7608,-1,-1,-1
291,48,208.53,608.40,49.35,121.72,0.2532,-1,-1,-1
291,69,42.45,614.19,54.24,118.42,0.6154,-1,-1,-1
291,83,1851.78,539.81,65.03,204.24,0.7580,-1,-1,-1
292,48,209.95,609.08,53.68,123.59,0.3702,-1,-1,-1
292,69,43.17,613.40,54.48,121.51,0.6634,-1,-1,-1
292,83,1865.13,540.30,60.67,206.10,0.7129,-1,-1,-1
292,85,1212.58,519.94,46.84,80.42,0.3506,-1,-1,-1
293,48,214.08,611.57,51.46,124.00,0.4318,-1,-1,-1
293,69,44.84,615.15,54.02,123.19,0.6505,-1,-1,-1
293,83,1880.60,540.70,47.48,208.71,0.6245,-1,-1,-1
294,48,215.74,612.04,50.32,124.47,0.4653,-1,-1,-1
294,69,45.90,618.57,54.23,121.64,0.6006,-1,-1,-1
295,48,214.64,614.05,45.23,123.52,0.4390,-1,-1,-1
295,69,46.15,620.31,55.89,120.21,0.6146,-1,-1,-1
296,48,215.48,613.70,46.16,124.40,0.4414,-1,-1,-1
296,69,48.57,620.46,57.08,119.16,0.5636,-1,-1,-1
297,48,221.61,614.28,45.09,124.14,0.3727,-1,-1,-1
297,69,49.81,620.73,57.63,119.89,0.6097,-1,-1,-1
297,87,1382.89,555.44,40.11,109.19,0.4548,-1,-1,-1
298,48,225.29,611.82,46.35,126.22,0.4187,-1,-1,-1
298,69,50.89,620.49,57.38,119.92,0.6086,-1,-1,-1
298,87,1389.76,546.89,41.92,118.74,0.4222,-1,-1,-1
298,88,1351.85,534.52,43.17,137.62,0.4129,-1,-1,-1
299,48,227.72,614.50,45.69,124.37,0.4655,-1,-1,-1
299,69,51.26,621.94,57.18,119.20,0.6152,-1,-1,-1
299,87,1397.18,560.01,42.21,110.81,0.3229,-1,-1,-1
299,88,1354.86,533.64,49.95,146.94,0.3325,-1,-1,-1
300,48,229.30,614.63,47.94,125.33,0.4989,-1,-1,-1
300,69,50.84,620.42,57.84,122.36,0.5872,-1,-1,-1
300,87,1400.40,554.72,49.30,120.51,0.3041,-1,-1,-1
301,48,229.77,616.15,49.74,125.99,0.4829,-1,-1,-1
301,69,50.69,623.23,56.39,122.49,0.5049,-1,-1,-1
301,87,1406.00,566.48,50.11,120.21,0.2951,-1,-1,-1
302,48,229.59,614.36,50.08,128.46,0.4959,-1,-1,-1
302,69,50.25,622.54,57.33,123.65,0.4929,-1,-1,-1
303,48,228.62,620.80,50.52,127.46,0.4472,-1,-1,-1
303,69,47.72,627.69,56.45,123.79,0.4655,-1,-1,-1
303,91,1292.53,525.71,35.35,93.92,0.3425,-1,-1,-1
304,48,229.11,621.73,50.07,127.06,0.5154,-1,-1,-1
304,69,47.73,627.36,55.68,123.69,0.4486,-1,-1,-1
304,91,1306.11,528.80,40.05,99.28,0.2719,-1,-1,-1
305,48,228.44,627.58,50.86,125.63,0.4849,-1,-1,-1
305,69,49.13,634.78,57.71,119.51,0.4616,-1,-1,-1
305,91,1309.29,531.93,38.59,96.74,0.3244,-1,-1,-1
306,48,229.72,627.46,50.16,126.26,0.4852,-1,-1,-1
306,69,48.31,635.54,57.51,117.86,0.4343,-1,-1,-1
307,48,229.41,627.11,50.16,127.85,0.4915,-1,-1,-1
307,69,46.66,635.02,59.02,120.53,0.4813,-1,-1,-1
307,91,1337.37,529.94,42.34,106.31,0.4427,-1,-1,-1
308,48,228.34,630.61,48.66,130.33,0.4623,-1,-1,-1
308,69,45.29,638.93,61.05,125.04,0.5550,-1,-1,-1
308,91,1344.85,528.01,41.18,109.62,0.3951,-1,-1,-1
309,48,227.50,627.55,47.56,132.57,0.4384,-1,-1,-1
309,69,44.91,636.37,60.95,126.38,0.6167,-1,-1,-1
309,91,1355.65,530.93,38.26,109.17,0.2696,-1,-1,-1
310,48,226.28,630.40,49.11,132.84,0.4362,-1,-1,-1
310,69,43.73,638.92,61.36,126.56,0.5962,-1,-1,-1
310,91,1364.60,532.71,35.17,107.71,0.2340,-1,-1,-1
311,48,228.21,631.66,52.38,132.90,0.3684,-1,-1,-1
311,69,41.59,641.05,62.90,126.80,0.6294,-1,-1,-1
311,91,1365.42,529.77,39.83,114.65,0.3286,-1,-1,-1
312,48,226.92,630.53,52.61,133.50,0.3835,-1,-1,-1
312,69,40.33,640.89,62.43,126.62,0.5805,-1,-1,-1
313,48,228.20,635.22,55.07,133.18,0.3626,-1,-1,-1
313,69,39.10,643.31,63.58,128.68,0.6417,-1,-1,-1
314,48,228.02,637.82,52.39,134.27,0.3737,-1,-1,-1
314,69,37.95,645.09,61.99,128.75,0.5445,-1,-1,-1
315,48,228.09,636.81,51.26,136.14,0.4026,-1,-1,-1
315,69,37.26,644.38,60.51,129.07,0.5444,-1,-1,-1
316,48,226.99,637.50,50.63,136.88,0.3841,-1,-1,-1
316,69,35.35,645.31,58.63,129.89,0.4180,-1,-1,-1
316,95,1392.80,576.85,48.28,151.28,0.4469,-1,-1,-1
317,48,226.58,638.15,50.69,137.07,0.4156,-1,-1,-1
317,69,34.84,645.80,56.41,130.76,0.4005,-1,-1,-1
317,95,1395.96,553.80,55.58,182.68,0.4402,-1,-1,-1
318,48,226.48,639.77,48.53,136.15,0.3963,-1,-1,-1
318,69,34.31,647.07,56.07,131.34,0.4664,-1,-1,-1
318,95,1398.68,554.13,60.54,186.37,0.4635,-1,-1,-1
319,48,226.68,641.08,50.78,136.06,0.3741,-1,-1,-1
319,69,33.15,648.23,55.02,131.48,0.4426,-1,-1,-1
319,95,1400.49,576.48,59.39,167.18,0.4033,-1,-1,-1
319,87,1520.07,587.87,48.54,139.23,0.3923,-1,-1,-1
320,48,225.87,641.03,52.02,138.07,0.4204,-1,-1,-1
320,69,29.90,648.01,57.45,133.48,0.4507,-1,-1,-1
320,95,1403.18,587.96,58.21,157.16,0.2551,-1,-1,-1
320,87,1525.30,590.08,48.06,134.67,0.4289,-1,-1,-1
321,48,224.92,639.97,53.15,140.15,0.4284,-1,-1,-1
321,69,27.03,648.35,59.62,135.31,0.5101,-1,-1,-1
321,95,1404.00,597.87,59.61,147.96,0.3543,-1,-1,-1
321,87,1531.24,594.36,47.55,130.08,0.4019,-1,-1,-1
322,48,223.98,638.34,53.68,142.16,0.4619,-1,-1,-1
322,69,24.52,648.37,60.20,136.23,0.4727,-1,-1,-1
322,95,1404.87,605.82,62.48,141.45,0.3369,-1,-1,-1
322,87,1534.75,589.44,54.69,136.79,0.5026,-1,-1,-1
323,48,222.88,636.21,54.52,145.06,0.3652,-1,-1,-1
323,69,21.17,647.89,61.21,137.71,0.5185,-1,-1,-1
323,95,1405.33,596.03,67.07,153.01,0.4153,-1,-1,-1
323,87,1539.82,585.86,56.72,141.26,0.5774,-1,-1,-1
324,48,215.54,634.23,49.61,145.02,0.3560,-1,-1,-1
324,69,17.24,646.12,61.39,138.31,0.5105,-1,-1,-1
324,95,1406.68,603.27,70.57,146.45,0.2120,-1,-1,-1
324,87,1543.38,589.76,56.95,137.65,0.5380,-1,-1,-1
325,48,218.66,633.83,53.99,146.71,0.3883,-1,-1,-1
325,69,14.73,646.95,62.04,137.22,0.5183,-1,-1,-1
325,95,1413.26,598.51,68.05,151.59,0.5530,-1,-1,-1
325,87,1548.49,603.77,53.64,127.00,0.4968,-1,-1,-1
326,48,219.11,635.23,54.20,146.70,0.4120,-1,-1,-1
326,69,11.15,647.64,61.49,137.28,0.5602,-1,-1,-1
326,95,1414.91,599.44,65.60,150.46,0.5396,-1,-1,-1
326,87,1551.31,595.83,51.54,136.23,0.4859,-1,-1,-1
327,48,214.69,636.18,56.50,144.62,0.4918,-1,-1,-1
327,69,8.18,646.00,61.26,137.42,0.6161,-1,-1,-1
327,95,1417.52,600.25,63.71,150.44,0.6188,-1,-1,-1
327,87,1555.38,600.90,52.38,132.97,0.4787,-1,-1,-1
327,98,1780.80,539.62,40.23,111.90,0.4464,-1,-1,-1
328,48,209.32,638.21,60.80,147.02,0.4103,-1,-1,-1
328,69,5.73,652.30,61.04,134.46,0.6034,-1,-1,-1
328,95,1418.78,596.62,65.13,154.44,0.6022,-1,-1,-1
328,87,1558.86,593.46,53.27,140.95,0.3896,-1,-1,-1
328,98,1786.46,540.31,40.24,117.55,0.5420,-1,-1,-1
329,48,203.19,631.93,52.48,149.81,0.3337,-1,-1,-1
329,69,7.79,648.26,54.27,135.43,0.4846,-1,-1,-1
329,95,1419.17,597.49,64.47,152.93,0.5814,-1,-1,-1
329,87,1562.48,587.97,53.39,149.02,0.4988,-1,-1,-1
329,98,1792.14,539.48,43.42,123.09,0.2185,-1,-1,-1
330,48,200.63,631.77,50.47,150.78,0.3512,-1,-1,-1
330,69,5.11,651.19,51.82,132.48,0.5159,-1,-1,-1
330,95,1421.86,597.12,60.89,154.24,0.5077,-1,-1,-1
330,87,1563.10,587.02,57.26,155.51,0.4772,-1,-1,-1
330,98,1797.30,540.81,44.81,123.15,0.4915,-1,-1,-1
331,48,197.09,631.30,49.74,152.68,0.3490,-1,-1,-1
331,69,3.24,651.11,50.87,132.77,0.5151,-1,-1,-1
331,95,1427.62,596.33,57.63,154.51,0.6456,-1,-1,-1
331,87,1556.27,564.74,68.31,177.74,0.3551,-1,-1,-1
331,98,1802.34,535.73,49.32,126.85,0.5363,-1,-1,-1
332,48,192.77,628.70,50.18,152.30,0.3299,-1,-1,-1
332,69,1.38,646.80,47.02,132.99,0.5161,-1,-1,-1
332,95,1430.05,599.82,56.67,151.11,0.6273,-1,-1,-1
332,87,1566.35,582.97,61.26,154.86,0.4269,-1,-1,-1
332,98,1805.42,534.09,49.12,127.69,0.3527,-1,-1,-1
333,48,188.15,627.47,60.55,153.61,0.3903,-1,-1,-1
333,69,-0.50,645.87,44.19,133.41,0.5682,-1,-1,-1
333,95,1430.08,596.86,60.73,155.11,0.5245,-1,-1,-1
333,87,1571.60,575.00,58.34,164.20,0.3452,-1,-1,-1
333,98,1812.37,528.35,48.98,129.85,0.4407,-1,-1,-1
334,48,182.05,629.90,50.10,151.72,0.3491,-1,-1,-1
334,69,-0.75,646.16,39.56,132.44,0.5768,-1,-1,-1
334,95,1424.19,594.47,67.75,157.87,0.5223,-1,-1,-1
334,87,1578.60,580.23,56.35,156.89,0.4697,-1,-1,-1
334,98,1819.26,524.04,49.53,130.38,0.5168,-1,-1,-1
335,48,175.72,630.19,46.64,150.81,0.3749,-1,-1,-1
335,69,-0.90,645.40,33.90,133.15,0.4922,-1,-1,-1
335,95,1416.84,594.05,80.84,159.44,0.3436,-1,-1,-1
335,87,1583.05,586.68,57.67,148.84,0.3760,-1,-1,-1
335,98,1825.22,519.91,49.23,134.82,0.6377,-1,-1,-1
336,48,174.79,628.67,44.89,154.16,0.3994,-1,-1,-1
336,69,-0.57,647.69,29.46,133.87,0.5372,-1,-1,-1
336,95,1418.84,589.35,84.76,163.61,0.5727,-1,-1,-1
336,87,1578.78,552.18,61.26,191.48,0.3030,-1,-1,-1
336,98,1828.38,514.31,52.65,136.67,0.5641,-1,-1,-1
337,48,174.30,628.79,49.67,158.19,0.4051,-1,-1,-1
337,69,-0.42,646.97,24.06,135.87,0.4217,-1,-1,-1
337,95,1425.07,592.58,82.36,166.94,0.6624,-1,-1,-1
337,87,1575.57,539.48,65.86,211.12,0.4371,-1,-1,-1
337,98,1835.60,518.25,52.30,136.75,0.4649,-1,-1,-1
338,48,171.92,633.46,54.10,158.95,0.4140,-1,-1,-1
338,69,-0.60,663.43,19.05,125.67,0.3365,-1,-1,-1
338,95,1428.83,592.95,85.72,167.16,0.5655,-1,-1,-1
338,87,1574.31,532.55,68.85,217.36,0.3704,-1,-1,-1
338,98,1841.46,517.82,51.55,133.80,0.5999,-1,-1,-1
339,48,168.16,637.86,57.07,158.29,0.4986,-1,-1,-1
339,95,1427.20,598.17,92.72,167.61,0.7194,-1,-1,-1
339,87,1579.84,534.94,70.18,225.41,0.5222,-1,-1,-1
339,98,1846.47,519.29,49.91,133.52,0.5669,-1,-1,-1
340,48,167.94,639.89,55.55,157.08,0.4731,-1,-1,-1
340,95,1430.33,597.28,93.02,169.54,0.7527,-1,-1,-1
340,87,1577.23,534.98,77.77,230.23,0.5749,-1,-1,-1
340,98,1850.32,518.21,50.33,132.63,0.5759,-1,-1,-1
341,48,158.69,640.83,49.53,160.83,0.3658,-1,-1,-1
341,95,1433.76,601.82,90.20,171.59,0.7357,-1,-1,-1
341,87,1591.13,545.16,63.01,226.46,0.3673,-1,-1,-1
341,98,1853.24,521.43,50.98,132.33,0.2680,-1,-1,-1
342,48,156.86,643.12,47.06,161.32,0.4896,-1,-1,-1
342,95,1426.71,603.26,93.01,175.43,0.6932,-1,-1,-1
342,87,1587.84,552.69,69.19,221.67,0.3163,-1,-1,-1
342,98,1861.48,522.59,46.82,133.66,0.2671,-1,-1,-1
343,48,148.27,649.18,49.30,162.26,0.5291,-1,-1,-1
343,95,1437.76,612.68,78.19,172.06,0.6043,-1,-1,-1
343,87,1576.65,549.59,82.04,229.60,0.4133,-1,-1,-1
343,98,1867.05,531.32,49.99,129.01,0.2874,-1,-1,-1
344,48,140.44,653.35,55.10,163.28,0.4867,-1,-1,-1
344,95,1441.42,617.79,73.30,171.69,0.6758,-1,-1,-1
344,87,1573.35,561.01,89.99,224.30,0.3294,-1,-1,-1
344,98,1875.25,534.99,45.23,130.84,0.4557,-1,-1,-1
345,48,136.50,659.65,54.22,164.22,0.3697,-1,-1,-1
345,95,1443.99,620.60,70.59,179.04,0.6139,-1,-1,-1
345,87,1572.24,585.04,67.01,191.83,0.3962,-1,-1,-1
345,98,1878.13,537.86,43.27,132.65,0.4711,-1,-1,-1
346,48,129.50,663.65,55.31,168.43,0.3675,-1,-1,-1
346,95,1441.82,623.52,69.03,181.79,0.5915,-1,-1,-1
346,87,1575.40,591.59,85.62,201.12,0.4326,-1,-1,-1
346,98,1880.36,536.53,41.17,138.99,0.4744,-1,-1,-1
347,48,119.89,669.31,56.39,170.07,0.4570,-1,-1,-1
347,95,1435.57,627.21,74.98,185.12,0.5999,-1,-1,-1
347,87,1574.29,595.28,69.71,197.08,0.5168,-1,-1,-1
347,98,1884.75,540.48,36.41,138.02,0.3254,-1,-1,-1
347,103,1362.09,580.76,62.25,194.90,0.3549,-1,-1,-1
348,48,117.36,671.00,56.04,170.51,0.5841,-1,-1,-1
348,95,1443.89,630.39,65.82,187.00,0.6563,-1,-1,-1
348,87,1575.27,599.03,65.78,191.84,0.5149,-1,-1,-1
348,103,1355.62,591.45,66.84,186.47,0.2945,-1,-1,-1
349,48,107.77,673.78,61.50,170.32,0.4653,-1,-1,-1
349,95,1444.73,634.16,67.82,190.66,0.6874,-1,-1,-1
349,87,1577.44,609.61,64.48,185.69,0.4368,-1,-1,-1
349,103,1355.27,598.81,63.75,182.09,0.4165,-1,-1,-1
349,104,1395.31,595.51,65.22,190.35,0.5119,-1,-1,-1
350,48,102.62,671.94,60.57,173.11,0.4890,-1,-1,-1
350,95,1443.75,638.36,75.12,191.15,0.6505,-1,-1,-1
350,87,1579.66,614.51,70.36,183.95,0.5740,-1,-1,-1
350,103,1356.38,604.90,65.25,179.95,0.4035,-1,-1,-1
350,104,1395.76,597.87,60.92,190.26,0.4078,-1,-1,-1
351,48,95.90,672.70,60.29,175.46,0.5602,-1,-1,-1
351,95,1441.32,643.86,81.52,189.32,0.7046,-1,-1,-1
351,87,1581.12,611.13,70.18,187.19,0.4105,-1,-1,-1
351,103,1354.92,607.96,70.05,178.10,0.4141,-1,-1,-1
351,104,1393.75,600.38,63.07,190.92,0.3519,-1,-1,-1
351,105,144.60,667.86,50.71,157.21,0.3902,-1,-1,-1
352,48,87.72,674.01,62.26,176.52,0.5697,-1,-1,-1
352,95,1432.29,649.19,92.03,190.25,0.6600,-1,-1,-1
352,87,1583.20,609.41,77.26,200.13,0.5273,-1,-1,-1
352,103,1357.18,607.28,66.12,182.22,0.4530,-1,-1,-1
352,104,1398.87,599.72,49.82,192.14,0.1843,-1,-1,-1
352,105,140.78,669.86,50.97,160.40,0.2838,-1,-1,-1
353,48,80.62,678.10,65.35,173.32,0.4352,-1,-1,-1
353,95,1435.04,651.75,93.03,191.67,0.6678,-1,-1,-1
353,87,1583.59,610.64,75.05,202.64,0.5762,-1,-1,-1
353,103,1357.01,605.13,64.94,186.39,0.4911,-1,-1,-1
353,104,1398.96,599.95,48.67,192.73,0.4512,-1,-1,-1
353,105,136.21,670.98,51.55,162.10,0.3599,-1,-1,-1
354,48,77.97,681.81,66.22,172.73,0.5203,-1,-1,-1
354,95,1442.90,655.65,86.55,195.74,0.6897,-1,-1,-1
354,87,1583.01,617.55,73.37,200.77,0.5592,-1,-1,-1
354,103,1349.77,605.75,69.20,188.38,0.4870,-1,-1,-1
354,104,1395.82,601.69,59.16,193.30,0.3480,-1,-1,-1
354,105,129.89,671.46,53.48,164.38,0.3783,-1,-1,-1
355,48,81.85,679.48,55.40,177.44,0.4127,-1,-1,-1
355,95,1444.87,657.44,85.07,196.65,0.6571,-1,-1,-1
355,87,1582.78,625.58,73.46,195.75,0.5790,-1,-1,-1
355,103,1349.28,607.41,64.69,190.18,0.4307,-1,-1,-1
355,104,1392.55,604.19,60.61,196.71,0.4291,-1,-1,-1
355,105,122.95,668.26,49.87,166.74,0.4647,-1,-1,-1
356,48,64.46,681.39,63.67,177.96,0.4246,-1,-1,-1
356,95,1441.64,659.04,91.91,198.67,0.6957,-1,-1,-1
356,87,1581.44,631.25,76.88,196.36,0.5778,-1,-1,-1
356,103,1347.63,604.89,63.84,195.15,0.3901,-1,-1,-1
356,104,1391.29,608.82,60.85,199.12,0.3670,-1,-1,-1
356,105,115.98,666.10,53.64,171.42,0.3939,-1,-1,-1
357,48,69.43,680.15,54.06,177.50,0.3896,-1,-1,-1
357,95,1445.90,665.33,88.53,198.19,0.7579,-1,-1,-1
357,87,1578.19,641.48,82.52,193.73,0.6409,-1,-1,-1
357,103,1347.72,590.86,58.59,209.99,0.3659,-1,-1,-1
357,104,1386.64,611.97,65.21,200.38,0.3784,-1,-1,-1
357,105,110.41,670.25,51.10,172.93,0.2817,-1,-1,-1
358,48,61.73,682.74,57.26,180.38,0.5444,-1,-1,-1
358,95,1448.74,670.38,84.33,194.98,0.7845,-1,-1,-1
358,87,1575.86,646.94,89.23,191.60,0.6260,-1,-1,-1
358,103,1349.65,595.68,52.70,204.57,0.4398,-1,-1,-1
358,104,1386.11,614.11,68.52,199.88,0.5232,-1,-1,-1
358,105,104.01,673.48,49.90,174.54,0.2300,-1,-1,-1
359,48,50.51,690.28,57.60,177.37,0.3695,-1,-1,-1
359,95,1450.17,679.33,80.63,193.67,0.6681,-1,-1,-1
359,87,1577.39,650.61,92.47,194.09,0.6690,-1,-1,-1
359,103,1346.33,594.41,53.37,191.49,0.4118,-1,-1,-1
359,104,1385.69,615.35,71.03,202.10,0.4644,-1,-1,-1
359,105,97.10,674.32,47.96,173.77,0.4348,-1,-1,-1
360,48,41.52,691.55,58.40,178.28,0.4091,-1,-1,-1
360,95,1452.89,684.48,76.43,193.72,0.7213,-1,-1,-1
360,87,1579.29,656.56,92.72,196.40,0.6192,-1,-1,-1
360,103,1342.55,594.42,56.31,208.63,0.5525,-1,-1,-1
360,104,1380.49,620.76,76.87,200.00,0.4149,-1,-1,-1
360,105,92.69,674.44,48.53,171.52,0.3974,-1,-1,-1
361,48,34.20,690.51,59.90,181.91,0.4917,-1,-1,-1
361,95,1454.20,686.38,72.58,197.82,0.7345,-1,-1,-1
361,87,1579.70,661.07,93.72,195.72,0.6787,-1,-1,-1
361,103,1341.55,593.36,55.03,209.19,0.4566,-1,-1,-1
361,104,1376.75,621.20,78.45,201.50,0.4516,-1,-1,-1
361,105,84.50,679.81,52.34,171.40,0.4344,-1,-1,-1
362,48,25.17,691.87,65.43,184.24,0.4413,-1,-1,-1
362,95,1453.86,685.70,75.34,203.78,0.7321,-1,-1,-1
362,87,1581.85,663.53,91.28,200.44,0.6448,-1,-1,-1
362,103,1341.31,597.96,54.59,218.22,0.5298,-1,-1,-1
362,104,1374.75,623.58,84.11,205.85,0.4949,-1,-1,-1
362,105,77.59,682.30,49.76,172.49,0.4967,-1,-1,-1
363,48,17.44,694.23,66.96,189.01,0.3853,-1,-1,-1
363,95,1454.53,682.15,75.36,215.00,0.7410,-1,-1,-1
363,87,1583.03,662.81,87.48,204.07,0.5633,-1,-1,-1
363,103,1339.61,599.30,55.37,221.28,0.5449,-1,-1,-1
363,104,1375.93,620.07,84.18,212.24,0.4928,-1,-1,-1
363,105,69.23,684.10,51.29,176.46,0.4351,-1,-1,-1
364,48,10.13,695.60,66.35,188.69,0.4324,-1,-1,-1
364,95,1452.45,688.08,80.42,220.43,0.7589,-1,-1,-1
364,87,1582.01,664.66,82.71,212.04,0.6299,-1,-1,-1
364,103,1337.94,608.01,55.45,207.28,0.3116,-1,-1,-1
364,104,1374.36,627.87,68.97,211.41,0.4706,-1,-1,-1
364,105,63.34,684.72,51.31,178.36,0.3716,-1,-1,-1
365,48,4.01,700.77,64.65,192.06,0.4502,-1,-1,-1
365,95,1449.55,692.07,88.49,221.29,0.6990,-1,-1,-1
365,87,1582.62,666.43,78.40,214.36,0.5983,-1,-1,-1
365,103,1337.99,623.30,51.28,176.59,0.3359,-1,-1,-1
365,104,1372.63,630.22,70.58,215.55,0.5358,-1,-1,-1
365,105,54.24,691.61,54.94,178.82,0.3848,-1,-1,-1
366,48,4.47,704.35,57.13,190.53,0.5092,-1,-1,-1
366,95,1448.46,696.99,94.19,223.61,0.7258,-1,-1,-1
366,87,1580.33,665.92,76.69,217.93,0.6740,-1,-1,-1
366,103,1338.69,631.92,51.03,201.31,0.3643,-1,-1,-1
366,104,1372.07,632.66,69.75,217.73,0.6045,-1,-1,-1
366,105,48.50,693.78,53.92,176.09,0.5616,-1,-1,-1
367,48,1.31,713.08,53.92,187.88,0.5159,-1,-1,-1
367,95,1451.97,704.36,93.27,222.76,0.7111,-1,-1,-1
367,87,1578.40,663.86,80.53,229.17,0.6500,-1,-1,-1
367,103,1335.46,639.08,50.37,175.63,0.4947,-1,-1,-1
367,104,1372.87,637.55,68.83,215.96,0.5763,-1,-1,-1
367,105,43.09,701.76,51.61,173.88,0.5369,-1,-1,-1
368,48,-1.33,715.74,48.35,190.31,0.4648,-1,-1,-1
368,95,1455.11,710.68,92.13,223.83,0.7132,-1,-1,-1
368,87,1576.42,664.89,85.00,235.03,0.6316,-1,-1,-1
368,103,1333.85,644.54,49.81,169.88,0.4750,-1,-1,-1
368,104,1372.32,639.73,64.75,217.53,0.5897,-1,-1,-1
368,105,35.31,706.59,53.00,174.56,0.3834,-1,-1,-1
369,48,-1.70,716.74,43.86,195.39,0.4836,-1,-1,-1
369,95,1459.51,711.21,90.73,227.89,0.5712,-1,-1,-1
369,87,1576.57,664.09,86.14,238.44,0.6322,-1,-1,-1
369,103,1329.83,645.64,54.86,195.63,0.5575,-1,-1,-1
369,104,1373.02,641.61,63.08,217.89,0.5806,-1,-1,-1
369,105,26.15,709.14,55.39,178.68,0.6026,-1,-1,-1
370,48,-1.92,719.63,33.75,195.56,0.3769,-1,-1,-1
370,95,1460.25,715.28,92.43,230.28,0.6387,-1,-1,-1
370,87,1568.12,663.68,96.95,241.05,0.6570,-1,-1,-1
370,103,1326.89,645.61,58.00,211.71,0.3463,-1,-1,-1
370,104,1369.16,643.83,64.67,220.45,0.5172,-1,-1,-1
370,105,14.64,711.87,56.79,181.03,0.4458,-1,-1,-1
370,108,1505.25,576.55,42.58,67.50,0.3454,-1,-1,-1
371,48,-0.98,723.63,28.84,189.47,0.3566,-1,-1,-1
371,95,1461.36,718.61,92.47,230.42,0.7188,-1,-1,-1
371,87,1560.72,666.12,107.76,239.17,0.6949,-1,-1,-1
371,103,1325.16,650.33,58.61,215.76,0.2770,-1,-1,-1
371,104,1366.54,645.06,66.91,222.44,0.4885,-1,-1,-1
371,105,9.17,714.37,55.89,185.27,0.5522,-1,-1,-1
371,108,1505.09,576.97,44.45,67.60,0.3104,-1,-1,-1
372,95,1460.94,720.07,94.05,232.47,0.7243,-1,-1,-1
372,87,1556.08,668.03,113.97,241.32,0.6675,-1,-1,-1
372,103,1321.55,650.15,55.15,180.65,0.2567,-1,-1,-1
372,104,1362.90,646.21,69.74,224.16,0.5202,-1,-1,-1
372,105,1.67,717.13,57.56,184.22,0.6469,-1,-1,-1
372,108,1505.36,578.91,45.30,65.55,0.2168,-1,-1,-1
373,95,1460.07,720.55,96.02,235.07,0.7241,-1,-1,-1
373,87,1559.25,670.56,113.06,244.24,0.6856,-1,-1,-1
373,103,1317.95,650.29,56.06,171.96,0.3111,-1,-1,-1
373,104,1360.06,648.59,72.03,224.58,0.4947,-1,-1,-1
373,105,-2.08,725.37,53.84,181.16,0.5497,-1,-1,-1
373,108,1506.45,578.10,42.58,65.79,0.2518,-1,-1,-1
374,95,1456.54,722.22,96.62,237.33,0.7139,-1,-1,-1
374,87,1558.79,675.64,113.30,244.46,0.6556,-1,-1,-1
374,103,1313.41,646.25,56.06,169.23,0.3206,-1,-1,-1
374,104,1358.31,652.25,73.85,223.59,0.5887,-1,-1,-1
374,105,-2.82,729.52,45.68,177.96,0.6575,-1,-1,-1
374,108,1506.26,580.33,42.13,63.62,0.1776,-1,-1,-1
375,95,1455.46,723.82,90.26,239.42,0.7047,-1,-1,-1
375,87,1560.17,674.58,109.27,245.86,0.6345,-1,-1,-1
375,103,1312.93,645.81,54.88,171.14,0.2537,-1,-1,-1
375,104,1357.12,655.56,76.76,222.87,0.5840,-1,-1,-1
375,105,-2.54,733.04,37.83,179.28,0.5736,-1,-1,-1
376,95,1455.77,725.46,84.45,241.61,0.7025,-1,-1,-1
376,87,1558.88,677.37,106.02,244.51,0.6119,-1,-1,-1
376,104,1352.35,654.19,78.76,222.93,0.5094,-1,-1,-1
376,105,-2.15,734.92,26.86,174.89,0.5312,-1,-1,-1
376,109,1704.57,609.31,48.63,139.63,0.3565,-1,-1,-1
377,95,1455.54,725.58,82.76,246.41,0.6785,-1,-1,-1
377,87,1555.67,681.24,102.00,239.12,0.5979,-1,-1,-1
377,104,1347.13,650.68,85.30,226.73,0.5844,-1,-1,-1
377,109,1710.63,603.86,58.18,147.47,0.3326,-1,-1,-1
378,95,1456.41,726.28,81.02,252.60,0.6448,-1,-1,-1
378,87,1551.02,683.09,101.55,242.68,0.6502,-1,-1,-1
378,104,1341.53,648.18,87.02,231.15,0.4304,-1,-1,-1
378,109,1720.72,604.57,59.97,144.05,0.5156,-1,-1,-1
379,95,1456.14,726.34,79.81,259.95,0.6691,-1,-1,-1
379,87,1547.64,679.82,95.43,247.59,0.7073,-1,-1,-1
379,104,1336.77,648.33,72.06,199.60,0.3050,-1,-1,-1
379,109,1719.87,600.61,62.78,145.01,0.3527,-1,-1,-1
380,95,1454.30,725.76,79.82,266.22,0.6932,-1,-1,-1
380,87,1541.56,679.78,95.80,251.28,0.6646,-1,-1,-1
380,104,1331.40,648.08,64.12,184.07,0.4127,-1,-1,-1
380,109,1727.15,600.12,52.87,145.03,0.3180,-1,-1,-1
381,95,1452.69,726.83,87.66,268.73,0.7053,-1,-1,-1
381,87,1532.64,679.51,90.33,257.49,0.6155,-1,-1,-1
381,104,1327.34,647.46,60.34,182.37,0.4179,-1,-1,-1
382,95,1449.93,730.98,89.80,269.68,0.6867,-1,-1,-1
382,87,1532.14,678.82,82.04,260.09,0.5859,-1,-1,-1
382,104,1323.06,648.30,58.77,181.66,0.6207,-1,-1,-1
382,110,1444.82,559.64,44.54,82.93,0.3742,-1,-1,-1
382,109,1717.56,591.19,61.16,152.80,0.4637,-1,-1,-1
383,95,1446.87,736.06,94.22,269.22,0.7165,-1,-1,-1
383,87,1528.32,684.60,82.26,254.21,0.5605,-1,-1,-1
383,104,1320.05,648.83,55.17,184.74,0.6674,-1,-1,-1
383,110,1442.01,562.36,44.41,79.83,0.2834,-1,-1,-1
383,109,1713.27,593.34,56.44,148.94,0.3539,-1,-1,-1
384,95,1443.60,739.90,99.13,271.18,0.7350,-1,-1,-1
384,87,1520.76,684.75,87.65,258.01,0.5858,-1,-1,-1
384,104,1316.70,647.96,53.00,186.76,0.6731,-1,-1,-1
384,110,1439.30,562.16,46.21,80.11,0.3171,-1,-1,-1
384,109,1711.53,595.25,55.29,147.87,0.3835,-1,-1,-1
385,95,1440.16,742.27,99.71,272.15,0.7480,-1,-1,-1
385,87,1517.52,687.96,90.57,254.02,0.6056,-1,-1,-1
385,110,1436.21,565.79,48.10,76.39,0.3912,-1,-1,-1
385,109,1714.96,592.93,65.26,153.29,0.4335,-1,-1,-1
386,95,1434.45,745.71,97.17,274.49,0.7489,-1,-1,-1
386,87,1512.28,693.39,94.64,253.51,0.5705,-1,-1,-1
386,110,1433.05,561.87,47.10,81.17,0.3881,-1,-1,-1
386,109,1717.22,594.03,66.99,156.28,0.3020,-1,-1,-1
386,108,1493.07,558.47,49.60,75.13,0.3484,-1,-1,-1
386,103,1243.68,642.96,59.82,219.05,0.3640,-1,-1,-1
387,95,1431.70,745.99,93.67,275.65,0.7030,-1,-1,-1
387,87,1506.38,693.28,96.91,256.12,0.6559,-1,-1,-1
387,110,1431.23,561.50,40.58,76.30,0.2981,-1,-1,-1
387,109,1724.02,589.16,66.36,155.83,0.3179,-1,-1,-1
387,108,1492.13,554.79,51.79,76.46,0.4324,-1,-1,-1
387,103,1238.53,642.64,64.02,219.95,0.4951,-1,-1,-1
388,95,1428.49,747.39,91.92,280.91,0.6610,-1,-1,-1
388,87,1496.47,685.80,102.32,269.18,0.5981,-1,-1,-1
388,110,1429.54,565.52,39.74,71.40,0.2369,-1,-1,-1
388,109,1724.85,588.80,71.33,160.82,0.2881,-1,-1,-1
388,108,1488.85,557.83,54.58,75.61,0.3927,-1,-1,-1
388,103,1233.64,646.84,59.50,217.10,0.4926,-1,-1,-1
389,95,1425.87,747.99,93.04,287.97,0.5933,-1,-1,-1
389,87,1487.32,684.78,109.46,273.94,0.6412,-1,-1,-1
389,109,1730.50,589.74,66.25,162.27,0.3030,-1,-1,-1
389,108,1487.41,562.33,53.94,72.73,0.2663,-1,-1,-1
389,103,1219.87,646.19,65.82,219.71,0.4835,-1,-1,-1
390,95,1417.30,749.00,99.24,291.41,0.6102,-1,-1,-1
390,87,1484.59,688.98,108.77,269.52,0.5619,-1,-1,-1
390,109,1734.55,589.24,61.80,161.22,0.2935,-1,-1,-1
390,108,1483.27,559.14,48.20,74.77,0.3217,-1,-1,-1
390,103,1220.62,646.94,61.36,224.34,0.4839,-1,-1,-1
390,104,1274.65,644.18,58.68,223.84,0.4336,-1,-1,-1
391,95,1408.31,752.83,108.19,297.07,0.5778,-1,-1,-1
391,87,1480.65,707.11,108.42,250.51,0.5671,-1,-1,-1
391,109,1735.33,604.51,56.86,156.42,0.2578,-1,-1,-1
391,108,1481.59,559.67,50.76,80.57,0.4339,-1,-1,-1
391,103,1214.50,649.97,59.22,223.88,0.3413,-1,-1,-1
391,113,1530.95,564.01,45.22,83.37,0.3901,-1,-1,-1
391,110,1413.96,555.90,44.52,87.79,0.5161,-1,-1,-1
392,95,1399.29,755.31,109.32,297.38,0.6737,-1,-1,-1
392,87,1471.01,707.92,112.13,251.55,0.5204,-1,-1,-1
392,109,1734.24,593.08,57.37,169.08,0.3319,-1,-1,-1
392,108,1474.12,561.24,48.35,75.44,0.2622,-1,-1,-1
392,103,1198.64,647.79,66.90,228.27,0.4910,-1,-1,-1
392,113,1525.32,560.36,43.79,90.51,0.3363,-1,-1,-1
392,114,1339.13,553.05,52.33,112.53,0.3810,-1,-1,-1
392,110,1406.99,552.11,46.58,91.32,0.3664,-1,-1,-1
392,104,1251.51,646.82,66.02,233.39,0.4927,-1,-1,-1
393,95,1393.60,761.05,111.26,297.89,0.6521,-1,-1,-1
393,87,1459.33,707.85,90.16,199.03,0.3620,-1,-1,-1
393,109,1731.88,602.74,58.92,162.52,0.4083,-1,-1,-1
393,108,1469.31,563.05,49.14,78.38,0.5496,-1,-1,-1
393,103,1189.97,647.22,67.87,231.60,0.4802,-1,-1,-1
393,113,1519.54,562.82,43.86,91.21,0.4264,-1,-1,-1
393,114,1334.68,553.83,52.40,116.29,0.4283,-1,-1,-1
393,110,1393.26,546.86,56.41,97.12,0.2981,-1,-1,-1
393,104,1237.89,649.86,69.74,242.28,0.2970,-1,-1,-1
394,95,1387.46,764.13,107.96,299.65,0.5846,-1,-1,-1
394,87,1446.52,700.86,100.99,252.30,0.2501,-1,-1,-1
394,109,1730.04,603.60,56.91,159.77,0.4586,-1,-1,-1
394,108,1462.75,562.06,52.91,77.79,0.3504,-1,-1,-1
394,103,1182.00,649.80,66.89,230.12,0.5018,-1,-1,-1
394,113,1516.41,563.42,43.55,91.94,0.2994,-1,-1,-1
394,114,1329.12,554.02,50.47,116.41,0.4489,-1,-1,-1
394,110,1384.46,547.33,58.18,98.27,0.4480,-1,-1,-1
395,95,1379.90,767.42,102.77,301.99,0.6793,-1,-1,-1
395,87,1440.86,707.09,89.89,255.97,0.5125,-1,-1,-1
395,109,1727.96,600.44,56.52,165.20,0.4618,-1,-1,-1
395,108,1458.38,560.61,47.50,80.19,0.3549,-1,-1,-1
395,103,1170.52,649.23,69.48,236.60,0.6524,-1,-1,-1
395,113,1509.26,563.42,43.53,88.20,0.3359,-1,-1,-1
395,114,1321.75,556.05,51.39,121.14,0.5620,-1,-1,-1
395,110,1384.48,547.71,52.52,97.61,0.5514,-1,-1,-1
396,95,1372.23,770.89,104.77,302.92,0.7466,-1,-1,-1
396,87,1431.87,704.95,87.88,254.20,0.4952,-1,-1,-1
396,109,1726.20,598.13,57.08,169.83,0.4985,-1,-1,-1
396,108,1447.55,558.55,48.75,82.08,0.3518,-1,-1,-1
396,103,1161.26,648.67,70.45,227.40,0.5782,-1,-1,-1
396,113,1502.41,561.53,42.99,87.51,0.2979,-1,-1,-1
396,114,1315.31,557.76,51.78,122.82,0.4674,-1,-1,-1
396,110,1381.43,547.41,47.71,99.24,0.4161,-1,-1,-1
397,95,1365.02,772.79,103.21,305.46,0.6441,-1,-1,-1
397,87,1419.41,713.44,87.70,260.18,0.4170,-1,-1,-1
397,109,1723.50,600.70,56.35,168.89,0.5077,-1,-1,-1
397,108,1443.93,561.01,50.63,83.07,0.5604,-1,-1,-1
397,103,1149.42,648.71,72.46,230.82,0.6026,-1,-1,-1
397,113,1495.81,562.46,44.87,89.59,0.4561,-1,-1,-1
397,114,1311.60,561.41,49.85,122.45,0.4720,-1,-1,-1
397,110,1372.77,549.18,46.16,98.61,0.4718,-1,-1,-1
398,95,1356.44,771.37,109.94,306.45,0.5336,-1,-1,-1
398,87,1403.83,715.41,83.20,195.70,0.3362,-1,-1,-1
398,109,1717.17,604.34,56.18,165.61,0.4394,-1,-1,-1
398,108,1436.60,559.26,51.51,86.37,0.3242,-1,-1,-1
398,103,1140.36,648.56,73.82,237.60,0.5450,-1,-1,-1
398,113,1489.21,562.96,40.51,85.68,0.2810,-1,-1,-1
398,114,1302.21,558.91,48.16,125.32,0.6488,-1,-1,-1
398,110,1366.09,550.36,47.30,96.67,0.4553,-1,-1,-1
399,95,1348.01,769.72,111.55,310.79,0.3351,-1,-1,-1
399,87,1400.68,705.70,75.52,172.90,0.2418,-1,-1,-1
399,109,1713.11,604.85,58.65,163.62,0.4787,-1,-1,-1
399,108,1429.65,559.96,47.78,80.05,0.2170,-1,-1,-1
399,103,1129.07,651.90,69.95,229.71,0.6109,-1,-1,-1
399,113,1479.84,558.93,43.24,91.58,0.3643,-1,-1,-1
399,114,1293.54,554.46,49.78,128.23,0.5958,-1,-1,-1
399,110,1360.39,553.94,41.61,93.70,0.3335,-1,-1,-1
400,95,1339.41,770.91,111.71,310.89,0.3857,-1,-1,-1
400,87,1383.05,714.60,75.47,157.21,0.4158,-1,-1,-1
400,109,1710.97,608.86,65.38,162.62,0.3392,-1,-1,-1
400,108,1420.78,561.63,50.12,82.09,0.5250,-1,-1,-1
400,103,1112.67,652.67,87.23,256.30,0.5461,-1,-1,-1
400,113,1471.80,559.25,44.28,93.17,0.4434,-1,-1,-1
400,114,1288.45,556.63,43.39,126.91,0.6080,-1,-1,-1
400,110,1350.03,550.47,42.93,97.87,0.5127,-1,-1,-1
401,95,1324.98,772.15,114.26,309.10,0.5661,-1,-1,-1
401,87,1374.50,722.84,68.80,148.96,0.3487,-1,-1,-1
401,109,1706.99,610.07,60.48,161.53,0.3399,-1,-1,-1
401,108,1411.23,560.24,51.67,83.77,0.3439,-1,-1,-1
401,103,1095.44,655.88,85.76,252.13,0.7011,-1,-1,-1
401,113,1464.44,558.71,44.30,92.00,0.3097,-1,-1,-1
401,114,1278.18,554.03,45.85,130.30,0.6617,-1,-1,-1
401,110,1340.58,546.68,44.38,100.69,0.4686,-1,-1,-1
402,95,1314.51,775.62,115.40,305.26,0.6446,-1,-1,-1
402,87,1363.45,721.26,63.73,147.65,0.2078,-1,-1,-1
402,109,1702.72,610.14,68.87,166.09,0.1895,-1,-1,-1
402,108,1400.17,557.63,55.51,89.65,0.2992,-1,-1,-1
402,103,1076.19,655.92,97.09,252.87,0.6526,-1,-1,-1
402,113,1454.89,556.49,45.31,96.48,0.3008,-1,-1,-1
402,114,1268.16,552.28,46.95,130.01,0.4936,-1,-1,-1
402,110,1325.75,541.43,49.25,107.39,0.4393,-1,-1,-1
403,95,1303.15,766.92,122.29,312.96,0.6410,-1,-1,-1
403,87,1341.34,726.80,71.28,143.37,0.2043,-1,-1,-1
403,109,1697.60,611.72,66.82,170.07,0.2018,-1,-1,-1
403,108,1393.62,558.50,55.11,88.18,0.4312,-1,-1,-1
403,103,1059.03,656.18,107.71,273.58,0.6653,-1,-1,-1
403,113,1445.98,556.85,49.35,98.81,0.3682,-1,-1,-1
403,114,1261.18,552.93,42.29,129.27,0.4627,-1,-1,-1
403,110,1315.09,541.73,50.92,106.58,0.5198,-1,-1,-1
404,95,1287.06,767.59,127.40,312.20,0.7311,-1,-1,-1
404,87,1330.38,722.22,66.02,140.04,0.1940,-1,-1,-1
404,109,1691.90,611.62,56.71,172.74,0.2081,-1,-1,-1
404,108,1384.45,557.19,54.92,89.54,0.4258,-1,-1,-1
404,103,1058.66,659.07,99.52,280.86,0.6719,-1,-1,-1
404,113,1435.54,559.75,48.11,93.00,0.4463,-1,-1,-1
404,114,1251.16,549.12,43.56,130.88,0.4946,-1,-1,-1
404,110,1308.59,542.26,47.96,106.61,0.5546,-1,-1,-1
405,95,1264.22,778.31,137.82,302.34,0.6211,-1,-1,-1
405,87,1316.31,725.21,60.74,133.76,0.2192,-1,-1,-1
405,109,1687.84,610.83,69.64,179.23,0.1865,-1,-1,-1
405,108,1374.47,558.55,52.61,88.43,0.3300,-1,-1,-1
405,103,1041.23,660.03,103.94,282.44,0.6306,-1,-1,-1
405,113,1425.12,559.70,47.00,94.72,0.4481,-1,-1,-1
405,114,1241.58,547.00,40.04,134.02,0.4913,-1,-1,-1
405,110,1296.73,541.38,49.26,108.74,0.4409,-1,-1,-1
406,95,1220.36,781.88,166.98,297.88,0.5783,-1,-1,-1
406,87,1296.76,725.35,63.18,130.58,0.3593,-1,-1,-1
406,108,1363.62,555.49,56.05,91.61,0.2655,-1,-1,-1
406,103,1016.36,661.23,113.84,284.39,0.7466,-1,-1,-1
406,113,1415.13,556.83,47.05,95.70,0.3944,-1,-1,-1
406,114,1229.68,547.33,42.33,130.67,0.6194,-1,-1,-1
406,110,1289.50,541.45,45.88,106.68,0.6222,-1,-1,-1
407,95,1191.68,781.82,180.97,298.13,0.6124,-1,-1,-1
407,108,1352.23,557.32,49.69,91.76,0.3667,-1,-1,-1
407,103,996.67,663.85,119.42,286.78,0.5516,-1,-1,-1
407,113,1404.26,553.95,47.08,102.08,0.4210,-1,-1,-1
407,114,1218.17,544.05,43.41,137.40,0.5250,-1,-1,-1
407,110,1278.91,546.77,44.33,103.24,0.5674,-1,-1,-1
407,109,1673.36,603.31,72.83,187.17,0.3398,-1,-1,-1
408,95,1188.59,790.57,169.74,288.62,0.5680,-1,-1,-1
408,108,1340.83,558.73,47.62,89.53,0.3601,-1,-1,-1
408,103,988.61,666.55,111.32,288.54,0.6291,-1,-1,-1
408,113,1394.33,555.87,45.07,97.78,0.4107,-1,-1,-1
408,114,1205.15,545.43,45.33,134.38,0.5756,-1,-1,-1
408,110,1267.20,543.82,43.58,105.06,0.6266,-1,-1,-1
408,109,1667.32,603.43,72.36,193.64,0.2408,-1,-1,-1
409,95,1185.67,792.28,154.05,287.71,0.7034,-1,-1,-1
409,108,1328.43,558.25,46.40,91.58,0.3678,-1,-1,-1
409,103,966.51,665.86,118.06,292.33,0.6843,-1,-1,-1
409,113,1381.95,553.20,45.46,102.96,0.4234,-1,-1,-1
409,114,1193.39,543.52,45.87,137.68,0.5566,-1,-1,-1
409,110,1252.32,546.13,47.38,104.80,0.4834,-1,-1,-1
409,109,1658.09,588.57,69.39,212.08,0.3452,-1,-1,-1
410,95,1182.23,804.88,137.27,275.43,0.5448,-1,-1,-1
410,108,1323.13,559.05,48.80,90.93,0.3963,-1,-1,-1
410,103,944.73,667.95,117.99,294.49,0.7123,-1,-1,-1
410,113,1371.56,550.51,43.94,107.09,0.3421,-1,-1,-1
410,114,1180.25,542.94,46.66,136.87,0.5670,-1,-1,-1
410,110,1239.55,542.75,48.07,107.04,0.5804,-1,-1,-1
410,109,1649.78,589.94,67.63,215.57,0.3482,-1,-1,-1
411,95,1164.52,813.53,136.92,265.94,0.7395,-1,-1,-1
411,108,1307.02,558.20,48.63,92.80,0.4074,-1,-1,-1
411,103,930.54,669.36,115.50,294.29,0.5429,-1,-1,-1
411,113,1357.45,550.32,46.62,107.40,0.4493,-1,-1,-1
411,114,1167.75,541.03,46.01,140.22,0.3984,-1,-1,-1
411,110,1227.44,544.26,47.46,107.65,0.5125,-1,-1,-1
411,109,1637.74,600.90,64.21,202.00,0.2850,-1,-1,-1
412,95,1149.09,822.95,133.16,255.04,0.7001,-1,-1,-1
412,108,1293.51,556.71,44.71,93.08,0.3483,-1,-1,-1
412,103,903.89,667.50,130.64,300.49,0.6783,-1,-1,-1
412,113,1345.37,552.36,44.26,103.27,0.5034,-1,-1,-1
412,114,1152.38,540.46,47.99,137.59,0.5159,-1,-1,-1
412,110,1215.04,540.44,44.99,110.64,0.5605,-1,-1,-1
412,109,1631.53,603.03,59.73,198.62,0.4101,-1,-1,-1
413,95,1120.64,818.14,141.64,261.19,0.5990,-1,-1,-1
413,108,1279.76,555.73,42.16,94.17,0.4548,-1,-1,-1
413,103,889.98,669.27,129.80,300.40,0.6617,-1,-1,-1
413,113,1331.19,550.29,43.96,107.52,0.4293,-1,-1,-1
413,114,1138.38,541.28,45.65,138.32,0.4515,-1,-1,-1
413,110,1198.62,537.99,46.66,115.66,0.5652,-1,-1,-1
414,95,1111.05,824.75,130.73,254.79,0.6699,-1,-1,-1
414,108,1265.78,553.22,43.89,97.68,0.4606,-1,-1,-1
414,103,866.60,671.30,120.19,302.23,0.7009,-1,-1,-1
414,113,1318.02,551.67,45.54,105.10,0.4727,-1,-1,-1
414,114,1124.78,548.53,47.99,122.88,0.2786,-1,-1,-1
414,110,1182.64,538.18,48.93,115.67,0.6607,-1,-1,-1
415,95,1080.04,822.79,138.32,256.49,0.5640,-1,-1,-1
415,108,1252.11,556.08,49.17,94.26,0.4583,-1,-1,-1
415,103,840.12,671.72,120.34,304.91,0.7164,-1,-1,-1
415,113,1304.54,550.29,44.16,108.26,0.5069,-1,-1,-1
415,114,1110.09,545.59,47.25,130.23,0.4878,-1,-1,-1
415,110,1165.71,536.12,51.14,117.83,0.6300,-1,-1,-1
416,95,1065.61,827.18,131.08,250.01,0.6424,-1,-1,-1
416,108,1237.71,554.00,43.98,94.89,0.4521,-1,-1,-1
416,103,814.20,672.25,114.26,307.73,0.7555,-1,-1,-1
416,113,1287.88,551.37,46.87,106.18,0.4727,-1,-1,-1
416,114,1095.02,539.21,48.79,138.58,0.5354,-1,-1,-1
416,110,1148.46,535.15,51.63,118.29,0.5832,-1,-1,-1
417,95,1029.22,830.68,142.12,246.53,0.5396,-1,-1,-1
417,108,1222.28,554.68,46.55,93.59,0.4341,-1,-1,-1
417,103,785.46,674.80,113.06,308.78,0.7305,-1,-1,-1
417,113,1274.23,551.39,44.55,107.25,0.3935,-1,-1,-1
417,114,1081.46,539.01,48.76,132.35,0.4164,-1,-1,-1
417,110,1134.10,533.33,53.10,118.76,0.5394,-1,-1,-1
418,95,1015.97,833.79,130.51,245.04,0.6617,-1,-1,-1
418,108,1207.09,556.57,43.02,91.79,0.5134,-1,-1,-1
418,103,755.38,675.66,113.13,311.33,0.7946,-1,-1,-1
418,113,1256.99,551.69,44.51,106.67,0.4052,-1,-1,-1
418,114,1062.48,539.05,49.99,136.43,0.4723,-1,-1,-1
418,110,1117.02,531.49,55.79,118.85,0.7109,-1,-1,-1
418,118,1796.73,583.38,84.73,199.04,0.4696,-1,-1,-1
418,119,1621.32,604.62,72.29,173.48,0.4246,-1,-1,-1
419,95,1004.34,836.46,116.48,242.84,0.6642,-1,-1,-1
419,108,1192.18,551.90,41.52,95.25,0.5644,-1,-1,-1
419,103,720.48,676.68,120.38,315.29,0.7998,-1,-1,-1
419,113,1240.71,549.80,46.29,106.16,0.3746,-1,-1,-1
419,114,1047.02,538.79,50.52,134.09,0.4722,-1,-1,-1
419,110,1101.63,530.82,52.93,118.57,0.5704,-1,-1,-1
419,118,1779.82,575.92,95.51,209.58,0.4984,-1,-1,-1
419,119,1608.19,610.93,75.69,168.87,0.5807,-1,-1,-1
420,95,976.17,837.54,116.86,242.21,0.7122,-1,-1,-1
420,108,1176.84,552.48,45.25,94.13,0.5383,-1,-1,-1
420,103,688.70,679.30,125.66,315.93,0.7663,-1,-1,-1
420,113,1225.23,551.77,45.84,105.89,0.3604,-1,-1,-1
420,114,1032.12,533.04,51.02,135.74,0.4454,-1,-1,-1
420,110,1088.55,530.87,51.92,116.77,0.6099,-1,-1,-1
420,118,1767.26,575.03,78.02,202.26,0.6192,-1,-1,-1
420,119,1590.75,613.17,78.23,166.24,0.4462,-1,-1,-1
420,120,904.56,782.81,110.01,296.98,0.5563,-1,-1,-1
421,95,946.96,835.78,118.27,244.36,0.6582,-1,-1,-1
421,108,1160.08,553.35,45.92,94.79,0.5056,-1,-1,-1
421,103,657.90,680.56,128.94,317.91,0.7828,-1,-1,-1
421,113,1206.87,550.44,46.52,107.32,0.4573,-1,-1,-1
421,114,1011.68,535.46,52.23,138.38,0.5135,-1,-1,-1
421,110,1071.04,531.55,54.15,117.19,0.6503,-1,-1,-1
421,118,1752.33,577.63,70.06,202.70,0.6458,-1,-1,-1
421,119,1580.02,611.68,77.70,168.08,0.4717,-1,-1,-1
421,120,872.20,773.08,118.14,307.18,0.3359,-1,-1,-1
422,95,915.55,843.06,120.66,236.78,0.7689,-1,-1,-1
422,108,1142.83,551.62,44.26,95.14,0.4911,-1,-1,-1
422,103,625.40,679.23,138.37,325.63,0.8118,-1,-1,-1
422,113,1189.15,547.66,49.23,109.72,0.3936,-1,-1,-1
422,114,990.08,529.15,57.36,142.90,0.5408,-1,-1,-1
422,110,1052.44,529.53,53.07,117.12,0.5809,-1,-1,-1
422,118,1732.83,579.32,73.97,203.06,0.2687,-1,-1,-1
422,119,1558.65,609.55,83.27,171.17,0.5052,-1,-1,-1
422,120,851.80,786.61,107.43,292.55,0.5146,-1,-1,-1
423,95,882.28,848.49,123.17,231.43,0.7498,-1,-1,-1
423,108,1123.99,552.18,48.38,94.95,0.3632,-1,-1,-1
423,103,597.62,682.31,136.82,325.34,0.7454,-1,-1,-1
423,113,1170.59,548.54,47.82,107.55,0.1545,-1,-1,-1
423,114,970.03,528.02,56.05,141.23,0.5010,-1,-1,-1
423,110,1032.14,528.18,56.77,119.02,0.5553,-1,-1,-1
423,118,1717.55,578.46,68.58,203.57,0.5409,-1,-1,-1
423,119,1549.79,608.18,72.32,171.31,0.6357,-1,-1,-1
423,120,816.77,799.55,108.68,278.75,0.5460,-1,-1,-1
424,95,855.30,855.93,118.72,224.12,0.7108,-1,-1,-1
424,108,1105.18,551.71,45.51,94.71,0.4106,-1,-1,-1
424,103,562.75,686.93,143.94,325.10,0.7655,-1,-1,-1
424,113,1154.28,546.62,47.57,110.99,0.1726,-1,-1,-1
424,114,953.21,526.99,53.69,140.30,0.5569,-1,-1,-1
424,110,1012.53,528.50,58.87,117.60,0.5795,-1,-1,-1
424,118,1694.71,573.75,69.40,206.44,0.5572,-1,-1,-1
424,119,1536.81,609.79,67.80,170.24,0.6045,-1,-1,-1
424,120,786.96,813.37,108.57,266.18,0.4702,-1,-1,-1
425,95,821.76,861.94,119.29,218.12,0.7475,-1,-1,-1
425,108,1085.30,552.38,46.00,95.64,0.2151,-1,-1,-1
425,103,522.73,687.24,149.27,329.60,0.7409,-1,-1,-1
425,114,933.19,526.05,54.41,142.04,0.4804,-1,-1,-1
425,110,993.70,527.83,57.16,120.74,0.5315,-1,-1,-1
425,118,1672.95,572.42,71.57,207.97,0.6590,-1,-1,-1
425,119,1520.39,609.37,66.16,169.73,0.6161,-1,-1,-1
425,120,752.95,806.61,108.42,272.31,0.5022,-1,-1,-1
426,95,790.09,867.42,118.45,212.58,0.7129,-1,-1,-1
426,108,1067.80,549.96,45.45,97.25,0.3574,-1,-1,-1
426,103,484.16,691.53,137.25,329.81,0.6079,-1,-1,-1
426,114,914.99,522.98,54.97,145.30,0.5143,-1,-1,-1
426,110,975.48,527.21,56.93,121.56,0.5634,-1,-1,-1
426,118,1654.16,575.94,71.08,203.16,0.6675,-1,-1,-1
426,119,1506.54,609.80,62.24,167.50,0.5680,-1,-1,-1
426,120,720.86,815.56,101.06,264.09,0.3790,-1,-1,-1
426,113,1111.67,545.16,45.65,111.99,0.3400,-1,-1,-1
427,95,755.70,873.57,119.13,206.89,0.4978,-1,-1,-1
427,108,1045.93,551.57,47.00,98.72,0.2491,-1,-1,-1
427,103,440.83,696.53,168.00,333.68,0.6919,-1,-1,-1
427,114,895.11,526.22,55.24,140.87,0.4804,-1,-1,-1
427,110,956.66,529.89,54.95,121.31,0.5068,-1,-1,-1
427,118,1632.19,579.42,73.81,203.70,0.5684,-1,-1,-1
427,119,1488.66,608.92,64.99,170.42,0.5368,-1,-1,-1
427,120,686.34,897.57,100.72,182.79,0.2285,-1,-1,-1
427,113,1089.97,546.40,47.79,112.96,0.3188,-1,-1,-1
428,95,720.26,884.84,118.45,195.90,0.5377,-1,-1,-1
428,108,1024.63,551.51,47.86,102.93,0.2221,-1,-1,-1
428,103,406.36,700.52,176.36,340.09,0.5709,-1,-1,-1
428,114,868.94,528.61,60.28,142.25,0.5739,-1,-1,-1
428,110,936.91,530.82,55.97,123.85,0.5218,-1,-1,-1
428,118,1610.81,582.99,75.95,204.61,0.5805,-1,-1,-1
428,119,1470.75,609.20,65.35,172.57,0.4360,-1,-1,-1
428,120,645.46,947.37,106.93,131.53,0.3136,-1,-1,-1
428,113,1064.48,549.57,63.56,117.10,0.2098,-1,-1,-1
428,109,1413.20,636.62,80.11,198.88,0.3564,-1,-1,-1
429,95,684.84,893.37,116.46,186.84,0.6584,-1,-1,-1
429,108,1012.04,554.34,42.22,104.34,0.2719,-1,-1,-1
429,103,382.75,703.76,145.27,323.41,0.4231,-1,-1,-1
429,114,852.05,530.94,54.87,137.84,0.4169,-1,-1,-1
429,110,917.52,531.01,54.44,125.45,0.4322,-1,-1,-1
429,118,1585.48,586.72,81.57,203.90,0.4165,-1,-1,-1
429,119,1453.12,610.42,69.13,178.44,0.4666,-1,-1,-1
429,113,1049.80,551.95,56.78,119.58,0.3359,-1,-1,-1
429,122,655.00,780.04,81.44,148.21,0.4407,-1,-1,-1
429,109,1393.36,627.59,72.78,209.80,0.3103,-1,-1,-1
430,95,638.05,904.22,125.49,176.38,0.6654,-1,-1,-1
430,108,997.40,558.29,36.45,105.08,0.2608,-1,-1,-1
430,103,329.09,708.67,163.78,331.79,0.7225,-1,-1,-1
430,114,826.83,531.80,63.88,136.82,0.3030,-1,-1,-1
430,110,893.83,531.67,57.25,126.70,0.3254,-1,-1,-1
430,118,1561.22,588.25,81.00,202.36,0.6546,-1,-1,-1
430,119,1437.19,612.35,70.36,184.28,0.6195,-1,-1,-1
430,113,1028.21,555.38,53.13,121.04,0.4399,-1,-1,-1
430,122,616.87,789.08,82.17,161.95,0.4115,-1,-1,-1
430,109,1370.24,634.32,80.26,203.19,0.3564,-1,-1,-1
430,123,540.51,858.23,122.49,211.35,0.5335,-1,-1,-1
431,95,609.65,915.15,111.50,165.04,0.5337,-1,-1,-1
431,108,977.65,560.88,37.13,107.49,0.4599,-1,-1,-1
431,103,298.62,713.09,147.96,329.89,0.5727,-1,-1,-1
431,114,801.77,540.28,64.38,134.86,0.4177,-1,-1,-1
431,110,870.30,534.62,60.23,129.29,0.2376,-1,-1,-1
431,118,1540.22,592.85,83.29,205.28,0.4342,-1,-1,-1
431,119,1415.01,616.65,73.41,183.67,0.4857,-1,-1,-1
431,113,1011.32,560.42,48.80,121.67,0.4645,-1,-1,-1
431,122,565.24,798.25,89.86,175.10,0.3687,-1,-1,-1
431,109,1348.65,632.42,80.45,209.11,0.2747,-1,-1,-1
432,95,572.53,925.52,105.33,154.47,0.6393,-1,-1,-1
432,108,959.66,563.42,35.81,106.21,0.4746,-1,-1,-1
432,103,249.15,716.27,161.79,345.10,0.3334,-1,-1,-1
432,114,780.58,538.61,65.93,134.99,0.2824,-1,-1,-1
432,118,1516.21,592.81,84.37,206.04,0.6079,-1,-1,-1
432,119,1399.50,618.73,76.78,181.17,0.4425,-1,-1,-1
432,113,988.68,559.07,51.67,127.45,0.5242,-1,-1,-1
432,122,520.75,806.14,93.43,172.46,0.4854,-1,-1,-1
432,109,1328.79,633.83,82.02,215.38,0.3300,-1,-1,-1
432,123,444.16,870.22,144.39,209.38,0.5056,-1,-1,-1
433,95,528.91,937.19,107.18,143.39,0.6465,-1,-1,-1
433,108,938.96,566.30,34.61,105.31,0.4259,-1,-1,-1
433,103,210.69,724.74,156.93,332.01,0.5653,-1,-1,-1
433,114,758.28,539.97,62.40,137.18,0.4256,-1,-1,-1
433,118,1495.68,595.87,90.63,210.37,0.5110,-1,-1,-1
433,119,1380.80,625.19,80.01,180.33,0.3775,-1,-1,-1
433,113,964.52,561.71,54.91,130.62,0.4859,-1,-1,-1
433,122,480.70,814.51,87.98,162.95,0.5406,-1,-1,-1
433,109,1310.87,649.06,77.86,205.58,0.3052,-1,-1,-1
433,123,350.14,871.56,193.09,209.67,0.6788,-1,-1,-1
434,95,484.60,947.92,106.43,130.42,0.6243,-1,-1,-1
434,108,918.13,567.49,33.29,106.91,0.2725,-1,-1,-1
434,103,164.38,728.87,118.14,338.48,0.6667,-1,-1,-1
434,114,737.29,539.16,60.66,135.65,0.3655,-1,-1,-1
434,118,1474.48,595.34,82.36,210.84,0.5548,-1,-1,-1
434,119,1360.18,626.14,86.05,182.76,0.5640,-1,-1,-1
434,113,938.86,562.32,58.66,131.10,0.5065,-1,-1,-1
434,122,434.73,818.80,92.39,171.65,0.5501,-1,-1,-1
434,109,1285.06,635.17,90.34,223.50,0.4444,-1,-1,-1
434,123,294.50,878.70,201.81,202.46,0.7396,-1,-1,-1
435,95,434.57,960.20,109.76,118.86,0.6149,-1,-1,-1
435,108,887.04,566.40,41.88,109.79,0.3148,-1,-1,-1
435,103,115.53,734.35,103.97,341.80,0.6878,-1,-1,-1
435,114,716.06,541.90,62.41,133.34,0.3430,-1,-1,-1
435,118,1453.76,598.87,77.30,209.67,0.5305,-1,-1,-1
435,119,1342.03,629.25,84.38,181.61,0.5611,-1,-1,-1
435,113,920.77,564.40,57.46,132.67,0.2998,-1,-1,-1
435,122,389.38,826.59,99.71,170.09,0.5311,-1,-1,-1
435,109,1265.02,638.60,87.89,225.71,0.4025,-1,-1,-1
435,123,255.25,887.29,192.92,193.66,0.7125,-1,-1,-1
436,95,383.99,968.31,111.60,111.24,0.5863,-1,-1,-1
436,108,869.55,567.36,37.47,112.80,0.3414,-1,-1,-1
436,103,61.41,736.18,105.67,343.45,0.7331,-1,-1,-1
436,114,693.35,542.15,58.78,134.05,0.4112,-1,-1,-1
436,118,1430.77,600.42,75.12,209.11,0.6337,-1,-1,-1
436,119,1322.87,631.08,86.98,181.81,0.6082,-1,-1,-1
436,113,897.51,565.34,58.23,131.47,0.4340,-1,-1,-1
436,122,340.91,832.16,99.88,176.49,0.5251,-1,-1,-1
436,109,1241.22,638.89,85.46,230.37,0.5587,-1,-1,-1
436,123,224.35,893.23,172.67,187.32,0.7747,-1,-1,-1
437,95,332.89,977.88,103.05,101.22,0.5186,-1,-1,-1
437,108,845.73,568.37,39.13,117.73,0.3734,-1,-1,-1
437,103,7.80,739.78,124.17,342.39,0.7427,-1,-1,-1
437,114,672.09,547.70,60.41,132.34,0.3879,-1,-1,-1
437,118,1409.20,601.05,69.18,209.11,0.5367,-1,-1,-1
437,119,1301.59,633.33,89.07,182.73,0.6762,-1,-1,-1
437,113,877.97,567.82,55.72,131.01,0.4132,-1,-1,-1
437,122,292.43,843.21,98.20,174.72,0.5842,-1,-1,-1
437,109,1222.83,644.07,78.39,232.65,0.5713,-1,-1,-1
437,123,178.57,902.95,167.28,177.89,0.7788,-1,-1,-1
437,125,921.56,558.85,44.43,129.61,0.5288,-1,-1,-1
438,95,275.33,991.85,94.25,86.74,0.4961,-1,-1,-1
438,108,824.96,567.41,36.39,117.92,0.2863,-1,-1,-1
438,103,-14.25,739.26,87.27,303.21,0.4097,-1,-1,-1
438,114,649.15,547.25,62.08,133.27,0.5398,-1,-1,-1
438,118,1385.45,597.81,67.35,208.69,0.6426,-1,-1,-1
438,119,1282.26,631.68,85.50,184.58,0.5937,-1,-1,-1
438,113,856.95,567.25,56.44,132.98,0.4913,-1,-1,-1
438,122,242.97,841.27,98.76,188.93,0.4772,-1,-1,-1
438,109,1204.12,644.26,75.29,237.03,0.5708,-1,-1,-1
438,123,125.71,911.74,162.77,168.36,0.7475,-1,-1,-1
438,125,901.55,560.86,41.68,117.58,0.2836,-1,-1,-1
439,95,214.51,1001.96,96.38,76.81,0.5589,-1,-1,-1
439,108,794.79,566.24,45.46,118.90,0.2837,-1,-1,-1
439,114,626.78,548.01,61.73,134.59,0.4495,-1,-1,-1
439,118,1361.34,599.03,66.02,210.11,0.6038,-1,-1,-1
439,119,1263.44,632.44,79.56,183.65,0.5901,-1,-1,-1
439,113,834.48,567.56,54.85,134.42,0.4638,-1,-1,-1
439,122,193.13,849.15,97.47,186.89,0.2436,-1,-1,-1
439,109,1180.19,646.03,83.64,240.27,0.6069,-1,-1,-1
439,123,68.65,920.30,159.00,159.56,0.7723,-1,-1,-1
439,125,881.42,562.07,41.76,124.47,0.3218,-1,-1,-1
440,95,153.15,1014.64,100.50,65.34,0.3627,-1,-1,-1
440,108,765.61,567.92,43.38,117.74,0.2085,-1,-1,-1
440,114,601.90,551.85,53.54,130.15,0.6291,-1,-1,-1
440,118,1336.10,600.24,67.76,209.58,0.6068,-1,-1,-1
440,119,1242.81,633.76,79.84,189.92,0.5398,-1,-1,-1
440,113,812.07,568.77,53.08,136.59,0.4417,-1,-1,-1
440,122,136.36,861.00,96.40,184.56,0.4747,-1,-1,-1
440,109,1153.83,652.84,90.56,240.35,0.6823,-1,-1,-1
440,123,5.38,930.02,160.89,150.45,0.7367,-1,-1,-1
440,125,860.15,562.83,42.94,128.10,0.2597,-1,-1,-1
440,110,670.96,544.87,53.66,134.03,0.3847,-1,-1,-1
441,114,578.63,549.08,53.16,132.80,0.5486,-1,-1,-1
441,118,1308.61,598.98,71.20,217.47,0.5838,-1,-1,-1
441,119,1223.63,633.75,75.37,195.04,0.5356,-1,-1,-1
441,113,791.20,568.60,50.65,137.47,0.3847,-1,-1,-1
441,122,77.31,869.94,107.01,201.25,0.4317,-1,-1,-1
441,109,1128.99,656.39,95.83,240.80,0.7633,-1,-1,-1
441,123,-17.77,941.18,117.11,139.13,0.5768,-1,-1,-1
441,125,836.61,562.06,44.27,131.82,0.4577,-1,-1,-1
441,110,645.63,540.19,55.66,137.80,0.3381,-1,-1,-1
442,114,554.85,550.00,51.42,130.85,0.5148,-1,-1,-1
442,118,1284.94,600.53,69.65,216.05,0.6021,-1,-1,-1
442,119,1206.45,636.50,71.92,194.77,0.5199,-1,-1,-1
442,113,769.02,568.37,49.55,139.06,0.4438,-1,-1,-1
442,122,11.51,879.32,117.51,200.70,0.6594,-1,-1,-1
442,109,1103.13,666.68,99.66,233.48,0.7685,-1,-1,-1
442,125,813.58,564.68,45.94,130.00,0.3317,-1,-1,-1
442,110,621.15,537.51,58.64,142.75,0.3753,-1,-1,-1
442,126,736.42,569.75,35.67,130.42,0.4352,-1,-1,-1
443,114,531.09,563.58,47.16,119.02,0.5181,-1,-1,-1
443,118,1256.85,602.13,71.53,219.84,0.5908,-1,-1,-1
443,119,1185.39,636.84,72.22,197.41,0.6805,-1,-1,-1
443,113,746.87,569.83,47.99,138.04,0.3593,-1,-1,-1
443,109,1078.97,673.17,105.97,228.52,0.7830,-1,-1,-1
443,125,790.39,567.29,48.05,129.28,0.2776,-1,-1,-1
443,110,595.48,528.93,62.66,149.62,0.3994,-1,-1,-1
443,126,712.32,571.03,36.21,132.66,0.4564,-1,-1,-1
444,114,505.00,566.36,45.84,117.08,0.5785,-1,-1,-1
444,118,1230.09,603.71,73.74,217.49,0.6595,-1,-1,-1
444,119,1163.00,638.20,73.06,197.23,0.7125,-1,-1,-1
444,113,722.13,568.37,48.76,140.53,0.3351,-1,-1,-1
444,109,1052.16,676.29,106.97,230.61,0.7156,-1,-1,-1
444,125,770.13,567.06,46.42,129.94,0.3311,-1,-1,-1
444,110,572.56,531.75,57.43,145.72,0.1784,-1,-1,-1
444,126,689.46,572.95,36.07,131.61,0.3752,-1,-1,-1
445,114,480.63,570.05,44.80,118.33,0.5718,-1,-1,-1
445,118,1203.76,602.34,69.95,222.08,0.6145,-1,-1,-1
445,119,1139.85,637.42,75.39,202.47,0.6517,-1,-1,-1
445,113,699.53,569.29,47.31,139.92,0.3692,-1,-1,-1
445,109,1027.23,677.56,102.25,233.66,0.7716,-1,-1,-1
445,125,744.35,567.20,46.81,132.55,0.3654,-1,-1,-1
445,110,550.30,519.70,59.67,156.98,0.3548,-1,-1,-1
445,126,664.80,573.56,36.90,135.67,0.4711,-1,-1,-1
446,114,454.14,570.86,46.45,118.45,0.5703,-1,-1,-1
446,118,1178.47,602.85,72.98,221.79,0.6725,-1,-1,-1
446,119,1117.45,638.79,74.03,202.02,0.6797,-1,-1,-1
446,113,674.35,567.94,47.75,143.04,0.4169,-1,-1,-1
446,109,999.45,676.60,99.47,239.79,0.7731,-1,-1,-1
446,110,524.52,515.93,60.41,160.69,0.4144,-1,-1,-1
446,126,639.83,573.58,37.95,136.18,0.3507,-1,-1,-1
447,114,427.52,572.80,47.04,117.56,0.5537,-1,-1,-1
447,118,1153.00,601.25,72.60,223.38,0.6956,-1,-1,-1
447,119,1090.57,642.56,75.79,202.86,0.6838,-1,-1,-1
447,113,652.46,569.89,43.04,141.75,0.1648,-1,-1,-1
447,109,974.13,673.18,95.47,249.01,0.6443,-1,-1,-1
447,110,498.99,515.17,61.39,160.62,0.3604,-1,-1,-1
447,126,615.92,573.20,40.50,137.81,0.3544,-1,-1,-1
448,114,399.79,574.28,48.32,116.01,0.4287,-1,-1,-1
448,118,1125.15,602.82,68.59,220.83,0.6609,-1,-1,-1
448,119,1067.06,640.26,74.37,204.11,0.6316,-1,-1,-1
448,109,943.36,671.09,94.79,253.46,0.6803,-1,-1,-1
448,110,477.36,515.69,58.05,161.28,0.3589,-1,-1,-1
448,126,575.90,570.66,52.02,142.62,0.2854,-1,-1,-1
448,127,1000.15,615.62,64.30,166.01,0.3894,-1,-1,-1
449,114,370.66,570.56,52.83,119.59,0.6233,-1,-1,-1
449,118,1097.77,604.50,64.58,219.90,0.5671,-1,-1,-1
449,119,1041.11,638.99,78.33,207.80,0.6347,-1,-1,-1
449,109,913.01,670.12,104.98,264.55,0.6900,-1,-1,-1
449,110,449.90,507.11,64.42,170.51,0.3377,-1,-1,-1
449,126,541.58,566.58,52.70,148.66,0.4477,-1,-1,-1
449,127,974.85,615.55,61.48,143.91,0.2265,-1,-1,-1
449,125,651.96,562.06,45.84,135.74,0.3427,-1,-1,-1
450,114,340.89,568.44,54.15,121.06,0.5482,-1,-1,-1
450,118,1070.41,605.35,61.10,219.89,0.4627,-1,-1,-1
450,119,1019.28,641.11,72.81,203.29,0.5218,-1,-1,-1
450,109,882.39,673.99,99.41,259.86,0.6482,-1,-1,-1
450,110,424.88,503.86,67.64,178.42,0.2409,-1,-1,-1
450,127,943.50,614.53,69.36,201.22,0.4260,-1,-1,-1
450,128,1833.62,775.80,79.45,303.15,0.7836,-1,-1,-1
450,125,626.96,559.35,46.48,138.17,0.2812,-1,-1,-1
451,114,313.49,566.64,52.78,122.59,0.3531,-1,-1,-1
451,118,1039.51,606.29,60.94,227.62,0.3174,-1,-1,-1
451,119,990.25,636.47,83.07,213.02,0.5233,-1,-1,-1
451,109,850.94,680.45,93.55,266.89,0.7651,-1,-1,-1
451,127,916.27,616.19,70.31,218.03,0.4363,-1,-1,-1
451,128,1804.17,774.39,104.72,304.33,0.8403,-1,-1,-1
451,125,604.38,558.98,45.64,139.12,0.2982,-1,-1,-1
452,114,284.74,567.43,48.49,123.15,0.4944,-1,-1,-1
452,119,964.31,620.72,86.78,232.38,0.4461,-1,-1,-1
452,109,818.56,685.76,100.53,270.27,0.8028,-1,-1,-1
452,127,893.31,619.39,66.17,222.54,0.3654,-1,-1,-1
452,128,1772.05,774.22,134.92,303.47,0.8552,-1,-1,-1
452,125,580.51,559.74,44.95,138.72,0.1806,-1,-1,-1
453,114,252.67,569.63,50.65,123.78,0.3513,-1,-1,-1
453,119,939.19,618.17,89.42,236.82,0.5620,-1,-1,-1
453,109,786.38,691.57,104.17,269.05,0.7359,-1,-1,-1
453,128,1739.72,773.45,167.29,304.60,0.8486,-1,-1,-1
453,125,555.65,559.91,47.76,140.87,0.2748,-1,-1,-1
453,129,458.19,567.00,40.91,153.27,0.3804,-1,-1,-1
454,114,224.17,570.95,50.96,124.04,0.3434,-1,-1,-1
454,119,914.44,614.34,84.14,244.92,0.6746,-1,-1,-1
454,109,751.48,695.33,104.16,271.67,0.7776,-1,-1,-1
454,128,1710.32,772.72,184.37,307.79,0.8562,-1,-1,-1
454,125,527.00,560.92,51.08,141.08,0.3213,-1,-1,-1
454,129,428.62,569.57,42.79,155.66,0.4400,-1,-1,-1
454,127,840.88,620.43,64.51,221.00,0.4270,-1,-1,-1
455,119,887.11,616.79,82.08,248.21,0.7289,-1,-1,-1
455,109,716.10,699.53,101.46,274.40,0.7855,-1,-1,-1
455,128,1680.22,773.35,192.70,308.37,0.8522,-1,-1,-1
455,125,499.32,563.68,48.16,143.36,0.3973,-1,-1,-1
455,129,400.26,571.73,44.10,158.50,0.4813,-1,-1,-1
455,127,813.41,630.57,62.24,218.99,0.6829,-1,-1,-1
456,119,860.00,614.33,79.00,251.37,0.6915,-1,-1,-1
456,109,679.86,697.39,94.34,288.87,0.7836,-1,-1,-1
456,128,1646.75,768.93,197.81,311.87,0.8585,-1,-1,-1
456,125,474.02,561.57,46.96,146.14,0.4926,-1,-1,-1
456,129,372.15,572.17,42.63,161.55,0.3419,-1,-1,-1
456,127,782.97,632.17,65.24,222.75,0.5992,-1,-1,-1
457,119,826.65,619.90,85.10,251.64,0.5785,-1,-1,-1
457,109,643.83,696.97,90.75,303.59,0.7724,-1,-1,-1
457,128,1612.39,763.16,198.95,316.83,0.8523,-1,-1,-1
457,125,444.31,562.35,51.13,146.06,0.4457,-1,-1,-1
457,129,342.59,570.34,42.43,158.58,0.3939,-1,-1,-1
457,127,755.02,633.10,70.58,225.69,0.6259,-1,-1,-1
458,119,795.50,621.60,88.31,256.16,0.7011,-1,-1,-1
458,109,607.06,700.48,99.08,314.13,0.7407,-1,-1,-1
458,128,1577.91,760.99,200.39,318.57,0.8505,-1,-1,-1
458,125,412.62,561.29,55.84,148.31,0.4306,-1,-1,-1
458,129,311.64,572.47,44.54,163.15,0.4710,-1,-1,-1
458,127,721.97,638.50,70.82,224.71,0.6322,-1,-1,-1
458,126,267.50,577.02,51.16,160.01,0.3521,-1,-1,-1
458,114,87.45,551.80,62.94,149.87,0.5280,-1,-1,-1
459,119,766.30,658.35,88.25,224.03,0.4770,-1,-1,-1
459,109,566.03,704.35,102.23,322.78,0.7356,-1,-1,-1
459,128,1543.44,756.69,200.78,323.90,0.8501,-1,-1,-1
459,125,385.39,562.26,48.81,153.17,0.2458,-1,-1,-1
459,129,279.19,575.33,47.24,164.52,0.4409,-1,-1,-1
459,127,691.08,647.30,70.78,217.23,0.5332,-1,-1,-1
459,126,237.17,577.83,50.85,160.78,0.3201,-1,-1,-1
459,114,53.58,555.03,60.38,150.63,0.4963,-1,-1,-1
460,119,729.71,668.45,94.76,219.15,0.6046,-1,-1,-1
460,109,521.48,707.18,104.45,333.63,0.7363,-1,-1,-1
460,128,1507.96,757.66,199.60,323.53,0.8536,-1,-1,-1
460,125,357.23,565.79,55.43,151.58,0.4219,-1,-1,-1
460,129,247.35,578.09,47.41,162.49,0.3294,-1,-1,-1
460,127,658.69,650.90,71.65,220.65,0.6609,-1,-1,-1
460,126,202.55,604.05,47.89,138.12,0.2195,-1,-1,-1
460,114,18.71,551.74,60.01,154.88,0.1799,-1,-1,-1
461,119,702.46,650.65,88.73,242.35,0.6983,-1,-1,-1
461,109,474.70,720.92,108.04,332.57,0.7103,-1,-1,-1
461,128,1473.30,759.69,196.15,321.10,0.8650,-1,-1,-1
461,125,328.19,565.02,51.55,154.86,0.3656,-1,-1,-1
461,129,217.56,580.59,46.32,161.61,0.3332,-1,-1,-1
461,127,624.05,654.08,72.86,225.36,0.6036,-1,-1,-1
461,126,166.98,592.34,64.36,154.32,0.3407,-1,-1,-1
461,114,-5.31,554.22,43.55,156.53,0.3965,-1,-1,-1
462,119,669.88,639.95,91.20,258.01,0.5897,-1,-1,-1
462,109,427.50,731.14,118.10,329.00,0.7561,-1,-1,-1
462,128,1439.39,769.86,193.95,310.67,0.8506,-1,-1,-1
462,125,298.29,566.95,53.06,153.80,0.3393,-1,-1,-1
462,129,183.47,580.47,48.93,167.44,0.4213,-1,-1,-1
462,127,591.33,654.51,73.52,229.30,0.5053,-1,-1,-1
462,126,133.18,586.18,63.72,161.86,0.3656,-1,-1,-1
463,119,634.36,646.07,102.13,259.47,0.7216,-1,-1,-1
463,109,382.39,739.37,124.75,330.07,0.7760,-1,-1,-1
463,128,1404.61,784.61,191.11,296.26,0.8484,-1,-1,-1
463,125,267.86,575.69,55.33,148.71,0.2634,-1,-1,-1
463,129,144.18,586.67,57.40,164.49,0.3592,-1,-1,-1
463,127,555.29,655.56,76.58,233.56,0.5835,-1,-1,-1
463,126,95.87,610.81,61.77,139.17,0.3787,-1,-1,-1
464,119,598.86,645.43,107.16,265.49,0.6788,-1,-1,-1
464,109,333.97,748.59,136.61,329.52,0.6682,-1,-1,-1
464,128,1370.00,799.29,190.21,281.93,0.8723,-1,-1,-1
464,125,232.94,578.43,60.45,150.58,0.2678,-1,-1,-1
464,129,106.46,589.02,60.10,167.52,0.3387,-1,-1,-1
464,127,519.35,659.57,84.66,235.41,0.5358,-1,-1,-1
464,126,60.26,609.35,60.16,145.21,0.2415,-1,-1,-1
465,119,559.62,647.37,112.55,268.47,0.7093,-1,-1,-1
465,109,282.89,750.97,152.58,331.77,0.7201,-1,-1,-1
465,128,1334.33,814.35,189.65,266.20,0.8570,-1,-1,-1
465,129,68.36,587.49,62.49,171.03,0.2976,-1,-1,-1
465,127,484.07,658.82,87.09,239.40,0.6630,-1,-1,-1
465,126,22.89,616.70,59.02,140.17,0.2173,-1,-1,-1
465,113,122.21,575.75,58.80,167.64,0.3648,-1,-1,-1
466,119,526.59,672.98,109.50,252.15,0.6715,-1,-1,-1
466,109,227.50,757.86,166.88,326.43,0.8047,-1,-1,-1
466,128,1299.34,827.21,188.63,253.59,0.8279,-1,-1,-1
466,129,28.12,592.00,67.69,170.18,0.3248,-1,-1,-1
466,127,445.47,654.81,93.79,249.27,0.6201,-1,-1,-1
466,113,88.49,577.39,58.12,169.34,0.1870,-1,-1,-1
467,119,488.79,681.47,113.06,251.50,0.6665,-1,-1,-1
467,109,172.97,763.46,174.94,320.89,0.8409,-1,-1,-1
467,128,1266.29,838.47,185.45,241.71,0.7982,-1,-1,-1
467,129,-3.75,586.35,56.94,174.01,0.2730,-1,-1,-1
467,127,405.53,662.38,101.89,249.45,0.5695,-1,-1,-1
467,113,52.01,576.66,58.97,169.95,0.1566,-1,-1,-1
467,125,132.57,564.51,73.55,174.82,0.3773,-1,-1,-1
468,119,453.04,694.45,109.18,244.24,0.6072,-1,-1,-1
468,109,115.81,765.87,182.95,317.15,0.8535,-1,-1,-1
468,128,1233.50,848.61,182.78,231.28,0.8418,-1,-1,-1
468,127,369.85,665.12,91.21,252.20,0.3714,-1,-1,-1
468,113,19.36,578.64,55.48,169.96,0.2133,-1,-1,-1
468,125,106.51,574.44,65.85,170.99,0.3259,-1,-1,-1
469,119,413.11,697.27,112.31,245.91,0.5599,-1,-1,-1
469,109,56.26,772.59,189.53,308.92,0.8413,-1,-1,-1
469,128,1202.26,855.78,176.44,223.85,0.8575,-1,-1,-1
469,127,331.79,667.67,79.19,243.61,0.5331,-1,-1,-1
470,119,373.66,699.38,112.87,250.42,0.6654,-1,-1,-1
470,109,2.68,775.39,186.90,306.24,0.8446,-1,-1,-1
470,128,1168.44,856.32,174.39,222.94,0.8429,-1,-1,-1
470,127,290.07,662.70,98.46,262.55,0.5171,-1,-1,-1
471,119,337.78,699.53,110.90,254.66,0.6809,-1,-1,-1
471,109,-16.56,782.39,151.11,296.55,0.7705,-1,-1,-1
471,128,1131.32,854.38,174.39,224.26,0.8498,-1,-1,-1
471,127,250.39,660.76,98.21,273.97,0.5288,-1,-1,-1
472,119,298.58,698.60,109.83,257.15,0.6605,-1,-1,-1
472,128,1092.72,852.44,175.36,226.30,0.8265,-1,-1,-1
472,127,212.36,654.52,107.33,281.93,0.5766,-1,-1,-1
473,119,258.64,699.59,106.93,261.83,0.6884,-1,-1,-1
473,128,1052.62,852.51,178.64,227.59,0.8492,-1,-1,-1
473,127,166.36,658.75,111.25,287.92,0.5631,-1,-1,-1
474,119,218.60,703.35,101.62,261.82,0.6904,-1,-1,-1
474,128,1011.89,851.89,182.78,228.41,0.8506,-1,-1,-1
474,127,122.48,657.56,113.89,293.08,0.6525,-1,-1,-1
475,119,175.04,702.70,100.70,269.47,0.7061,-1,-1,-1
475,128,970.26,851.80,181.00,228.22,0.8340,-1,-1,-1
475,127,74.66,663.20,104.68,292.15,0.5924,-1,-1,-1
476,119,126.43,705.32,107.90,273.18,0.7537,-1,-1,-1
476,128,928.55,858.51,175.12,222.47,0.7549,-1,-1,-1
476,127,25.70,679.04,104.25,279.82,0.6382,-1,-1,-1
477,119,79.25,704.90,111.57,280.35,0.7139,-1,-1,-1
477,128,886.18,863.28,187.79,217.08,0.6596,-1,-1,-1
477,127,-6.81,704.83,87.34,251.67,0.3805,-1,-1,-1
478,119,26.72,713.78,98.42,256.00,0.3686,-1,-1,-1
478,128,842.51,869.31,193.67,211.34,0.7550,-1,-1,-1
479,128,798.15,880.80,193.70,199.86,0.6749,-1,-1,-1
480,128,750.08,890.68,192.96,190.39,0.6641,-1,-1,-1
481,128,703.13,885.69,189.46,195.96,0.7855,-1,-1,-1
482,128,681.61,881.23,164.00,199.40,0.7740,-1,-1,-1
483,128,621.75,878.92,171.35,200.52,0.8150,-1,-1,-1
483,133,1791.41,657.61,96.81,235.71,0.7169,-1,-1,-1
483,134,1722.13,649.14,81.64,139.86,0.4871,-1,-1,-1
484,128,566.03,877.43,175.03,201.62,0.8334,-1,-1,-1
484,133,1751.88,656.61,96.25,239.50,0.6563,-1,-1,-1
484,134,1682.22,646.87,81.23,251.95,0.4625,-1,-1,-1
485,128,512.78,878.26,173.97,200.95,0.8323,-1,-1,-1
485,133,1710.75,659.09,91.24,237.02,0.6323,-1,-1,-1
485,134,1646.45,647.16,74.56,219.98,0.5511,-1,-1,-1
486,128,461.86,878.98,173.02,198.25,0.8499,-1,-1,-1
486,133,1671.38,657.91,83.80,212.32,0.6008,-1,-1,-1
486,134,1599.84,644.65,82.72,210.21,0.4142,-1,-1,-1
487,128,407.28,886.90,172.85,190.40,0.8558,-1,-1,-1
487,133,1629.37,659.27,82.28,204.07,0.3950,-1,-1,-1
487,134,1554.99,645.56,82.83,279.51,0.3275,-1,-1,-1
488,128,353.50,898.08,172.56,179.85,0.8582,-1,-1,-1
488,133,1588.76,660.42,79.24,164.18,0.3911,-1,-1,-1
488,134,1512.37,647.07,87.09,270.61,0.3622,-1,-1,-1
489,128,302.94,913.51,167.90,165.10,0.8446,-1,-1,-1
489,133,1548.70,660.82,72.67,144.37,0.3813,-1,-1,-1
489,134,1457.55,649.74,98.59,263.51,0.6563,-1,-1,-1
490,128,253.86,927.02,159.13,151.95,0.8217,-1,-1,-1
490,133,1505.75,666.55,73.00,137.54,0.4473,-1,-1,-1
490,134,1408.51,657.94,104.72,255.50,0.6963,-1,-1,-1
491,128,204.16,943.15,153.04,136.97,0.8067,-1,-1,-1
491,133,1455.63,671.79,81.35,135.70,0.3428,-1,-1,-1
491,134,1363.78,663.31,103.15,252.35,0.7023,-1,-1,-1
492,128,154.66,951.19,149.42,128.48,0.8023,-1,-1,-1
492,133,1411.28,677.06,85.93,136.92,0.3355,-1,-1,-1
492,134,1325.49,667.53,98.95,251.24,0.6262,-1,-1,-1
493,128,99.29,960.58,149.97,120.57,0.8063,-1,-1,-1
493,133,1369.77,679.13,82.98,134.43,0.3800,-1,-1,-1
493,134,1286.65,669.03,93.40,256.29,0.6424,-1,-1,-1
494,128,42.36,965.81,147.75,114.18,0.7974,-1,-1,-1
494,133,1326.52,682.67,81.10,137.63,0.4809,-1,-1,-1
494,134,1250.04,672.21,83.53,262.19,0.6543,-1,-1,-1
495,128,-4.32,968.17,134.59,111.96,0.8044,-1,-1,-1
495,133,1283.32,687.87,78.66,139.99,0.4730,-1,-1,-1
495,134,1213.38,677.23,70.75,263.99,0.5884,-1,-1,-1
496,128,-18.42,968.76,80.14,111.25,0.5921,-1,-1,-1
496,133,1238.46,694.71,76.65,141.31,0.2920,-1,-1,-1
496,134,1172.17,682.00,68.11,270.64,0.6294,-1,-1,-1
497,134,1128.88,681.02,64.95,271.80,0.5993,-1,-1,-1
498,134,1080.94,680.46,69.76,275.09,0.6582,-1,-1,-1
498,133,1135.51,691.04,90.19,229.43,0.4746,-1,-1,-1
499,134,1032.25,680.66,72.67,275.22,0.6607,-1,-1,-1
499,133,1096.12,687.71,89.31,253.36,0.5533,-1,-1,-1
500,134,981.81,678.80,79.19,275.82,0.7316,-1,-1,-1
500,133,1051.92,685.90,86.59,261.65,0.6232,-1,-1,-1
501,134,934.27,679.91,87.45,276.74,0.7279,-1,-1,-1
501,133,1008.88,685.83,85.93,273.03,0.6588,-1,-1,-1
502,134,883.28,680.16,92.43,275.43,0.6860,-1,-1,-1
502,133,962.03,684.26,83.25,279.39,0.5907,-1,-1,-1
503,134,833.55,682.48,97.01,272.59,0.6909,-1,-1,-1
503,133,914.08,683.50,81.49,279.25,0.5855,-1,-1,-1
504,134,786.09,682.25,99.30,275.50,0.7615,-1,-1,-1
504,133,871.54,684.82,80.79,283.47,0.5895,-1,-1,-1
504,136,1831.74,652.09,77.05,165.78,0.7213,-1,-1,-1
505,134,735.93,682.93,100.96,286.87,0.7848,-1,-1,-1
505,133,825.21,689.13,82.13,298.82,0.5897,-1,-1,-1
505,136,1798.64,647.21,80.13,174.45,0.6052,-1,-1,-1
506,134,688.14,686.95,95.63,292.78,0.7065,-1,-1,-1
506,133,774.00,693.72,87.80,302.85,0.5742,-1,-1,-1
506,136,1764.22,654.05,77.71,169.11,0.6667,-1,-1,-1
506,137,1844.71,660.14,57.45,177.37,0.6144,-1,-1,-1
507,134,638.39,692.28,92.10,293.98,0.7608,-1,-1,-1
507,133,700.30,699.05,109.99,314.33,0.7070,-1,-1,-1
507,136,1736.96,654.97,71.15,166.53,0.6424,-1,-1,-1
507,137,1813.06,654.00,74.01,181.64,0.7324,-1,-1,-1
508,134,591.26,699.10,86.38,296.77,0.7604,-1,-1,-1
508,133,642.55,708.89,118.08,325.97,0.7298,-1,-1,-1
508,136,1702.14,658.14,74.53,167.56,0.5627,-1,-1,-1
508,137,1780.63,661.45,78.08,179.84,0.6053,-1,-1,-1
509,134,541.66,707.42,82.46,303.86,0.6887,-1,-1,-1
509,133,591.57,716.20,116.54,326.86,0.7478,-1,-1,-1
509,136,1668.36,664.11,76.37,169.06,0.6945,-1,-1,-1
509,137,1746.17,660.84,78.61,180.88,0.7213,-1,-1,-1
510,134,488.40,713.10,85.33,306.26,0.6369,-1,-1,-1
510,133,544.88,723.97,111.08,332.45,0.6775,-1,-1,-1
510,136,1636.88,670.40,72.06,168.13,0.6840,-1,-1,-1
510,137,1710.81,666.94,77.75,181.49,0.6912,-1,-1,-1
511,134,433.77,720.59,87.52,300.99,0.6171,-1,-1,-1
511,133,493.98,733.30,109.39,333.03,0.7493,-1,-1,-1
511,136,1599.74,673.19,72.01,169.38,0.7162,-1,-1,-1
511,137,1676.82,668.59,73.41,182.72,0.7270,-1,-1,-1
512,134,380.39,727.10,87.48,311.06,0.5386,-1,-1,-1
512,133,425.45,742.33,127.69,326.77,0.7185,-1,-1,-1
512,136,1561.01,672.94,76.98,176.50,0.7049,-1,-1,-1
512,137,1641.08,672.79,75.55,184.43,0.6747,-1,-1,-1
513,134,293.95,732.81,117.91,315.57,0.6430,-1,-1,-1
513,133,372.97,747.84,127.66,332.65,0.7004,-1,-1,-1
513,136,1525.03,672.25,80.71,178.83,0.7515,-1,-1,-1
513,137,1607.58,672.80,71.23,188.55,0.6600,-1,-1,-1
513,139,1619.78,567.84,35.39,106.53,0.3498,-1,-1,-1
514,134,218.92,739.48,136.67,322.52,0.5437,-1,-1,-1
514,133,312.55,753.42,131.72,330.40,0.7653,-1,-1,-1
514,136,1492.48,675.77,77.06,179.38,0.6381,-1,-1,-1
514,137,1569.81,673.32,77.33,195.25,0.6811,-1,-1,-1
514,139,1590.52,570.82,36.16,110.24,0.5218,-1,-1,-1
515,134,156.94,746.97,148.81,326.59,0.3863,-1,-1,-1
515,133,261.74,758.03,128.52,324.95,0.6423,-1,-1,-1
515,136,1462.16,674.75,74.37,179.96,0.7032,-1,-1,-1
515,137,1536.86,673.49,72.99,198.33,0.6556,-1,-1,-1
515,139,1561.93,570.85,38.95,111.62,0.6313,-1,-1,-1
516,134,97.79,752.10,139.28,328.57,0.3568,-1,-1,-1
516,133,203.77,762.70,122.75,318.92,0.6314,-1,-1,-1
516,136,1430.26,674.13,72.51,180.07,0.7502,-1,-1,-1
516,137,1504.63,676.99,72.75,199.26,0.6137,-1,-1,-1
516,139,1535.29,571.05,39.38,113.04,0.6463,-1,-1,-1
517,134,70.33,755.22,102.95,282.10,0.3553,-1,-1,-1
517,133,124.62,766.84,146.97,313.33,0.7484,-1,-1,-1
517,136,1396.44,672.85,74.82,183.73,0.6915,-1,-1,-1
517,137,1472.53,674.01,74.01,200.90,0.6683,-1,-1,-1
517,139,1508.03,571.48,39.12,109.58,0.6154,-1,-1,-1
517,140,1849.74,738.06,63.91,268.52,0.6686,-1,-1,-1
518,134,8.29,758.75,101.02,302.55,0.4867,-1,-1,-1
518,133,65.08,774.52,143.08,307.13,0.6764,-1,-1,-1
518,136,1359.97,675.06,80.74,184.71,0.5465,-1,-1,-1
518,137,1442.55,679.65,60.36,194.88,0.6112,-1,-1,-1
518,139,1479.95,571.90,40.34,107.32,0.5769,-1,-1,-1
518,140,1822.58,734.65,83.01,272.61,0.6596,-1,-1,-1
519,133,1.87,782.54,148.33,299.74,0.8031,-1,-1,-1
519,136,1322.94,675.23,85.18,186.65,0.6923,-1,-1,-1
519,137,1411.14,677.82,60.43,195.35,0.6636,-1,-1,-1
519,139,1452.10,569.09,43.21,107.05,0.5472,-1,-1,-1
519,140,1785.14,733.04,100.75,272.44,0.7417,-1,-1,-1
520,133,-21.46,789.39,108.42,292.10,0.3815,-1,-1,-1
520,136,1288.23,675.42,87.03,188.55,0.7503,-1,-1,-1
520,137,1376.23,677.20,71.68,196.93,0.7175,-1,-1,-1
520,139,1426.64,569.95,43.02,103.50,0.5410,-1,-1,-1
520,140,1752.26,733.23,105.54,274.34,0.6000,-1,-1,-1
521,136,1253.94,679.81,88.28,185.46,0.7220,-1,-1,-1
521,137,1346.94,678.36,70.43,202.00,0.7117,-1,-1,-1
521,139,1400.87,570.40,43.50,102.00,0.5577,-1,-1,-1
521,140,1714.69,732.31,110.95,276.22,0.5823,-1,-1,-1
522,136,1224.22,679.97,83.96,185.69,0.7214,-1,-1,-1
522,137,1315.13,677.54,68.31,202.97,0.6769,-1,-1,-1
522,139,1375.00,569.60,46.53,101.33,0.5400,-1,-1,-1
522,140,1685.70,732.48,108.77,194.30,0.4780,-1,-1,-1
523,136,1193.83,683.22,79.38,182.33,0.7338,-1,-1,-1
523,137,1281.34,678.51,72.64,205.52,0.7022,-1,-1,-1
523,139,1350.02,569.13,50.29,101.47,0.5398,-1,-1,-1
523,140,1647.16,729.93,114.60,251.18,0.6681,-1,-1,-1
524,136,1164.93,685.74,76.45,184.34,0.7120,-1,-1,-1
524,137,1250.28,680.56,73.22,206.48,0.7241,-1,-1,-1
524,139,1323.97,570.01,53.12,100.58,0.5655,-1,-1,-1
524,140,1612.78,727.01,115.00,267.72,0.6904,-1,-1,-1
525,136,1133.40,682.49,72.51,191.88,0.6781,-1,-1,-1
525,137,1215.87,678.58,73.90,212.42,0.6378,-1,-1,-1
525,139,1299.23,570.03,53.91,101.21,0.5812,-1,-1,-1
525,140,1579.26,727.60,117.10,273.74,0.7929,-1,-1,-1
526,136,1101.04,684.46,71.23,194.41,0.7437,-1,-1,-1
526,137,1179.33,678.00,79.47,217.98,0.7262,-1,-1,-1
526,139,1275.52,572.09,50.95,99.44,0.5838,-1,-1,-1
526,140,1545.33,724.25,117.84,277.05,0.7743,-1,-1,-1
527,136,1071.56,684.29,69.51,195.46,0.6847,-1,-1,-1
527,137,1144.70,680.77,80.78,219.52,0.6788,-1,-1,-1
527,139,1253.06,572.91,48.39,99.07,0.5492,-1,-1,-1
527,140,1513.88,723.06,115.59,275.71,0.5404,-1,-1,-1
528,136,1038.04,685.78,70.34,200.69,0.7001,-1,-1,-1
528,137,1110.02,684.17,84.35,222.68,0.7575,-1,-1,-1
528,139,1229.41,573.14,49.40,99.72,0.6033,-1,-1,-1
528,140,1479.04,725.36,117.60,272.37,0.7012,-1,-1,-1
529,136,1004.42,687.37,72.77,206.88,0.7332,-1,-1,-1
529,137,1068.36,687.50,94.49,226.79,0.7585,-1,-1,-1
529,139,1206.61,572.77,48.76,100.55,0.5897,-1,-1,-1
529,140,1442.58,726.19,122.64,276.42,0.6300,-1,-1,-1
530,136,969.87,694.49,74.61,209.20,0.6681,-1,-1,-1
530,137,1031.89,690.45,99.09,229.88,0.6777,-1,-1,-1
530,139,1183.51,572.84,46.92,100.60,0.6145,-1,-1,-1
530,140,1409.78,728.19,126.46,285.06,0.7402,-1,-1,-1
531,136,936.91,698.73,75.87,207.25,0.6235,-1,-1,-1
531,137,996.80,695.73,104.82,231.25,0.7048,-1,-1,-1
531,139,1161.90,571.28,45.65,102.21,0.6201,-1,-1,-1
531,140,1379.32,726.95,130.40,291.41,0.8186,-1,-1,-1
532,136,899.30,702.35,82.48,211.43,0.6622,-1,-1,-1
532,137,962.49,701.48,106.98,237.24,0.6898,-1,-1,-1
532,139,1141.65,571.25,44.78,104.78,0.6682,-1,-1,-1
532,140,1351.29,731.88,135.02,292.27,0.7074,-1,-1,-1
533,136,862.44,706.70,85.24,210.05,0.6868,-1,-1,-1
533,137,935.41,702.53,102.97,241.67,0.7113,-1,-1,-1
533,139,1118.93,569.96,45.89,106.87,0.6539,-1,-1,-1
533,140,1325.67,734.40,122.44,293.96,0.7371,-1,-1,-1
534,136,832.65,706.16,84.40,212.46,0.6525,-1,-1,-1
534,137,910.20,705.81,97.72,236.95,0.7623,-1,-1,-1
534,139,1097.75,570.66,44.89,108.62,0.6532,-1,-1,-1
534,140,1299.08,737.06,116.07,294.97,0.7134,-1,-1,-1
535,136,801.98,706.12,83.45,220.89,0.6753,-1,-1,-1
535,137,880.89,707.72,93.05,242.82,0.7504,-1,-1,-1
535,139,1076.12,569.97,43.22,110.20,0.6550,-1,-1,-1
535,140,1273.87,738.81,112.96,295.67,0.7397,-1,-1,-1
536,136,770.80,706.57,78.89,226.73,0.6748,-1,-1,-1
536,137,846.87,707.73,94.19,249.60,0.8328,-1,-1,-1
536,139,1057.19,573.52,43.17,108.76,0.5825,-1,-1,-1
536,140,1249.47,738.55,110.23,295.09,0.7714,-1,-1,-1
537,136,738.97,705.14,69.32,235.14,0.6373,-1,-1,-1
537,137,818.06,709.71,89.01,252.12,0.7017,-1,-1,-1
537,139,1036.29,574.79,43.85,107.39,0.6600,-1,-1,-1
537,140,1223.70,734.17,106.93,297.70,0.6899,-1,-1,-1
538,136,703.49,708.89,66.35,234.66,0.5699,-1,-1,-1
538,137,779.86,711.06,88.93,259.24,0.6956,-1,-1,-1
538,139,1016.53,578.79,43.86,109.00,0.6526,-1,-1,-1
538,140,1196.57,737.18,104.56,296.33,0.7854,-1,-1,-1
539,136,666.99,713.12,70.84,233.09,0.7135,-1,-1,-1
539,137,744.80,713.76,91.12,267.16,0.7924,-1,-1,-1
539,139,995.73,577.80,43.46,110.21,0.6731,-1,-1,-1
539,140,1170.71,735.51,106.08,297.65,0.7507,-1,-1,-1
540,136,623.67,717.28,85.13,238.96,0.6409,-1,-1,-1
540,137,714.81,717.42,83.07,269.15,0.6594,-1,-1,-1
540,139,977.12,578.83,43.72,111.77,0.6849,-1,-1,-1
540,140,1141.90,737.83,105.57,302.53,0.7527,-1,-1,-1
541,136,577.38,722.66,99.82,246.71,0.7054,-1,-1,-1
541,137,673.59,723.70,95.81,274.59,0.6792,-1,-1,-1
541,139,956.70,580.17,43.77,112.72,0.6279,-1,-1,-1
541,140,1113.47,740.65,104.16,303.00,0.7248,-1,-1,-1
542,136,529.01,725.19,114.26,250.05,0.6916,-1,-1,-1
542,137,633.99,729.81,101.42,275.29,0.7086,-1,-1,-1
542,139,936.82,583.17,46.28,112.21,0.7008,-1,-1,-1
542,140,1073.70,748.99,114.85,310.81,0.6385,-1,-1,-1
543,136,489.70,731.28,125.55,255.11,0.7036,-1,-1,-1
543,137,598.86,735.63,102.65,280.53,0.7805,-1,-1,-1
543,139,917.26,584.51,47.75,111.26,0.6851,-1,-1,-1
543,140,1049.49,751.89,113.28,308.22,0.7279,-1,-1,-1
544,136,450.82,744.46,133.35,259.38,0.7275,-1,-1,-1
544,137,560.47,746.35,106.70,294.98,0.7094,-1,-1,-1
544,139,896.14,586.28,47.78,111.82,0.7092,-1,-1,-1
544,140,1024.18,758.43,112.31,309.43,0.7078,-1,-1,-1
545,136,420.07,745.93,135.28,252.22,0.7177,-1,-1,-1
545,137,527.73,746.64,107.50,295.90,0.7580,-1,-1,-1
545,139,877.94,583.82,49.59,112.11,0.7019,-1,-1,-1
545,140,993.58,755.89,114.82,314.37,0.7429,-1,-1,-1
546,136,385.84,745.43,128.40,258.57,0.7419,-1,-1,-1
546,137,488.74,748.73,111.19,302.93,0.7641,-1,-1,-1
546,139,857.61,583.64,48.82,112.16,0.7117,-1,-1,-1
546,140,969.31,756.45,113.73,312.14,0.6962,-1,-1,-1
547,136,357.47,747.57,112.54,263.04,0.7221,-1,-1,-1
547,137,456.90,752.88,105.57,300.63,0.8201,-1,-1,-1
547,139,838.65,584.15,50.45,112.28,0.7231,-1,-1,-1
547,140,937.87,755.30,120.81,313.47,0.7430,-1,-1,-1
548,136,319.16,750.93,105.50,271.75,0.7353,-1,-1,-1
548,137,417.74,753.67,101.63,305.74,0.7994,-1,-1,-1
548,139,819.00,584.71,51.87,112.34,0.7540,-1,-1,-1
548,140,913.03,760.02,118.19,307.01,0.7661,-1,-1,-1
549,136,282.81,758.78,104.54,271.68,0.7636,-1,-1,-1
549,137,377.93,758.26,107.74,310.88,0.7929,-1,-1,-1
549,139,798.70,582.78,53.77,113.35,0.7152,-1,-1,-1
549,140,885.53,754.91,121.78,310.27,0.7787,-1,-1,-1
550,136,243.67,759.43,100.92,281.34,0.7295,-1,-1,-1
550,137,336.73,759.95,114.81,313.90,0.7551,-1,-1,-1
550,139,779.81,583.02,53.56,115.29,0.7179,-1,-1,-1
550,140,860.54,757.08,119.19,310.16,0.7359,-1,-1,-1
551,136,200.47,762.55,100.18,294.42,0.7373,-1,-1,-1
551,137,293.99,764.75,111.41,310.33,0.7216,-1,-1,-1
551,139,761.77,584.70,52.07,116.00,0.6976,-1,-1,-1
551,140,842.98,769.17,112.21,299.36,0.6297,-1,-1,-1
552,136,157.72,767.49,100.70,304.87,0.7001,-1,-1,-1
552,137,247.17,768.23,113.97,311.62,0.7923,-1,-1,-1
552,139,743.05,584.60,54.54,115.25,0.7548,-1,-1,-1
552,140,807.76,731.90,122.65,342.93,0.7287,-1,-1,-1
553,136,111.09,773.44,101.94,307.42,0.6908,-1,-1,-1
553,137,198.06,775.77,117.92,306.43,0.7404,-1,-1,-1
553,139,724.58,583.14,55.82,117.41,0.7023,-1,-1,-1
553,140,789.01,739.37,119.19,339.23,0.7113,-1,-1,-1
554,136,66.08,780.85,104.13,301.98,0.7074,-1,-1,-1
554,137,147.54,782.18,124.60,300.72,0.7760,-1,-1,-1
554,139,704.87,582.48,56.68,118.95,0.7030,-1,-1,-1
554,140,765.49,751.71,118.93,328.17,0.7556,-1,-1,-1
555,136,19.78,789.82,107.18,293.32,0.7460,-1,-1,-1
555,137,101.26,794.02,133.35,288.91,0.7608,-1,-1,-1
555,139,688.23,583.96,53.79,118.66,0.7197,-1,-1,-1
555,140,726.33,757.33,134.52,317.94,0.7079,-1,-1,-1
555,144,765.95,546.69,38.50,78.97,0.4228,-1,-1,-1
556,136,-6.69,796.23,84.60,286.60,0.6619,-1,-1,-1
556,137,54.58,802.89,129.69,278.45,0.7985,-1,-1,-1
556,139,669.80,581.08,54.36,120.35,0.7642,-1,-1,-1
556,140,699.75,760.81,132.95,304.50,0.7480,-1,-1,-1
556,144,747.19,541.41,38.18,83.11,0.2388,-1,-1,-1
557,137,5.36,814.18,128.40,266.90,0.8290,-1,-1,-1
557,139,651.98,579.45,53.17,121.05,0.7394,-1,-1,-1
557,140,680.49,764.38,126.72,310.47,0.7029,-1,-1,-1
557,144,734.64,544.62,38.04,79.53,0.4037,-1,-1,-1
558,137,-12.02,817.74,86.75,259.05,0.7041,-1,-1,-1
558,139,633.21,576.70,54.91,124.23,0.7543,-1,-1,-1
558,140,653.39,763.87,126.40,310.83,0.7618,-1,-1,-1
558,144,721.54,548.27,33.39,73.99,0.2331,-1,-1,-1
559,139,616.15,575.94,53.99,125.82,0.7402,-1,-1,-1
559,140,627.52,764.78,127.62,311.01,0.8014,-1,-1,-1
559,144,702.45,541.75,35.71,80.25,0.3742,-1,-1,-1
560,139,598.24,579.48,53.43,125.90,0.7687,-1,-1,-1
560,140,606.90,761.69,124.60,317.27,0.7897,-1,-1,-1
560,144,688.04,538.42,38.53,82.93,0.3467,-1,-1,-1
561,139,580.19,576.05,57.14,129.98,0.7432,-1,-1,-1
561,140,579.71,758.57,125.56,321.03,0.8302,-1,-1,-1
561,144,675.68,543.90,31.29,75.32,0.2698,-1,-1,-1
562,139,562.42,579.60,58.30,129.89,0.7126,-1,-1,-1
562,140,552.64,758.30,127.33,322.15,0.7910,-1,-1,-1
562,144,665.95,544.78,27.55,77.04,0.3063,-1,-1,-1
563,139,545.32,582.58,60.35,130.48,0.7619,-1,-1,-1
563,140,529.48,757.19,123.04,323.08,0.8606,-1,-1,-1
564,139,530.82,585.17,60.26,128.42,0.6852,-1,-1,-1
564,140,503.46,758.64,124.45,321.87,0.8213,-1,-1,-1
565,139,513.90,584.24,60.83,131.31,0.7130,-1,-1,-1
565,140,474.79,760.50,129.57,319.53,0.7228,-1,-1,-1
566,139,496.38,585.48,64.23,130.94,0.7682,-1,-1,-1
566,140,440.60,765.16,141.17,315.11,0.7204,-1,-1,-1
567,139,481.41,587.81,63.49,132.27,0.7736,-1,-1,-1
567,140,416.52,775.47,141.82,305.03,0.8360,-1,-1,-1
568,139,463.44,588.25,64.60,134.07,0.7324,-1,-1,-1
568,140,382.56,783.44,150.80,296.08,0.7893,-1,-1,-1
569,139,443.77,588.58,69.85,136.08,0.6936,-1,-1,-1
569,140,356.73,789.09,154.77,290.82,0.7920,-1,-1,-1
570,139,428.86,588.49,69.02,138.51,0.7265,-1,-1,-1
570,140,330.15,790.79,156.60,288.49,0.7940,-1,-1,-1
571,139,413.55,591.12,68.78,138.90,0.7143,-1,-1,-1
571,140,304.49,795.25,157.69,284.93,0.8198,-1,-1,-1
572,139,397.12,594.33,69.51,138.10,0.6666,-1,-1,-1
572,140,282.07,798.03,153.76,279.74,0.5803,-1,-1,-1
572,145,1855.19,588.75,62.91,163.37,0.4292,-1,-1,-1
573,139,381.15,594.39,68.79,141.38,0.7177,-1,-1,-1
573,140,261.70,798.69,149.08,245.24,0.5702,-1,-1,-1
573,145,1860.96,590.30,56.70,161.63,0.4564,-1,-1,-1
574,139,365.89,597.19,70.55,141.48,0.7035,-1,-1,-1
574,140,226.91,800.18,156.36,267.86,0.5452,-1,-1,-1
574,145,1857.79,588.86,52.11,161.11,0.4103,-1,-1,-1
575,139,346.50,598.33,72.95,141.10,0.7110,-1,-1,-1
575,140,203.46,800.72,151.59,242.95,0.6271,-1,-1,-1
575,145,1839.28,588.09,65.17,173.29,0.2074,-1,-1,-1
576,139,329.63,599.58,73.87,144.14,0.7444,-1,-1,-1
576,140,169.63,806.20,157.93,261.17,0.6876,-1,-1,-1
576,145,1832.78,587.04,65.87,174.98,0.3965,-1,-1,-1
577,139,312.74,599.16,75.52,144.56,0.6863,-1,-1,-1
577,140,144.46,807.97,155.65,231.28,0.5247,-1,-1,-1
577,145,1827.52,583.53,64.31,180.50,0.4351,-1,-1,-1
578,139,295.60,598.04,76.30,148.84,0.7532,-1,-1,-1
578,140,111.19,811.18,161.95,254.90,0.4188,-1,-1,-1
578,145,1821.13,581.20,61.25,183.62,0.2780,-1,-1,-1
579,139,279.18,598.17,73.78,151.72,0.7547,-1,-1,-1
579,140,83.84,817.37,161.95,225.71,0.5873,-1,-1,-1
579,145,1815.36,585.02,58.93,182.11,0.5377,-1,-1,-1
580,139,263.91,600.34,74.09,151.18,0.6791,-1,-1,-1
580,140,54.22,822.95,162.60,238.28,0.4698,-1,-1,-1
580,145,1809.38,589.45,58.90,180.04,0.6316,-1,-1,-1
581,139,247.23,597.53,74.66,157.01,0.7598,-1,-1,-1
581,140,13.35,828.19,172.88,245.31,0.7612,-1,-1,-1
581,145,1803.52,590.15,60.19,181.76,0.4665,-1,-1,-1
582,139,231.13,598.91,72.93,158.15,0.7674,-1,-1,-1
582,140,-4.86,833.91,163.60,245.10,0.8052,-1,-1,-1
582,145,1796.29,589.19,63.05,184.29,0.5945,-1,-1,-1
583,139,212.66,599.71,77.72,159.98,0.7498,-1,-1,-1
583,140,-10.07,836.85,142.42,237.27,0.6360,-1,-1,-1
583,145,1789.88,600.17,64.67,174.18,0.5122,-1,-1,-1
584,139,196.75,598.94,79.42,165.81,0.7859,-1,-1,-1
584,140,-9.51,837.09,112.35,238.01,0.7331,-1,-1,-1
584,145,1784.12,611.19,64.43,163.89,0.4758,-1,-1,-1
585,139,184.71,600.98,77.08,170.83,0.8116,-1,-1,-1
585,140,-7.66,844.01,80.42,234.65,0.7108,-1,-1,-1
585,145,1778.90,608.40,65.18,165.41,0.3028,-1,-1,-1
586,139,168.81,604.36,79.09,170.60,0.7214,-1,-1,-1
586,145,1775.12,593.08,64.83,178.56,0.3877,-1,-1,-1
587,139,155.25,607.36,81.76,170.83,0.7767,-1,-1,-1
587,145,1773.94,591.00,57.82,168.64,0.3613,-1,-1,-1
588,139,141.78,609.51,82.41,173.46,0.7847,-1,-1,-1
588,145,1772.50,587.05,56.95,165.23,0.4648,-1,-1,-1
589,139,126.83,612.84,85.03,174.18,0.7695,-1,-1,-1
589,145,1768.37,583.80,55.98,163.54,0.5746,-1,-1,-1
590,139,114.46,614.01,85.65,177.23,0.7595,-1,-1,-1
590,145,1766.34,582.12,57.77,168.74,0.6648,-1,-1,-1
591,139,100.01,614.92,84.22,179.58,0.7861,-1,-1,-1
591,145,1765.42,581.96,60.21,169.68,0.7537,-1,-1,-1
591,149,1225.08,525.70,30.58,77.96,0.4284,-1,-1,-1
592,139,85.90,618.73,86.25,177.63,0.7911,-1,-1,-1
592,145,1764.32,578.56,62.12,168.44,0.7304,-1,-1,-1
592,149,1225.84,527.95,28.64,75.23,0.3650,-1,-1,-1
593,139,72.41,618.45,86.34,181.93,0.7662,-1,-1,-1
593,145,1764.42,581.80,62.55,168.59,0.7709,-1,-1,-1
593,149,1224.84,528.92,27.99,75.08,0.4406,-1,-1,-1
593,150,332.95,534.59,41.41,99.17,0.5749,-1,-1,-1
594,139,57.43,621.16,91.08,184.45,0.7570,-1,-1,-1
594,145,1762.16,579.96,66.12,171.72,0.7166,-1,-1,-1
594,149,1223.73,528.84,29.00,74.14,0.4171,-1,-1,-1
594,150,330.14,536.67,39.27,97.67,0.4650,-1,-1,-1
595,139,44.73,621.33,89.17,188.11,0.7899,-1,-1,-1
595,145,1753.80,581.81,76.96,175.99,0.7265,-1,-1,-1
595,149,1223.46,528.53,29.21,76.10,0.4102,-1,-1,-1
595,150,325.84,536.76,40.51,95.98,0.5061,-1,-1,-1
596,139,30.43,626.14,90.83,189.62,0.7927,-1,-1,-1
596,145,1751.01,579.61,82.47,177.63,0.7314,-1,-1,-1
596,149,1224.88,526.97,29.28,76.33,0.4214,-1,-1,-1
596,150,319.86,536.89,43.19,97.16,0.5001,-1,-1,-1
597,139,16.70,627.66,91.72,192.27,0.7592,-1,-1,-1
597,145,1755.36,584.77,80.36,173.33,0.7490,-1,-1,-1
597,149,1227.13,527.69,28.09,76.39,0.3623,-1,-1,-1
597,150,315.38,533.36,42.52,102.99,0.6776,-1,-1,-1
598,139,2.47,637.21,96.51,192.64,0.7893,-1,-1,-1
598,145,1758.79,584.21,81.78,171.53,0.7624,-1,-1,-1
598,149,1228.41,527.73,27.50,76.23,0.3444,-1,-1,-1
598,150,310.34,536.70,42.54,104.68,0.5368,-1,-1,-1
599,139,-2.89,640.62,88.64,193.16,0.7891,-1,-1,-1
599,145,1763.91,582.79,82.51,172.94,0.7711,-1,-1,-1
599,149,1230.52,525.85,27.94,78.72,0.4842,-1,-1,-1
599,150,307.99,541.42,42.03,100.61,0.4999,-1,-1,-1
600,139,-4.82,647.55,78.54,192.30,0.7799,-1,-1,-1
600,145,1766.58,582.19,82.84,176.34,0.7863,-1,-1,-1
600,149,1232.07,522.15,29.12,83.28,0.5879,-1,-1,-1
600,150,303.69,544.58,43.77,99.00,0.4885,-1,-1,-1
601,139,-4.80,651.41,65.75,192.71,0.7083,-1,-1,-1
601,145,1774.93,580.57,76.77,178.53,0.7812,-1,-1,-1
601,149,1233.74,522.77,29.11,82.98,0.4026,-1,-1,-1
601,150,298.40,541.50,47.03,103.26,0.4744,-1,-1,-1
602,139,-3.88,661.24,53.01,185.38,0.5066,-1,-1,-1
602,145,1783.88,577.69,70.06,181.61,0.7095,-1,-1,-1
602,149,1235.14,521.62,28.90,83.99,0.3454,-1,-1,-1
602,150,294.00,538.59,49.24,108.32,0.4391,-1,-1,-1
603,139,-2.73,671.64,37.71,178.71,0.4414,-1,-1,-1
603,145,1789.74,578.80,64.94,182.41,0.6268,-1,-1,-1
603,149,1236.04,519.81,30.52,87.26,0.4014,-1,-1,-1
603,150,290.32,527.53,49.37,120.68,0.5474,-1,-1,-1
604,145,1800.75,575.79,54.96,186.23,0.4708,-1,-1,-1
604,149,1237.75,519.90,30.46,88.41,0.5441,-1,-1,-1
604,150,287.91,540.60,48.62,109.66,0.6029,-1,-1,-1
605,145,1811.36,579.90,48.35,183.80,0.5077,-1,-1,-1
605,149,1240.10,518.66,30.12,88.71,0.6176,-1,-1,-1
605,150,284.67,523.71,51.37,125.72,0.4654,-1,-1,-1
606,145,1814.58,581.44,48.87,187.89,0.1582,-1,-1,-1
606,149,1243.36,515.81,28.77,90.84,0.6178,-1,-1,-1
606,150,281.74,528.84,51.26,121.18,0.5507,-1,-1,-1
607,149,1245.16,515.29,29.18,91.62,0.6150,-1,-1,-1
607,150,279.32,538.12,51.18,112.79,0.5706,-1,-1,-1
608,149,1247.90,516.40,29.57,91.24,0.3060,-1,-1,-1
608,150,277.01,540.34,49.89,108.61,0.6193,-1,-1,-1
609,149,1250.88,517.55,31.08,90.60,0.5396,-1,-1,-1
609,150,275.52,545.59,49.10,101.43,0.4792,-1,-1,-1
610,149,1252.66,517.62,32.51,91.82,0.4888,-1,-1,-1
610,150,273.80,528.98,49.62,114.71,0.5592,-1,-1,-1
611,149,1255.74,516.79,30.78,95.80,0.4312,-1,-1,-1
611,150,270.65,516.26,51.04,127.79,0.5753,-1,-1,-1
612,149,1259.39,519.36,30.01,94.62,0.4564,-1,-1,-1
612,150,267.44,507.14,50.73,137.14,0.6360,-1,-1,-1
612,151,1826.22,591.15,45.04,181.01,0.4171,-1,-1,-1
613,149,1263.10,521.92,29.71,93.15,0.5646,-1,-1,-1
613,150,263.27,499.54,53.46,144.08,0.6913,-1,-1,-1
613,151,1830.80,595.48,49.66,180.27,0.5440,-1,-1,-1
614,149,1266.15,524.15,29.58,91.64,0.6228,-1,-1,-1
614,150,259.74,497.53,54.43,146.76,0.7440,-1,-1,-1
614,151,1835.90,597.41,60.07,187.21,0.5612,-1,-1,-1
615,149,1267.90,525.01,30.03,91.31,0.6181,-1,-1,-1
615,150,257.42,496.24,53.13,148.45,0.7414,-1,-1,-1
615,151,1840.55,601.28,63.98,194.72,0.5264,-1,-1,-1
616,149,1269.65,527.53,30.69,93.66,0.6311,-1,-1,-1
616,150,254.83,498.01,50.47,147.30,0.6220,-1,-1,-1
616,151,1847.47,604.91,61.79,194.28,0.5740,-1,-1,-1
617,149,1271.78,528.02,30.62,95.78,0.5778,-1,-1,-1
617,150,253.66,497.86,50.30,144.99,0.6404,-1,-1,-1
617,151,1851.00,610.85,56.93,192.07,0.5703,-1,-1,-1
618,149,1274.64,530.72,31.92,96.37,0.5516,-1,-1,-1
618,150,250.30,500.76,49.70,143.58,0.6320,-1,-1,-1
618,151,1855.02,611.66,63.13,197.08,0.6583,-1,-1,-1
619,149,1276.14,531.88,33.64,96.25,0.6064,-1,-1,-1
619,150,248.07,503.80,49.59,142.77,0.6440,-1,-1,-1
619,151,1860.94,609.94,60.66,202.93,0.6308,-1,-1,-1
620,149,1276.34,532.50,36.10,98.42,0.6343,-1,-1,-1
620,150,246.13,504.39,49.77,142.92,0.5914,-1,-1,-1
620,151,1867.47,610.35,53.98,207.05,0.6596,-1,-1,-1
621,149,1281.17,530.35,35.08,101.94,0.6010,-1,-1,-1
621,150,244.56,501.36,49.64,147.10,0.6208,-1,-1,-1
621,151,1875.47,609.63,45.62,207.47,0.5315,-1,-1,-1
622,149,1286.52,530.65,31.98,105.15,0.5723,-1,-1,-1
622,150,241.84,500.64,49.13,148.28,0.6677,-1,-1,-1
622,151,1880.93,611.39,39.78,202.39,0.6152,-1,-1,-1
623,149,1291.73,528.42,33.39,104.49,0.6336,-1,-1,-1
623,150,239.09,499.62,49.04,153.70,0.6355,-1,-1,-1
623,151,1887.52,604.87,33.27,197.74,0.3995,-1,-1,-1
624,149,1295.56,529.99,35.17,105.53,0.6205,-1,-1,-1
624,150,237.93,498.02,48.16,153.85,0.6684,-1,-1,-1
624,151,1893.75,630.93,26.46,169.72,0.2403,-1,-1,-1
625,149,1300.30,534.67,35.78,103.62,0.6305,-1,-1,-1
625,150,236.51,508.96,48.40,148.77,0.6586,-1,-1,-1
626,149,1305.04,530.66,40.79,107.77,0.5579,-1,-1,-1
626,150,235.44,516.57,48.95,138.36,0.6771,-1,-1,-1
627,149,1311.24,529.38,39.62,109.35,0.6456,-1,-1,-1
627,150,235.04,533.00,48.28,128.64,0.6340,-1,-1,-1
628,149,1318.10,531.70,39.13,108.73,0.6345,-1,-1,-1
628,150,234.99,537.64,48.46,124.36,0.6432,-1,-1,-1
629,149,1324.13,529.59,39.83,107.08,0.7121,-1,-1,-1
629,150,234.61,551.05,47.94,117.57,0.7031,-1,-1,-1
630,149,1330.75,529.68,42.28,107.58,0.6756,-1,-1,-1
630,150,235.55,551.12,47.94,118.37,0.6719,-1,-1,-1
630,153,311.99,491.87,18.94,37.04,0.3579,-1,-1,-1
631,149,1339.87,528.90,39.81,109.34,0.6768,-1,-1,-1
631,150,236.41,552.02,50.60,117.36,0.6441,-1,-1,-1
632,149,1346.55,530.75,40.67,108.97,0.7130,-1,-1,-1
632,150,237.28,554.29,51.90,118.43,0.6210,-1,-1,-1
633,149,1354.15,534.63,42.72,108.95,0.6612,-1,-1,-1
633,150,238.51,551.86,53.86,122.19,0.6106,-1,-1,-1
634,149,1362.87,536.66,41.32,108.00,0.6408,-1,-1,-1
634,150,239.21,553.71,51.69,124.31,0.6024,-1,-1,-1
635,149,1370.08,533.76,43.64,115.96,0.7256,-1,-1,-1
635,150,241.90,549.26,52.42,127.39,0.5528,-1,-1,-1
636,149,1377.97,538.69,43.11,114.39,0.6075,-1,-1,-1
636,150,243.06,551.54,51.82,129.05,0.5862,-1,-1,-1
637,149,1389.01,539.48,41.25,115.57,0.4785,-1,-1,-1
637,150,245.25,542.89,53.43,138.19,0.5289,-1,-1,-1
638,149,1397.27,539.08,43.01,120.26,0.6070,-1,-1,-1
638,150,246.07,537.24,54.12,146.96,0.6139,-1,-1,-1
639,149,1411.09,548.89,38.61,114.61,0.4549,-1,-1,-1
639,150,248.70,536.18,54.28,149.06,0.6490,-1,-1,-1
640,149,1419.40,553.19,39.82,109.49,0.3659,-1,-1,-1
640,150,250.88,535.79,52.98,152.29,0.6530,-1,-1,-1
641,149,1430.63,554.39,38.32,106.41,0.5201,-1,-1,-1
641,150,254.30,537.42,52.38,152.38,0.6612,-1,-1,-1
642,149,1442.25,558.56,38.68,105.91,0.5633,-1,-1,-1
642,150,257.34,534.87,52.14,155.19,0.5652,-1,-1,-1
643,149,1454.92,562.31,36.81,98.80,0.3614,-1,-1,-1
643,150,260.06,530.92,51.17,160.86,0.5512,-1,-1,-1
644,149,1465.44,561.20,39.18,111.56,0.2458,-1,-1,-1
644,150,263.07,529.55,48.85,163.11,0.4257,-1,-1,-1
645,149,1479.44,564.44,36.10,85.93,0.4170,-1,-1,-1
645,150,266.64,556.94,47.78,137.45,0.3864,-1,-1,-1
646,149,1489.92,564.07,39.64,74.36,0.4664,-1,-1,-1
646,150,271.46,568.75,47.08,128.12,0.4150,-1,-1,-1
647,149,1503.03,568.65,37.85,69.13,0.2958,-1,-1,-1
647,150,275.54,545.99,44.56,150.62,0.4653,-1,-1,-1
648,149,1514.57,570.23,40.42,70.09,0.1562,-1,-1,-1
648,150,279.67,558.95,46.16,138.68,0.5231,-1,-1,-1
649,150,284.08,540.98,45.41,149.68,0.4946,-1,-1,-1
650,150,285.94,535.35,48.08,158.67,0.5944,-1,-1,-1
651,150,290.87,532.89,49.98,164.60,0.4297,-1,-1,-1
652,150,300.26,543.11,46.84,141.02,0.5726,-1,-1,-1
653,150,306.92,553.34,44.22,132.09,0.3338,-1,-1,-1
654,150,312.71,557.11,42.67,133.70,0.5726,-1,-1,-1
655,150,319.93,530.67,42.28,156.52,0.4948,-1,-1,-1
655,149,1618.12,563.47,48.62,57.99,0.3539,-1,-1,-1
656,150,327.42,534.20,44.71,163.61,0.5397,-1,-1,-1
656,149,1634.72,563.05,49.47,55.18,0.3289,-1,-1,-1
657,150,334.97,532.67,45.21,170.09,0.5522,-1,-1,-1
657,149,1656.08,566.08,47.63,59.51,0.3431,-1,-1,-1
658,150,345.86,561.23,44.54,145.20,0.3955,-1,-1,-1
658,149,1675.31,570.66,45.66,61.04,0.3258,-1,-1,-1
659,150,349.55,585.68,49.37,136.48,0.3635,-1,-1,-1
659,149,1694.22,584.93,49.77,60.68,0.2065,-1,-1,-1
660,150,356.76,588.02,47.27,131.93,0.4932,-1,-1,-1
660,149,1710.95,592.18,51.18,64.65,0.2557,-1,-1,-1
661,150,360.25,591.47,49.98,131.76,0.5643,-1,-1,-1
661,149,1724.43,598.05,57.26,64.90,0.3987,-1,-1,-1
662,150,366.22,595.72,52.62,127.15,0.5369,-1,-1,-1
662,149,1746.19,606.50,56.54,61.74,0.3074,-1,-1,-1
663,150,377.62,598.53,49.13,121.73,0.5337,-1,-1,-1
663,149,1765.53,613.19,54.64,65.45,0.2159,-1,-1,-1
664,150,382.67,593.03,53.19,124.11,0.6056,-1,-1,-1
664,149,1784.43,624.57,57.64,67.41,0.1673,-1,-1,-1
665,150,389.13,596.85,55.87,119.37,0.4862,-1,-1,-1
665,149,1802.24,621.81,61.16,74.67,0.1932,-1,-1,-1
666,150,394.71,593.71,62.07,119.43,0.6451,-1,-1,-1
666,149,1820.18,631.18,64.96,75.36,0.2604,-1,-1,-1
667,150,398.21,588.69,71.43,124.71,0.5625,-1,-1,-1
668,150,400.04,584.30,83.20,133.17,0.6019,-1,-1,-1
669,150,406.48,576.79,93.24,138.87,0.4362,-1,-1,-1
669,158,394.84,518.41,25.64,77.16,0.3681,-1,-1,-1
670,150,414.87,571.99,98.38,142.06,0.6281,-1,-1,-1
670,158,400.71,513.68,28.33,80.00,0.6399,-1,-1,-1
671,150,426.17,568.37,98.19,144.28,0.5777,-1,-1,-1
671,158,405.34,511.59,28.06,78.08,0.4920,-1,-1,-1
672,150,437.99,567.37,96.11,143.43,0.2275,-1,-1,-1
672,158,411.29,509.11,28.01,76.38,0.4464,-1,-1,-1
673,150,475.52,567.16,71.14,143.29,0.2424,-1,-1,-1
673,158,415.88,509.69,29.98,77.60,0.1853,-1,-1,-1
674,150,498.69,558.99,61.26,141.01,0.3776,-1,-1,-1
675,150,486.06,557.52,88.29,144.07,0.3067,-1,-1,-1
675,158,427.86,493.25,32.04,82.69,0.3887,-1,-1,-1
676,158,431.34,498.37,31.35,82.07,0.5483,-1,-1,-1
677,158,437.44,493.46,33.62,84.84,0.4560,-1,-1,-1
678,158,442.20,495.68,35.59,86.56,0.3787,-1,-1,-1
679,158,447.98,510.06,36.47,83.93,0.3652,-1,-1,-1
679,150,533.56,573.60,99.69,145.24,0.5506,-1,-1,-1
680,150,564.61,568.44,82.20,141.61,0.3373,-1,-1,-1
681,150,582.63,595.55,80.48,140.81,0.4260,-1,-1,-1
682,150,602.74,618.56,76.42,137.94,0.3648,-1,-1,-1
683,150,617.96,593.27,62.34,137.53,0.3249,-1,-1,-1
683,158,463.23,521.45,32.52,88.85,0.3559,-1,-1,-1
684,158,465.78,516.16,34.67,83.79,0.3002,-1,-1,-1
685,158,469.52,518.38,33.73,81.63,0.4306,-1,-1,-1
686,158,475.06,509.52,31.52,82.10,0.4768,-1,-1,-1
686,150,661.77,572.88,50.95,128.46,0.4333,-1,-1,-1
687,158,481.91,507.47,32.01,80.54,0.4383,-1,-1,-1
687,150,667.48,573.85,62.14,135.96,0.2950,-1,-1,-1
688,158,486.78,506.01,29.97,80.70,0.3711,-1,-1,-1
688,150,664.76,573.24,93.86,140.89,0.3354,-1,-1,-1
689,150,668.30,569.13,106.74,147.44,0.4297,-1,-1,-1
690,150,679.78,565.14,110.68,151.02,0.4679,-1,-1,-1
690,158,495.80,502.43,27.65,82.17,0.4602,-1,-1,-1
691,150,694.86,565.35,111.74,152.54,0.5900,-1,-1,-1
691,162,652.68,475.25,20.06,49.80,0.3812,-1,-1,-1
691,158,500.68,504.12,26.52,80.51,0.3203,-1,-1,-1
692,150,714.20,568.99,105.93,149.47,0.4492,-1,-1,-1
692,162,658.69,475.69,17.74,48.18,0.3412,-1,-1,-1
692,158,507.77,501.51,26.94,81.80,0.5559,-1,-1,-1
693,150,754.49,572.38,80.91,146.99,0.5265,-1,-1,-1
693,162,666.45,475.76,19.96,47.52,0.3276,-1,-1,-1
693,158,511.06,497.72,31.99,86.80,0.3799,-1,-1,-1
694,150,772.26,580.06,82.10,143.32,0.4824,-1,-1,-1
694,162,672.16,476.75,19.75,51.03,0.3570,-1,-1,-1
694,158,512.82,499.32,35.07,88.08,0.4958,-1,-1,-1
695,150,789.61,584.70,81.17,146.41,0.3591,-1,-1,-1
695,162,677.37,476.95,20.03,53.01,0.4108,-1,-1,-1
695,158,517.02,500.63,33.81,87.93,0.5219,-1,-1,-1
696,150,803.75,582.34,86.30,150.73,0.1958,-1,-1,-1
696,162,680.81,473.55,21.28,55.44,0.2933,-1,-1,-1
696,158,526.38,500.88,32.14,83.83,0.4351,-1,-1,-1
697,158,529.29,503.67,32.34,82.82,0.4882,-1,-1,-1
698,158,533.22,501.33,32.15,87.31,0.4726,-1,-1,-1
698,162,693.91,476.75,19.79,53.29,0.3753,-1,-1,-1
699,158,535.42,500.47,33.90,89.59,0.3015,-1,-1,-1
699,162,699.51,476.90,20.43,53.46,0.4808,-1,-1,-1
699,150,842.85,583.64,95.38,157.87,0.5800,-1,-1,-1
700,158,537.42,502.16,35.34,92.09,0.5290,-1,-1,-1
700,162,702.97,479.56,20.16,52.78,0.4619,-1,-1,-1
700,150,854.85,584.59,102.06,159.32,0.5890,-1,-1,-1
701,158,543.28,504.23,33.58,91.09,0.4023,-1,-1,-1
701,162,711.90,481.45,21.87,51.05,0.2926,-1,-1,-1
701,150,878.96,589.48,94.98,158.36,0.4995,-1,-1,-1
702,158,549.67,506.08,33.25,88.14,0.3619,-1,-1,-1
702,162,718.63,479.29,19.91,53.22,0.4287,-1,-1,-1
702,150,918.06,596.47,74.74,155.51,0.5882,-1,-1,-1
703,158,554.22,504.66,32.43,89.84,0.5533,-1,-1,-1
703,162,722.41,474.91,21.31,58.18,0.4189,-1,-1,-1
703,150,947.65,602.71,62.98,154.85,0.5385,-1,-1,-1
704,158,555.61,509.09,34.01,91.13,0.5848,-1,-1,-1
704,162,725.75,477.23,21.13,59.98,0.3658,-1,-1,-1
704,150,958.34,610.87,69.98,154.94,0.6487,-1,-1,-1
705,158,555.05,508.57,38.81,93.68,0.5363,-1,-1,-1
705,162,727.99,476.46,21.15,60.03,0.4061,-1,-1,-1
705,150,976.74,612.61,68.23,155.68,0.6481,-1,-1,-1
706,158,560.91,510.26,35.55,93.57,0.6112,-1,-1,-1
706,162,736.43,482.77,22.55,55.56,0.3613,-1,-1,-1
706,150,987.58,616.68,76.23,158.42,0.7584,-1,-1,-1
707,158,563.59,513.22,34.45,95.07,0.6614,-1,-1,-1
707,162,739.61,487.75,22.20,52.96,0.3381,-1,-1,-1
707,150,997.37,615.18,86.33,165.75,0.7428,-1,-1,-1
708,158,566.59,517.83,33.47,95.77,0.6888,-1,-1,-1
708,162,742.91,490.77,21.84,52.73,0.3707,-1,-1,-1
708,150,1000.04,617.04,102.41,171.16,0.6749,-1,-1,-1
709,158,568.53,520.87,34.42,97.78,0.6430,-1,-1,-1
709,162,745.62,492.70,22.37,53.47,0.3616,-1,-1,-1
709,150,1005.80,611.82,118.64,177.13,0.7638,-1,-1,-1
710,158,573.58,528.84,33.87,92.95,0.6406,-1,-1,-1
710,162,749.30,500.73,20.71,53.07,0.3874,-1,-1,-1
710,150,1017.07,621.86,124.54,180.02,0.7749,-1,-1,-1
711,158,575.76,533.44,34.73,89.85,0.5304,-1,-1,-1
711,162,750.78,503.03,20.19,52.15,0.4158,-1,-1,-1
711,150,1041.68,619.80,121.77,177.74,0.7115,-1,-1,-1
712,158,575.94,536.68,36.31,92.38,0.7176,-1,-1,-1
712,162,755.08,506.41,26.96,52.56,0.3843,-1,-1,-1
712,150,1066.56,630.72,113.83,178.06,0.4791,-1,-1,-1
713,158,577.06,534.64,37.22,94.14,0.7374,-1,-1,-1
713,162,760.37,504.97,25.26,50.89,0.3476,-1,-1,-1
713,150,1111.94,629.95,87.86,172.14,0.5798,-1,-1,-1
714,158,578.59,544.26,37.92,97.58,0.6549,-1,-1,-1
714,162,761.83,511.61,22.66,52.45,0.4314,-1,-1,-1
714,150,1128.98,635.19,97.05,170.45,0.7378,-1,-1,-1
715,158,579.94,540.20,38.25,101.54,0.5900,-1,-1,-1
715,162,764.64,505.80,20.92,58.59,0.4271,-1,-1,-1
715,150,1142.10,635.78,99.06,173.30,0.7458,-1,-1,-1
716,158,580.85,543.45,38.39,101.53,0.5082,-1,-1,-1
716,162,767.88,504.11,23.09,60.42,0.4146,-1,-1,-1
716,150,1156.54,632.24,102.95,177.85,0.7685,-1,-1,-1
717,158,580.58,544.70,39.53,102.07,0.5573,-1,-1,-1
717,162,771.35,508.33,22.30,55.80,0.3217,-1,-1,-1
717,150,1173.05,631.04,104.15,183.20,0.7814,-1,-1,-1
718,158,583.68,551.53,37.03,98.80,0.4840,-1,-1,-1
718,162,773.03,509.63,23.05,55.61,0.3730,-1,-1,-1
718,150,1189.72,626.70,109.04,192.35,0.7914,-1,-1,-1
719,158,585.42,547.27,37.55,100.17,0.5357,-1,-1,-1
719,162,780.81,508.52,25.96,56.38,0.2540,-1,-1,-1
719,150,1209.39,632.31,109.83,194.50,0.6614,-1,-1,-1
720,158,585.32,552.18,39.37,101.62,0.5677,-1,-1,-1
720,162,782.11,509.84,28.01,58.01,0.2568,-1,-1,-1
720,150,1228.79,631.70,114.50,197.60,0.6722,-1,-1,-1
721,158,587.97,551.92,40.81,102.91,0.4917,-1,-1,-1
721,162,784.28,512.15,26.58,56.52,0.3461,-1,-1,-1
721,150,1257.15,635.45,103.34,180.97,0.4776,-1,-1,-1
722,158,591.31,553.54,38.91,102.93,0.5359,-1,-1,-1
722,162,786.11,515.71,24.38,53.17,0.3636,-1,-1,-1
722,150,1290.52,644.95,91.06,193.17,0.4730,-1,-1,-1
723,158,594.16,551.32,39.16,105.06,0.3704,-1,-1,-1
723,162,790.71,514.34,25.49,54.64,0.3730,-1,-1,-1
723,150,1311.61,653.61,98.90,194.37,0.4489,-1,-1,-1
724,158,594.73,562.75,38.25,103.87,0.4854,-1,-1,-1
724,162,793.10,524.30,24.28,53.73,0.3637,-1,-1,-1
724,150,1343.32,663.52,93.81,196.45,0.5493,-1,-1,-1
725,158,595.31,565.80,37.80,104.04,0.5704,-1,-1,-1
725,162,796.75,525.31,23.30,53.21,0.4731,-1,-1,-1
725,150,1370.49,663.98,92.65,203.14,0.7110,-1,-1,-1
726,158,597.60,565.23,37.26,103.71,0.5740,-1,-1,-1
726,162,800.39,522.24,21.54,55.99,0.3622,-1,-1,-1
726,150,1386.48,672.92,101.71,208.06,0.6205,-1,-1,-1
727,158,597.71,571.47,41.05,105.98,0.7157,-1,-1,-1
727,162,801.83,527.28,21.38,55.57,0.2899,-1,-1,-1
727,150,1424.60,672.88,85.35,184.17,0.4053,-1,-1,-1
728,158,598.44,568.89,42.13,106.39,0.6730,-1,-1,-1
728,162,811.13,525.68,21.64,57.30,0.3862,-1,-1,-1
728,150,1419.38,681.86,117.35,209.22,0.5809,-1,-1,-1
729,158,598.78,566.80,43.66,109.28,0.6383,-1,-1,-1
729,162,814.44,524.40,20.79,57.18,0.3835,-1,-1,-1
729,150,1434.16,680.88,131.92,218.75,0.7229,-1,-1,-1
730,158,599.00,570.39,45.38,111.19,0.5672,-1,-1,-1
730,162,817.07,525.53,21.05,59.11,0.3505,-1,-1,-1
730,150,1496.31,688.17,100.36,225.02,0.4567,-1,-1,-1
731,158,600.43,564.97,46.87,114.98,0.6681,-1,-1,-1
731,162,819.03,524.10,22.33,59.34,0.4062,-1,-1,-1
731,150,1525.06,696.88,92.45,187.16,0.2004,-1,-1,-1
732,158,601.15,565.15,47.10,116.66,0.6755,-1,-1,-1
732,162,820.08,525.29,22.79,58.16,0.4909,-1,-1,-1
732,150,1560.01,701.68,84.64,216.77,0.5064,-1,-1,-1
733,158,602.29,567.09,46.87,116.08,0.6498,-1,-1,-1
733,162,821.38,522.94,23.86,60.05,0.5288,-1,-1,-1
733,150,1589.62,704.68,87.34,224.81,0.7023,-1,-1,-1
734,158,602.68,560.29,47.01,120.49,0.6868,-1,-1,-1
734,162,824.50,524.32,21.52,54.82,0.4003,-1,-1,-1
734,150,1599.76,708.63,106.07,230.22,0.6282,-1,-1,-1
735,158,602.24,562.43,47.67,121.79,0.6949,-1,-1,-1
735,162,824.75,526.35,23.01,52.31,0.2861,-1,-1,-1
735,150,1615.53,704.46,119.41,233.93,0.7440,-1,-1,-1
735,164,837.60,527.91,23.93,51.76,0.3760,-1,-1,-1
736,158,606.01,559.02,45.84,122.24,0.6750,-1,-1,-1
736,162,831.76,523.95,22.96,52.03,0.3817,-1,-1,-1
736,150,1632.14,705.08,131.66,245.55,0.7153,-1,-1,-1
736,164,835.69,524.62,23.25,52.13,0.3817,-1,-1,-1
737,158,606.89,560.55,46.17,122.35,0.6583,-1,-1,-1
737,162,834.42,523.28,24.11,52.65,0.3773,-1,-1,-1
737,150,1657.43,696.95,134.73,259.01,0.7946,-1,-1,-1
737,164,834.89,523.50,24.29,53.03,0.3773,-1,-1,-1
738,158,606.56,562.98,47.69,123.02,0.6592,-1,-1,-1
738,162,836.43,525.65,23.02,52.78,0.3536,-1,-1,-1
738,150,1684.81,705.41,139.19,264.14,0.7550,-1,-1,-1
738,164,835.93,525.65,22.94,53.17,0.3536,-1,-1,-1
739,158,606.83,564.30,49.24,123.80,0.6565,-1,-1,-1
739,162,839.20,524.79,22.65,54.41,0.3568,-1,-1,-1
739,150,1712.64,716.79,150.42,262.87,0.7533,-1,-1,-1
739,164,838.65,524.69,22.53,54.87,0.3568,-1,-1,-1
740,158,607.06,566.54,49.54,123.79,0.6848,-1,-1,-1
740,162,840.36,524.38,22.32,56.09,0.4214,-1,-1,-1
740,150,1741.81,732.25,149.07,255.28,0.7467,-1,-1,-1
740,164,839.83,524.25,22.20,56.57,0.4214,-1,-1,-1
741,158,607.97,568.65,49.37,124.25,0.6776,-1,-1,-1
741,162,842.34,526.81,22.61,55.61,0.4778,-1,-1,-1
741,150,1778.20,732.79,141.39,264.00,0.5823,-1,-1,-1
741,164,841.83,526.73,22.53,56.00,0.4778,-1,-1,-1
742,158,608.79,570.36,48.17,123.84,0.6456,-1,-1,-1
742,162,843.08,528.16,22.48,56.10,0.5100,-1,-1,-1
742,150,1822.25,749.09,106.83,259.09,0.4329,-1,-1,-1
742,164,842.61,528.08,22.40,56.43,0.5100,-1,-1,-1
743,158,607.37,571.41,50.86,125.24,0.6304,-1,-1,-1
743,162,844.18,528.91,22.24,55.45,0.4487,-1,-1,-1
743,164,843.78,528.86,22.17,55.72,0.4487,-1,-1,-1
744,158,605.82,571.64,51.05,126.96,0.6298,-1,-1,-1
744,162,844.60,528.67,21.99,55.83,0.4804,-1,-1,-1
744,164,844.26,528.62,21.93,56.06,0.4804,-1,-1,-1
745,158,604.28,573.21,52.39,128.55,0.6668,-1,-1,-1
745,162,844.47,526.36,22.24,59.62,0.4978,-1,-1,-1
745,164,844.17,526.30,22.19,59.86,0.4978,-1,-1,-1
746,158,603.12,573.84,51.38,130.39,0.6264,-1,-1,-1
746,162,844.27,525.40,22.96,62.48,0.5161,-1,-1,-1
746,164,844.01,525.32,22.93,62.72,0.5161,-1,-1,-1
747,158,603.05,574.96,51.29,132.33,0.6540,-1,-1,-1
747,162,844.48,524.94,23.83,63.89,0.5042,-1,-1,-1
747,164,844.24,524.87,23.81,64.11,0.5042,-1,-1,-1
748,158,602.87,575.17,51.38,133.34,0.6735,-1,-1,-1
748,162,846.24,527.08,23.41,61.67,0.2886,-1,-1,-1
749,158,602.77,576.77,51.35,132.29,0.6752,-1,-1,-1
749,162,846.89,527.59,22.67,61.13,0.3381,-1,-1,-1
750,158,602.28,578.72,51.49,130.78,0.6234,-1,-1,-1
750,162,848.29,528.28,22.52,58.36,0.3364,-1,-1,-1
