1,1,1338.47,417.89,163.02,358.62,0.8095,-1,-1,-1
1,2,584.16,443.37,91.76,264.69,0.7629,-1,-1,-1
1,3,440.00,445.86,112.19,273.44,0.6764,-1,-1,-1
1,4,1455.17,432.63,141.40,332.67,0.6424,-1,-1,-1
1,5,730.90,456.70,35.97,111.43,0.5624,-1,-1,-1
1,6,916.81,431.52,59.63,154.79,0.3896,-1,-1,-1
2,1,1342.76,417.61,160.34,359.16,0.8314,-1,-1,-1
2,2,584.51,442.90,92.31,264.21,0.7656,-1,-1,-1
2,3,437.67,445.27,116.77,274.29,0.6899,-1,-1,-1
2,4,1452.15,436.83,146.66,331.77,0.6727,-1,-1,-1
2,5,731.46,457.26,36.31,110.30,0.5322,-1,-1,-1
2,6,916.37,432.16,60.17,154.64,0.4003,-1,-1,-1
3,1,1343.63,423.30,175.80,365.91,0.8356,-1,-1,-1
3,2,584.48,443.04,93.54,263.67,0.7562,-1,-1,-1
3,3,437.25,443.74,117.90,276.36,0.6980,-1,-1,-1
3,4,1466.12,441.56,138.80,327.11,0.7328,-1,-1,-1
3,5,731.30,460.19,36.82,106.79,0.5313,-1,-1,-1
3,6,915.95,432.67,60.92,153.93,0.4037,-1,-1,-1
4,1,1348.57,421.72,179.32,375.84,0.8242,-1,-1,-1
4,2,584.44,443.81,93.18,264.27,0.7672,-1,-1,-1
4,3,437.91,442.72,119.83,276.92,0.7438,-1,-1,-1
4,4,1478.42,434.60,126.14,333.28,0.7308,-1,-1,-1
4,5,732.04,459.12,36.84,109.30,0.5184,-1,-1,-1
4,6,916.38,432.05,61.00,154.18,0.4203,-1,-1,-1
5,1,1351.71,419.43,178.44,385.11,0.8483,-1,-1,-1
5,2,584.71,444.02,93.11,264.05,0.7657,-1,-1,-1
5,3,442.12,443.48,119.54,274.48,0.6900,-1,-1,-1
5,4,1485.91,429.52,116.05,338.50,0.7408,-1,-1,-1
5,5,732.66,458.99,35.90,109.30,0.5187,-1,-1,-1
5,6,916.01,431.28,61.40,154.52,0.4092,-1,-1,-1
6,1,1357.99,418.59,174.38,388.36,0.8473,-1,-1,-1
6,2,584.12,443.50,92.55,266.94,0.7617,-1,-1,-1
6,3,448.59,443.77,117.58,274.39,0.6954,-1,-1,-1
6,4,1494.99,426.51,107.80,342.00,0.7240,-1,-1,-1
6,5,733.35,457.55,34.53,110.25,0.5345,-1,-1,-1
6,6,915.73,430.52,62.09,155.99,0.4205,-1,-1,-1
7,1,1368.03,419.01,160.36,385.26,0.8560,-1,-1,-1
7,2,584.46,443.01,91.76,268.10,0.7673,-1,-1,-1
7,3,447.28,444.59,120.00,274.32,0.7309,-1,-1,-1
7,4,1500.63,430.35,102.38,339.33,0.7684,-1,-1,-1
7,5,733.51,457.83,33.89,109.93,0.5487,-1,-1,-1
7,6,914.96,430.63,61.94,155.88,0.3742,-1,-1,-1
8,1,1385.37,415.32,142.27,386.74,0.8056,-1,-1,-1
8,2,584.70,442.95,91.83,267.36,0.7825,-1,-1,-1
8,3,448.66,444.10,119.52,274.57,0.7471,-1,-1,-1
8,4,1505.56,422.72,98.90,347.94,0.7696,-1,-1,-1
8,5,733.48,457.15,34.27,109.70,0.5418,-1,-1,-1
8,6,914.71,428.49,61.43,157.95,0.3848,-1,-1,-1
9,1,1400.68,409.62,130.09,392.08,0.7453,-1,-1,-1
9,2,585.13,442.65,90.88,268.12,0.7794,-1,-1,-1
9,3,454.79,444.16,114.63,274.30,0.7433,-1,-1,-1
9,4,1512.01,422.01,94.56,347.94,0.7483,-1,-1,-1
9,5,733.11,457.01,35.08,111.01,0.5348,-1,-1,-1
10,1,1416.26,413.49,120.40,382.66,0.7916,-1,-1,-1
10,2,585.35,442.78,91.41,268.21,0.7821,-1,-1,-1
10,3,457.14,443.87,114.12,274.38,0.7182,-1,-1,-1
10,4,1507.41,418.07,109.00,355.34,0.6694,-1,-1,-1
10,5,732.78,457.45,35.89,109.80,0.5201,-1,-1,-1
11,1,1426.75,412.57,119.32,385.77,0.7691,-1,-1,-1
11,2,585.90,442.83,91.17,267.07,0.7704,-1,-1,-1
11,3,455.63,442.75,115.23,275.87,0.6898,-1,-1,-1
11,4,1525.75,418.81,97.86,350.62,0.7955,-1,-1,-1
11,5,732.58,458.50,37.09,110.60,0.5665,-1,-1,-1
12,1,1438.36,409.13,117.19,388.33,0.7275,-1,-1,-1
12,2,585.72,442.27,91.73,266.94,0.7669,-1,-1,-1
12,3,451.59,442.23,119.28,276.29,0.6679,-1,-1,-1
12,4,1537.12,418.82,94.19,353.09,0.7732,-1,-1,-1
12,5,731.64,456.74,38.09,112.96,0.6051,-1,-1,-1
13,1,1446.24,411.83,121.77,386.84,0.7020,-1,-1,-1
13,2,585.37,442.03,92.48,267.29,0.7540,-1,-1,-1
13,3,446.83,442.89,123.52,276.35,0.7043,-1,-1,-1
13,4,1540.11,420.21,104.26,357.62,0.7514,-1,-1,-1
13,5,730.76,456.28,38.76,117.04,0.5824,-1,-1,-1
14,1,1453.65,410.21,128.38,387.40,0.5771,-1,-1,-1
14,2,584.34,442.17,93.99,267.99,0.7502,-1,-1,-1
14,3,447.04,441.99,122.03,280.39,0.6396,-1,-1,-1
14,4,1538.74,416.59,130.65,370.02,0.6145,-1,-1,-1
14,5,730.24,456.43,39.44,118.49,0.5507,-1,-1,-1
15,1,1461.69,415.44,108.43,382.09,0.4907,-1,-1,-1
15,2,583.99,442.42,93.22,269.26,0.7699,-1,-1,-1
15,3,446.43,442.83,120.94,282.09,0.6580,-1,-1,-1
15,4,1539.19,421.83,160.14,373.44,0.5959,-1,-1,-1
15,5,730.36,453.29,39.88,123.62,0.6070,-1,-1,-1
16,1,1464.02,422.11,106.02,377.30,0.4014,-1,-1,-1
16,2,583.63,443.68,92.95,267.46,0.7683,-1,-1,-1
16,3,445.87,442.66,117.79,283.49,0.6513,-1,-1,-1
16,4,1547.76,421.12,176.61,381.47,0.6742,-1,-1,-1
16,5,730.82,453.83,38.23,123.19,0.4912,-1,-1,-1
17,1,1459.16,420.88,130.49,381.44,0.3627,-1,-1,-1
17,2,583.36,445.38,93.01,267.32,0.7651,-1,-1,-1
17,3,446.19,442.68,116.12,284.57,0.6590,-1,-1,-1
17,4,1556.50,421.02,186.37,385.24,0.7725,-1,-1,-1
17,5,729.60,454.80,37.60,121.53,0.4492,-1,-1,-1
18,1,1459.41,420.77,181.46,388.48,0.6837,-1,-1,-1
18,2,583.57,445.04,93.02,268.36,0.7900,-1,-1,-1
18,3,448.03,442.92,114.07,284.71,0.7160,-1,-1,-1
18,4,1570.57,426.24,181.74,383.25,0.7104,-1,-1,-1
18,5,728.35,456.78,37.62,119.10,0.4404,-1,-1,-1
19,1,1460.58,414.76,173.92,390.49,0.4634,-1,-1,-1
19,2,584.19,445.11,94.19,269.28,0.7678,-1,-1,-1
19,3,450.17,444.55,112.75,284.62,0.7091,-1,-1,-1
19,4,1566.72,451.84,191.07,361.88,0.6830,-1,-1,-1
19,5,726.66,458.72,38.63,117.20,0.4068,-1,-1,-1
19,10,1254.69,435.92,35.24,108.07,0.4018,-1,-1,-1
20,1,1461.79,411.57,170.21,394.42,0.3684,-1,-1,-1
20,2,584.52,445.76,97.94,267.63,0.7784,-1,-1,-1
20,3,451.46,448.57,113.96,279.96,0.7094,-1,-1,-1
20,4,1587.29,457.09,186.33,349.73,0.6332,-1,-1,-1
20,5,725.54,455.29,39.73,119.39,0.4104,-1,-1,-1
20,10,1254.67,436.43,35.20,107.08,0.3272,-1,-1,-1
21,1,1462.11,412.46,225.12,403.63,0.7292,-1,-1,-1
21,2,584.77,444.49,101.32,269.09,0.7905,-1,-1,-1
21,3,452.42,448.07,112.85,279.30,0.6967,-1,-1,-1
21,4,1612.17,455.32,157.66,349.03,0.6555,-1,-1,-1
21,5,726.02,453.40,39.69,121.83,0.3837,-1,-1,-1
21,10,1252.93,439.34,35.45,102.00,0.3349,-1,-1,-1
22,1,1463.03,411.90,230.46,405.76,0.5303,-1,-1,-1
22,2,584.77,444.11,103.21,269.12,0.7777,-1,-1,-1
22,3,454.18,447.18,112.78,280.39,0.5980,-1,-1,-1
22,4,1627.28,436.55,152.28,364.52,0.7015,-1,-1,-1
22,5,723.11,458.49,42.82,114.81,0.3669,-1,-1,-1
22,10,1253.70,438.02,40.12,107.26,0.3677,-1,-1,-1
23,1,1469.32,411.59,201.03,395.14,0.4805,-1,-1,-1
23,2,583.90,443.83,105.30,269.02,0.7762,-1,-1,-1
23,3,461.36,446.36,109.94,281.49,0.6874,-1,-1,-1
23,4,1633.97,427.07,131.94,374.45,0.6267,-1,-1,-1
23,5,720.66,463.80,46.59,107.16,0.3626,-1,-1,-1
23,10,1251.88,440.20,38.48,103.29,0.3379,-1,-1,-1
24,1,1476.81,408.03,215.94,408.48,0.7033,-1,-1,-1
24,2,584.37,443.82,105.43,268.56,0.7548,-1,-1,-1
24,3,466.99,445.37,109.41,284.98,0.6838,-1,-1,-1
24,4,1644.15,421.23,123.09,378.28,0.6255,-1,-1,-1
24,5,721.17,461.86,48.42,107.96,0.4306,-1,-1,-1
25,1,1485.01,406.76,216.61,411.70,0.6345,-1,-1,-1
25,2,585.07,443.72,105.18,268.72,0.7430,-1,-1,-1
25,3,467.31,444.74,111.17,288.29,0.6336,-1,-1,-1
25,4,1655.84,417.19,122.29,384.66,0.6674,-1,-1,-1
25,5,720.08,462.84,49.40,104.77,0.4015,-1,-1,-1
26,1,1493.76,408.61,232.82,411.24,0.5971,-1,-1,-1
26,2,586.23,444.07,103.15,268.70,0.7239,-1,-1,-1
26,3,467.95,442.02,112.30,293.45,0.6587,-1,-1,-1
26,4,1662.63,419.51,115.16,381.94,0.6618,-1,-1,-1
26,5,719.81,463.28,50.29,104.27,0.4401,-1,-1,-1
26,11,497.62,465.77,82.40,256.59,0.3485,-1,-1,-1
27,1,1508.75,410.33,223.85,411.78,0.5634,-1,-1,-1
27,2,587.88,443.58,100.80,269.92,0.7291,-1,-1,-1
27,3,469.24,443.48,112.17,290.51,0.6227,-1,-1,-1
27,4,1674.25,414.34,112.45,384.12,0.6652,-1,-1,-1
27,5,720.33,458.59,46.81,109.02,0.3563,-1,-1,-1
27,11,503.90,460.93,78.38,249.76,0.3786,-1,-1,-1
28,1,1528.76,404.95,191.44,423.00,0.5830,-1,-1,-1
28,2,591.52,443.40,98.45,270.65,0.7386,-1,-1,-1
28,3,471.77,441.98,110.91,292.68,0.6026,-1,-1,-1
28,4,1682.87,411.13,114.26,385.19,0.6571,-1,-1,-1
28,5,720.53,460.50,48.61,107.84,0.3627,-1,-1,-1
28,11,506.46,451.70,76.57,254.95,0.3055,-1,-1,-1
29,1,1547.16,396.62,170.85,432.75,0.7039,-1,-1,-1
29,2,593.72,443.53,97.29,270.67,0.7305,-1,-1,-1
29,3,474.26,442.05,110.06,292.10,0.5854,-1,-1,-1
29,4,1684.71,418.82,128.16,381.56,0.7148,-1,-1,-1
29,5,720.73,460.36,50.12,110.82,0.3506,-1,-1,-1
29,11,507.06,449.12,77.45,255.94,0.3582,-1,-1,-1
29,12,1426.90,436.13,54.43,122.01,0.5404,-1,-1,-1
30,1,1573.87,391.92,153.02,437.38,0.7468,-1,-1,-1
30,2,595.20,443.48,97.13,271.24,0.7479,-1,-1,-1
30,3,476.45,442.16,109.45,292.15,0.6444,-1,-1,-1
30,4,1680.17,426.36,152.85,374.58,0.6401,-1,-1,-1
30,5,721.84,458.65,46.67,113.96,0.3649,-1,-1,-1
30,11,504.71,448.59,81.40,258.64,0.3120,-1,-1,-1
30,12,1432.21,433.19,49.29,124.56,0.5946,-1,-1,-1
31,1,1593.73,390.68,157.88,437.63,0.7353,-1,-1,-1
31,2,597.91,443.18,95.56,272.12,0.7512,-1,-1,-1
31,3,477.03,443.15,111.10,288.66,0.6516,-1,-1,-1
31,4,1694.77,418.85,182.59,387.25,0.6602,-1,-1,-1
31,5,721.70,457.55,45.03,117.83,0.4385,-1,-1,-1
31,11,485.28,444.23,102.84,278.41,0.6516,-1,-1,-1
31,12,1440.82,430.33,43.43,127.30,0.5748,-1,-1,-1
32,1,1605.69,393.87,164.16,441.34,0.7905,-1,-1,-1
32,2,599.78,443.07,94.94,272.78,0.7618,-1,-1,-1
32,3,478.55,444.25,110.58,288.71,0.6387,-1,-1,-1
32,4,1715.52,417.87,184.88,389.60,0.7327,-1,-1,-1
32,5,721.25,458.67,43.04,119.31,0.4237,-1,-1,-1
32,11,479.76,443.47,109.31,286.79,0.6387,-1,-1,-1
32,12,1446.78,430.69,39.99,126.59,0.5311,-1,-1,-1
33,1,1611.82,394.25,172.29,450.34,0.8078,-1,-1,-1
33,2,601.21,443.88,94.71,271.68,0.7664,-1,-1,-1
33,3,479.58,444.07,110.00,292.86,0.7040,-1,-1,-1
33,4,1730.93,414.38,185.28,396.81,0.6494,-1,-1,-1
33,5,720.11,458.80,42.60,119.05,0.3716,-1,-1,-1
33,11,478.09,442.76,111.43,293.94,0.7040,-1,-1,-1
33,12,1450.70,431.14,39.22,126.24,0.5779,-1,-1,-1
33,14,1079.69,451.71,54.14,144.17,0.3803,-1,-1,-1
34,1,1615.52,394.33,182.84,448.29,0.8033,-1,-1,-1
34,2,604.26,443.47,91.99,271.86,0.7622,-1,-1,-1
34,3,479.57,443.98,110.42,298.48,0.7297,-1,-1,-1
34,4,1742.40,447.10,181.08,369.00,0.3180,-1,-1,-1
34,5,718.15,457.13,42.42,120.68,0.3642,-1,-1,-1
34,11,477.26,442.59,112.65,300.54,0.7297,-1,-1,-1
34,12,1454.58,430.84,39.41,126.58,0.6021,-1,-1,-1
35,1,1621.31,393.22,195.06,454.29,0.8494,-1,-1,-1
35,2,605.51,443.92,91.43,271.22,0.7724,-1,-1,-1
35,3,478.69,443.89,111.23,300.15,0.7407,-1,-1,-1
35,4,1758.34,431.09,166.06,394.60,0.4123,-1,-1,-1
35,5,718.63,458.38,41.22,119.48,0.3459,-1,-1,-1
35,11,476.28,442.58,113.58,302.41,0.7407,-1,-1,-1
35,12,1456.47,431.75,38.93,124.96,0.5707,-1,-1,-1
36,1,1628.30,394.69,212.20,466.11,0.8185,-1,-1,-1
36,2,607.02,444.21,90.34,270.67,0.7726,-1,-1,-1
36,3,477.47,443.96,112.65,302.05,0.7073,-1,-1,-1
36,4,1765.60,420.09,158.17,403.22,0.5501,-1,-1,-1
36,5,716.55,457.04,42.75,120.08,0.3119,-1,-1,-1
36,11,475.20,442.78,114.86,304.20,0.7073,-1,-1,-1
36,12,1457.55,432.69,40.96,124.80,0.5763,-1,-1,-1
37,1,1633.37,396.53,243.21,471.69,0.7921,-1,-1,-1
37,2,608.48,444.77,89.96,270.11,0.7700,-1,-1,-1
37,3,477.36,444.48,112.63,296.99,0.6662,-1,-1,-1
37,4,1774.44,419.96,148.94,401.84,0.6045,-1,-1,-1
37,5,716.56,454.58,42.86,122.98,0.3138,-1,-1,-1
37,11,475.27,443.43,114.68,298.94,0.6662,-1,-1,-1
37,12,1460.98,433.11,42.19,125.30,0.5477,-1,-1,-1
38,1,1634.49,400.64,252.96,473.66,0.8538,-1,-1,-1
38,2,608.97,444.22,90.34,271.03,0.7670,-1,-1,-1
38,3,477.56,444.68,113.92,291.44,0.6848,-1,-1,-1
38,5,713.75,453.14,44.81,128.54,0.3082,-1,-1,-1
38,11,475.69,443.78,115.73,293.14,0.6848,-1,-1,-1
38,12,1463.03,432.29,43.45,126.02,0.6035,-1,-1,-1
39,1,1635.19,403.09,261.76,473.22,0.8708,-1,-1,-1
39,2,609.26,443.39,91.74,272.13,0.7798,-1,-1,-1
39,3,478.03,444.56,114.29,293.45,0.7066,-1,-1,-1
39,11,476.36,443.77,115.92,294.91,0.7066,-1,-1,-1
39,12,1464.36,431.91,44.96,125.77,0.5844,-1,-1,-1
39,10,1256.22,430.81,40.57,114.78,0.4197,-1,-1,-1
39,4,1808.71,428.27,113.87,380.60,0.5203,-1,-1,-1
40,1,1635.38,404.11,270.56,474.26,0.8622,-1,-1,-1
40,2,610.00,443.64,91.70,272.31,0.7746,-1,-1,-1
40,3,477.32,445.54,116.27,295.04,0.6820,-1,-1,-1
40,11,475.84,444.84,117.69,296.33,0.6820,-1,-1,-1
40,12,1466.10,432.82,46.67,124.12,0.5647,-1,-1,-1
40,10,1256.33,431.42,39.34,114.30,0.4414,-1,-1,-1
40,4,1819.06,424.49,102.92,386.65,0.5963,-1,-1,-1
41,1,1639.28,401.83,280.40,482.12,0.8654,-1,-1,-1
41,2,612.04,443.58,91.77,272.67,0.7917,-1,-1,-1
41,3,478.71,446.87,114.47,295.05,0.6835,-1,-1,-1
41,11,477.37,446.26,115.77,296.18,0.6835,-1,-1,-1
41,12,1466.19,433.99,50.21,121.72,0.5078,-1,-1,-1
41,10,1256.48,430.63,39.70,115.15,0.4800,-1,-1,-1
41,4,1831.25,405.54,90.53,409.40,0.6854,-1,-1,-1
42,1,1644.53,401.29,276.91,480.69,0.8417,-1,-1,-1
42,2,613.67,443.01,90.65,272.30,0.7992,-1,-1,-1
42,3,476.18,447.35,117.36,301.00,0.6607,-1,-1,-1
42,11,475.04,446.81,118.47,302.00,0.6607,-1,-1,-1
42,12,1467.83,434.51,50.70,121.05,0.5557,-1,-1,-1
42,10,1256.55,430.06,40.33,115.66,0.4900,-1,-1,-1
42,4,1841.99,395.51,79.27,421.69,0.6497,-1,-1,-1
43,1,1653.73,402.89,269.18,480.91,0.8502,-1,-1,-1
43,2,615.28,443.34,89.95,271.82,0.7886,-1,-1,-1
43,3,470.08,446.09,121.87,306.45,0.6246,-1,-1,-1
43,11,469.09,445.62,122.85,307.34,0.6246,-1,-1,-1
43,12,1469.62,433.55,51.58,121.75,0.5797,-1,-1,-1
43,10,1256.82,427.28,41.76,118.23,0.4709,-1,-1,-1
43,4,1852.10,393.90,68.69,425.00,0.5920,-1,-1,-1
44,1,1664.85,396.15,255.66,485.22,0.8459,-1,-1,-1
44,2,615.60,443.57,90.59,271.41,0.7991,-1,-1,-1
44,3,468.95,446.12,123.80,312.20,0.6487,-1,-1,-1
44,11,468.03,445.70,124.69,312.99,0.6487,-1,-1,-1
44,12,1472.62,434.90,50.11,120.65,0.5325,-1,-1,-1
44,10,1256.84,426.82,41.81,118.81,0.4574,-1,-1,-1
44,4,1863.61,410.54,56.73,404.95,0.4906,-1,-1,-1
44,14,1082.68,450.12,49.81,148.27,0.3549,-1,-1,-1
45,1,1684.64,394.15,232.51,485.23,0.7947,-1,-1,-1
45,2,616.57,443.10,90.95,271.53,0.7779,-1,-1,-1
45,3,467.98,444.23,123.68,314.78,0.6359,-1,-1,-1
45,11,467.15,443.86,124.49,315.49,0.6359,-1,-1,-1
45,12,1477.77,433.98,44.45,121.28,0.4935,-1,-1,-1
45,10,1257.52,426.00,41.96,119.54,0.4567,-1,-1,-1
45,4,1870.44,420.66,49.59,394.36,0.3519,-1,-1,-1
45,14,1081.67,449.38,50.73,148.89,0.3828,-1,-1,-1
45,5,699.20,454.43,55.76,201.86,0.3509,-1,-1,-1
46,1,1708.40,392.24,211.85,487.47,0.6312,-1,-1,-1
46,2,617.20,442.37,93.09,272.40,0.7589,-1,-1,-1
46,3,466.41,444.77,125.94,318.03,0.6339,-1,-1,-1
46,11,465.68,444.44,126.65,318.67,0.6339,-1,-1,-1
46,12,1483.51,434.97,37.77,119.88,0.5211,-1,-1,-1
46,10,1258.18,424.30,42.13,121.26,0.4614,-1,-1,-1
46,4,1877.80,402.26,42.05,427.29,0.3967,-1,-1,-1
46,14,1081.53,448.96,50.49,148.29,0.3027,-1,-1,-1
47,1,1757.69,387.14,162.05,493.72,0.7064,-1,-1,-1
47,2,617.18,441.73,93.12,272.77,0.7760,-1,-1,-1
47,3,464.72,444.43,127.63,320.14,0.6300,-1,-1,-1
47,11,464.07,444.14,128.26,320.71,0.6300,-1,-1,-1
47,12,1488.23,432.57,34.34,120.72,0.5146,-1,-1,-1
47,10,1258.61,424.02,42.85,121.25,0.4921,-1,-1,-1
47,5,696.67,456.01,57.03,206.03,0.5480,-1,-1,-1
48,1,1775.43,386.06,145.09,492.08,0.7902,-1,-1,-1
48,2,618.44,441.26,93.56,272.60,0.7453,-1,-1,-1
48,3,468.23,443.92,123.50,319.40,0.6484,-1,-1,-1
48,11,467.63,443.65,124.08,319.91,0.6484,-1,-1,-1
48,10,1259.02,426.02,41.34,119.14,0.4475,-1,-1,-1
48,5,697.54,455.08,60.73,207.34,0.3836,-1,-1,-1
49,1,1795.75,385.22,125.39,492.87,0.8010,-1,-1,-1
49,2,619.40,441.65,94.22,272.19,0.7552,-1,-1,-1
49,3,470.63,444.21,120.57,318.48,0.6380,-1,-1,-1
49,11,470.11,443.98,121.07,318.92,0.6380,-1,-1,-1
49,10,1259.23,431.83,40.69,114.66,0.4597,-1,-1,-1
49,5,697.95,455.97,62.76,207.19,0.4397,-1,-1,-1
50,1,1810.35,385.16,111.08,496.60,0.8414,-1,-1,-1
50,2,618.65,441.67,97.68,272.28,0.7557,-1,-1,-1
50,3,465.81,443.77,124.16,317.09,0.6203,-1,-1,-1
50,11,465.38,443.56,124.59,317.48,0.6203,-1,-1,-1
50,10,1259.55,436.32,39.47,110.64,0.4418,-1,-1,-1
50,5,701.08,453.57,63.69,209.89,0.3783,-1,-1,-1
50,12,1498.65,436.37,38.48,119.47,0.3538,-1,-1,-1
51,1,1818.86,383.90,101.65,498.81,0.8291,-1,-1,-1
51,2,618.76,441.50,99.43,272.37,0.7624,-1,-1,-1
51,3,455.90,443.45,133.68,315.53,0.6073,-1,-1,-1
51,11,455.52,443.27,134.05,315.87,0.6073,-1,-1,-1
51,10,1259.68,435.52,39.40,111.55,0.4811,-1,-1,-1
51,5,701.49,457.32,65.54,206.48,0.3363,-1,-1,-1
51,15,582.18,439.56,50.10,145.37,0.3437,-1,-1,-1
51,12,1500.67,437.98,41.44,117.02,0.4209,-1,-1,-1
52,1,1826.98,385.08,92.96,495.79,0.8111,-1,-1,-1
52,2,619.75,442.30,99.17,271.65,0.7494,-1,-1,-1
52,3,463.41,444.44,127.26,315.22,0.6584,-1,-1,-1
52,11,463.04,444.28,127.63,315.52,0.6584,-1,-1,-1
52,10,1259.64,433.34,38.60,112.82,0.4706,-1,-1,-1
52,5,701.55,457.63,68.20,206.24,0.3023,-1,-1,-1
52,15,587.33,444.04,46.71,140.40,0.3519,-1,-1,-1
52,12,1501.68,437.21,45.05,118.12,0.4082,-1,-1,-1
52,14,1080.31,452.41,52.28,142.83,0.3607,-1,-1,-1
53,1,1829.21,383.93,90.76,499.90,0.7788,-1,-1,-1
53,2,620.78,443.18,97.41,270.47,0.7481,-1,-1,-1
53,3,463.73,445.77,127.59,313.05,0.6521,-1,-1,-1
53,11,463.41,445.63,127.90,313.31,0.6521,-1,-1,-1
53,10,1259.48,431.26,40.03,114.73,0.5282,-1,-1,-1
53,5,696.23,456.24,69.77,206.85,0.4770,-1,-1,-1
53,15,590.65,448.69,44.49,135.76,0.3014,-1,-1,-1
53,12,1501.39,434.56,50.44,120.50,0.3680,-1,-1,-1
53,16,1523.69,434.38,37.14,117.82,0.3649,-1,-1,-1
54,1,1825.92,388.59,94.42,497.81,0.7339,-1,-1,-1
54,2,622.83,442.75,96.50,271.82,0.7380,-1,-1,-1
54,3,466.58,445.89,125.36,313.98,0.6936,-1,-1,-1
54,11,466.29,445.77,125.63,314.21,0.6936,-1,-1,-1
54,10,1259.46,430.62,40.13,115.00,0.5064,-1,-1,-1
54,5,694.19,454.42,76.91,208.36,0.3704,-1,-1,-1
54,16,1526.66,441.32,35.49,111.84,0.4725,-1,-1,-1
55,1,1825.73,411.07,94.73,476.59,0.7186,-1,-1,-1
55,2,623.55,442.21,93.60,272.69,0.7447,-1,-1,-1
55,3,469.24,445.29,122.23,315.04,0.7047,-1,-1,-1
55,11,468.99,445.18,122.47,315.24,0.7047,-1,-1,-1
55,10,1259.63,429.81,40.23,116.05,0.5005,-1,-1,-1
55,5,693.11,455.93,76.30,207.13,0.3834,-1,-1,-1
55,16,1529.57,438.28,36.59,114.44,0.4744,-1,-1,-1
55,15,587.09,449.21,47.98,135.07,0.3504,-1,-1,-1
56,1,1827.26,428.92,92.76,458.66,0.5924,-1,-1,-1
56,2,623.81,441.67,92.79,273.32,0.7331,-1,-1,-1
56,3,471.55,445.42,119.84,314.42,0.7119,-1,-1,-1
56,11,471.34,445.32,120.04,314.60,0.7119,-1,-1,-1
56,10,1259.88,427.26,40.46,118.31,0.5104,-1,-1,-1
56,5,694.39,456.41,70.77,206.42,0.4715,-1,-1,-1
56,16,1531.62,441.39,35.09,111.13,0.4984,-1,-1,-1
56,15,585.42,446.63,49.89,137.54,0.3656,-1,-1,-1
57,1,1829.64,407.71,90.19,479.80,0.3800,-1,-1,-1
57,2,623.92,442.31,91.25,272.97,0.7315,-1,-1,-1
57,3,470.92,446.68,120.89,313.11,0.6681,-1,-1,-1
57,11,470.74,446.59,121.07,313.27,0.6681,-1,-1,-1
57,10,1260.18,430.60,39.95,114.63,0.5177,-1,-1,-1
57,5,694.49,456.20,69.75,208.72,0.5815,-1,-1,-1
57,16,1533.46,438.57,35.22,113.54,0.4886,-1,-1,-1
57,15,583.68,442.65,49.34,142.51,0.4217,-1,-1,-1
58,1,1831.36,429.34,88.44,457.68,0.3331,-1,-1,-1
58,2,625.51,443.33,92.58,271.83,0.7338,-1,-1,-1
58,3,473.18,445.77,119.30,312.58,0.6646,-1,-1,-1
58,11,473.01,445.70,119.45,312.72,0.6646,-1,-1,-1
58,10,1260.53,432.23,40.41,113.11,0.5226,-1,-1,-1
58,16,1534.25,436.31,34.10,115.88,0.4182,-1,-1,-1
58,15,582.82,445.54,48.74,139.89,0.3951,-1,-1,-1
59,2,626.32,443.04,92.62,271.97,0.7173,-1,-1,-1
59,3,474.57,443.96,119.48,315.66,0.7115,-1,-1,-1
59,11,474.43,443.90,119.61,315.78,0.7115,-1,-1,-1
59,10,1260.29,432.62,42.17,112.65,0.5377,-1,-1,-1
59,16,1536.75,434.71,32.93,118.29,0.3590,-1,-1,-1
59,15,583.56,448.10,49.48,136.34,0.3645,-1,-1,-1
59,5,696.48,459.31,69.54,211.31,0.4743,-1,-1,-1
60,2,625.84,443.15,92.92,274.04,0.7131,-1,-1,-1
60,3,473.56,442.16,125.04,318.31,0.7237,-1,-1,-1
60,11,473.44,442.10,125.16,318.42,0.7237,-1,-1,-1
60,10,1260.02,434.41,42.37,111.36,0.5485,-1,-1,-1
60,15,583.80,449.89,50.17,134.34,0.3240,-1,-1,-1
60,5,697.57,456.98,68.70,214.93,0.5757,-1,-1,-1
61,2,624.95,443.63,93.53,276.43,0.7079,-1,-1,-1
61,3,473.78,443.15,131.53,316.82,0.6855,-1,-1,-1
61,11,473.67,443.10,131.64,316.91,0.6855,-1,-1,-1
61,10,1259.65,429.97,42.55,115.82,0.5336,-1,-1,-1
61,5,698.93,456.46,67.92,216.36,0.5457,-1,-1,-1
62,2,624.19,444.47,91.64,275.78,0.7225,-1,-1,-1
62,3,478.17,442.92,134.79,318.21,0.7250,-1,-1,-1
62,11,478.06,442.88,134.88,318.29,0.7250,-1,-1,-1
62,10,1259.48,430.22,41.43,115.24,0.5520,-1,-1,-1
62,5,698.96,454.99,67.33,218.25,0.6208,-1,-1,-1
63,2,621.51,444.00,92.99,278.99,0.7394,-1,-1,-1
63,3,479.16,441.15,138.16,319.69,0.7258,-1,-1,-1
63,11,479.07,441.11,138.25,319.76,0.7258,-1,-1,-1
63,10,1259.60,431.06,40.70,113.93,0.5324,-1,-1,-1
63,5,697.48,457.64,69.01,215.25,0.6621,-1,-1,-1
64,2,619.78,444.22,93.21,278.79,0.7435,-1,-1,-1
64,3,483.01,441.86,139.07,318.90,0.7211,-1,-1,-1
64,11,482.92,441.83,139.15,318.96,0.7211,-1,-1,-1
64,10,1259.40,433.18,40.24,111.19,0.5249,-1,-1,-1
64,5,697.09,453.87,69.37,219.89,0.6379,-1,-1,-1
65,2,619.35,446.47,92.61,277.11,0.7431,-1,-1,-1
65,3,492.00,444.42,134.71,316.98,0.7893,-1,-1,-1
65,11,491.92,444.39,134.78,317.04,0.7893,-1,-1,-1
65,10,1259.15,437.30,40.23,107.21,0.5287,-1,-1,-1
65,5,696.32,451.17,69.09,224.66,0.6807,-1,-1,-1
66,2,620.12,447.69,91.35,276.19,0.7595,-1,-1,-1
66,3,495.01,446.52,138.32,317.05,0.7291,-1,-1,-1
66,11,494.95,446.50,138.38,317.10,0.7291,-1,-1,-1
66,10,1259.00,438.84,40.36,105.81,0.5298,-1,-1,-1
66,5,697.57,452.66,68.93,223.63,0.6786,-1,-1,-1
67,2,619.43,447.42,92.22,275.49,0.7468,-1,-1,-1
67,3,490.03,447.15,146.47,320.76,0.6448,-1,-1,-1
67,11,489.98,447.13,146.52,320.81,0.6448,-1,-1,-1
67,10,1259.86,440.88,39.06,103.50,0.5147,-1,-1,-1
67,5,698.09,453.48,70.49,223.83,0.6747,-1,-1,-1
67,12,1542.74,422.40,41.05,128.77,0.4054,-1,-1,-1
68,2,617.06,446.67,95.11,275.49,0.7348,-1,-1,-1
68,3,488.58,448.51,150.61,318.51,0.6443,-1,-1,-1
68,11,488.53,448.49,150.66,318.55,0.6443,-1,-1,-1
68,10,1259.97,437.47,39.31,107.06,0.4908,-1,-1,-1
68,5,699.36,455.05,70.96,221.39,0.6769,-1,-1,-1
68,12,1544.33,427.79,39.80,123.67,0.3743,-1,-1,-1
69,2,614.98,446.87,96.94,275.28,0.7567,-1,-1,-1
69,3,488.87,446.90,153.41,320.48,0.6176,-1,-1,-1
69,11,488.82,446.88,153.46,320.51,0.6176,-1,-1,-1
69,10,1259.92,437.07,39.19,107.37,0.5129,-1,-1,-1
69,5,698.23,456.20,72.15,221.04,0.6663,-1,-1,-1
69,12,1543.30,422.63,42.61,129.07,0.4742,-1,-1,-1
70,2,612.12,446.18,99.58,275.16,0.7602,-1,-1,-1
70,3,491.59,444.32,150.57,322.10,0.7280,-1,-1,-1
70,11,491.55,444.30,150.61,322.13,0.7280,-1,-1,-1
70,10,1259.75,437.68,39.16,106.78,0.5124,-1,-1,-1
70,5,698.30,457.45,71.89,220.39,0.6309,-1,-1,-1
70,12,1543.39,420.62,45.17,131.72,0.5871,-1,-1,-1
71,2,611.14,445.77,100.02,276.06,0.7685,-1,-1,-1
71,3,495.99,443.36,147.40,323.62,0.7340,-1,-1,-1
71,11,495.95,443.35,147.44,323.65,0.7340,-1,-1,-1
71,10,1259.66,437.28,39.22,107.20,0.5172,-1,-1,-1
71,5,698.58,458.66,69.40,219.96,0.5871,-1,-1,-1
71,12,1543.22,420.36,46.72,132.34,0.5761,-1,-1,-1
72,2,611.82,444.80,98.38,277.15,0.7659,-1,-1,-1
72,3,498.23,443.79,145.68,323.44,0.7415,-1,-1,-1
72,11,498.19,443.78,145.71,323.47,0.7415,-1,-1,-1
72,10,1259.67,432.06,39.97,112.41,0.5145,-1,-1,-1
72,5,698.95,458.62,70.16,220.98,0.5845,-1,-1,-1
72,12,1543.37,420.37,46.30,132.21,0.5703,-1,-1,-1
73,2,614.26,443.89,96.33,278.04,0.7676,-1,-1,-1
73,3,501.97,444.44,142.10,323.50,0.7758,-1,-1,-1
73,11,501.94,444.43,142.13,323.52,0.7758,-1,-1,-1
73,10,1259.78,431.18,40.24,113.05,0.5074,-1,-1,-1
73,5,700.10,458.56,70.78,220.50,0.5999,-1,-1,-1
73,12,1545.52,419.35,44.53,132.81,0.5325,-1,-1,-1
74,2,617.63,442.86,92.89,280.12,0.7756,-1,-1,-1
74,3,506.03,444.18,139.96,326.29,0.7379,-1,-1,-1
74,11,506.00,444.17,139.98,326.31,0.7379,-1,-1,-1
74,10,1260.18,429.00,40.51,115.54,0.5174,-1,-1,-1
74,5,701.55,455.93,74.71,222.12,0.5742,-1,-1,-1
75,2,619.65,441.01,89.43,282.44,0.7708,-1,-1,-1
75,3,507.15,442.68,138.92,326.34,0.7344,-1,-1,-1
75,11,507.13,442.67,138.94,326.36,0.7344,-1,-1,-1
75,10,1259.72,428.24,40.96,116.82,0.5281,-1,-1,-1
75,5,702.30,455.01,75.83,221.80,0.6333,-1,-1,-1
76,2,621.73,441.35,87.21,282.09,0.7708,-1,-1,-1
76,3,512.39,445.36,132.24,321.80,0.7661,-1,-1,-1
76,11,512.37,445.36,132.26,321.82,0.7661,-1,-1,-1
76,10,1259.79,427.73,41.26,117.14,0.5218,-1,-1,-1
76,5,702.41,452.11,79.24,224.57,0.6651,-1,-1,-1
77,2,622.51,441.07,85.28,283.85,0.7673,-1,-1,-1
77,3,517.38,446.55,127.07,320.31,0.7639,-1,-1,-1
77,11,517.37,446.54,127.09,320.32,0.7639,-1,-1,-1
77,10,1259.86,427.56,41.28,117.20,0.5270,-1,-1,-1
77,5,701.74,448.37,82.84,228.24,0.6316,-1,-1,-1
78,2,626.61,441.39,81.60,281.91,0.7764,-1,-1,-1
78,3,517.10,445.69,126.83,321.60,0.7209,-1,-1,-1
78,11,517.08,445.68,126.85,321.61,0.7209,-1,-1,-1
78,10,1260.76,438.51,40.02,105.83,0.4770,-1,-1,-1
78,5,702.39,451.42,86.10,225.81,0.6613,-1,-1,-1
79,2,629.15,440.62,78.94,282.34,0.7683,-1,-1,-1
79,3,515.97,446.10,127.36,322.47,0.5530,-1,-1,-1
79,11,548.59,447.44,99.96,318.71,0.4504,-1,-1,-1
79,10,1260.90,438.83,40.43,105.51,0.4627,-1,-1,-1
79,5,703.84,455.66,90.90,221.41,0.6627,-1,-1,-1
80,2,630.26,439.70,79.27,283.80,0.7416,-1,-1,-1
80,3,511.58,445.78,133.44,324.73,0.5080,-1,-1,-1
80,11,553.06,448.49,98.41,318.79,0.3764,-1,-1,-1
80,10,1260.94,437.21,40.92,107.16,0.4880,-1,-1,-1
80,5,706.25,457.58,95.14,219.99,0.7267,-1,-1,-1
81,2,631.53,437.30,80.47,287.73,0.7148,-1,-1,-1
81,3,508.46,445.55,137.90,327.71,0.4909,-1,-1,-1
81,11,551.19,448.59,96.25,324.76,0.4604,-1,-1,-1
81,10,1260.96,435.35,41.16,108.99,0.4968,-1,-1,-1
81,5,707.64,458.32,98.53,220.18,0.7117,-1,-1,-1
82,2,632.55,438.58,79.73,288.27,0.6817,-1,-1,-1
82,3,503.92,448.71,114.30,310.70,0.4512,-1,-1,-1
82,11,557.16,447.98,89.59,330.01,0.5213,-1,-1,-1
82,10,1261.13,438.41,40.74,106.20,0.4998,-1,-1,-1
82,5,708.35,458.61,103.42,220.47,0.7304,-1,-1,-1
82,20,487.98,447.83,51.68,132.09,0.3798,-1,-1,-1
83,2,633.57,440.38,80.34,288.28,0.6488,-1,-1,-1
83,3,502.58,450.39,103.67,305.03,0.5313,-1,-1,-1
83,11,563.41,445.62,83.59,334.81,0.4478,-1,-1,-1
83,10,1261.63,435.25,41.30,109.62,0.4569,-1,-1,-1
83,5,710.44,458.31,104.87,222.11,0.7130,-1,-1,-1
83,20,489.39,448.17,50.10,128.03,0.3085,-1,-1,-1
84,2,633.18,441.89,85.23,288.33,0.5867,-1,-1,-1
84,3,505.81,451.24,95.94,294.49,0.4673,-1,-1,-1
84,11,566.46,443.20,82.34,338.63,0.5381,-1,-1,-1
84,10,1262.21,435.56,40.63,109.49,0.4271,-1,-1,-1
84,5,711.67,460.01,107.75,221.11,0.7029,-1,-1,-1
84,20,487.98,448.57,50.71,131.30,0.3264,-1,-1,-1
85,2,632.66,443.57,86.71,288.15,0.5714,-1,-1,-1
85,3,509.15,451.87,92.96,298.55,0.4018,-1,-1,-1
85,11,560.00,439.73,88.88,344.96,0.4759,-1,-1,-1
85,10,1262.98,438.98,39.84,105.89,0.3925,-1,-1,-1
85,5,716.59,458.78,104.45,223.57,0.7237,-1,-1,-1
85,20,487.17,448.15,52.63,133.38,0.3927,-1,-1,-1
86,2,632.60,444.09,91.46,288.51,0.5460,-1,-1,-1
86,3,513.83,452.38,91.20,302.77,0.4529,-1,-1,-1
86,11,554.98,440.43,91.18,343.92,0.3966,-1,-1,-1
86,10,1263.40,440.02,39.39,104.57,0.4195,-1,-1,-1
86,5,719.30,457.30,102.13,225.26,0.7348,-1,-1,-1
86,20,488.17,448.94,52.47,134.86,0.4016,-1,-1,-1
87,2,634.33,443.82,90.24,288.59,0.5317,-1,-1,-1
87,3,514.47,452.64,92.60,306.16,0.4477,-1,-1,-1
87,11,551.91,440.89,94.90,343.40,0.4052,-1,-1,-1
87,10,1262.87,434.37,39.52,109.78,0.4074,-1,-1,-1
87,5,720.38,456.40,101.69,225.40,0.7199,-1,-1,-1
87,20,488.19,450.56,51.07,134.12,0.3493,-1,-1,-1
88,2,635.99,446.11,93.08,286.62,0.5833,-1,-1,-1
88,3,514.08,451.67,93.78,306.95,0.4865,-1,-1,-1
88,11,554.87,441.04,94.03,342.79,0.4499,-1,-1,-1
88,10,1262.75,431.41,40.04,112.71,0.4247,-1,-1,-1
88,5,723.18,454.35,99.35,227.67,0.6861,-1,-1,-1
88,22,590.12,449.48,72.90,280.67,0.3934,-1,-1,-1
89,2,638.41,448.74,93.68,284.52,0.5886,-1,-1,-1
89,3,511.13,450.84,94.93,306.21,0.5520,-1,-1,-1
89,11,562.72,443.18,86.70,340.07,0.4143,-1,-1,-1
89,10,1262.58,431.12,40.60,113.32,0.4329,-1,-1,-1
89,5,724.60,452.11,99.00,230.15,0.7352,-1,-1,-1
89,22,588.72,450.15,74.04,280.22,0.4556,-1,-1,-1
90,2,641.67,446.62,90.66,286.19,0.6026,-1,-1,-1
90,3,514.10,449.54,95.00,305.49,0.5639,-1,-1,-1
90,11,563.92,440.31,85.47,343.63,0.3947,-1,-1,-1
90,10,1262.18,434.52,40.90,109.73,0.4307,-1,-1,-1
90,5,728.10,451.73,96.23,230.66,0.7266,-1,-1,-1
90,22,591.10,449.26,72.77,281.13,0.4332,-1,-1,-1
91,2,643.62,443.26,91.76,290.70,0.6821,-1,-1,-1
91,3,513.17,449.36,96.57,300.47,0.6323,-1,-1,-1
91,11,572.13,444.68,79.19,341.12,0.4097,-1,-1,-1
91,10,1261.68,436.93,39.08,108.50,0.3936,-1,-1,-1
91,5,731.62,453.40,93.21,229.04,0.6914,-1,-1,-1
91,22,584.65,447.06,79.90,284.34,0.5625,-1,-1,-1
91,14,1074.15,462.93,57.06,132.36,0.3913,-1,-1,-1
92,2,642.77,439.51,94.52,294.95,0.6772,-1,-1,-1
92,3,511.87,448.40,97.89,301.46,0.6145,-1,-1,-1
92,11,569.75,438.35,80.45,351.84,0.4848,-1,-1,-1
92,10,1260.68,436.57,39.65,109.06,0.4559,-1,-1,-1
92,5,732.84,453.98,93.16,228.18,0.6878,-1,-1,-1
92,22,582.90,445.68,82.00,286.22,0.4987,-1,-1,-1
92,14,1075.90,458.86,55.27,135.53,0.3440,-1,-1,-1
93,2,641.81,438.69,96.54,296.07,0.6735,-1,-1,-1
93,3,511.81,448.01,98.47,302.19,0.6229,-1,-1,-1
93,11,571.28,436.05,78.54,357.60,0.4814,-1,-1,-1
93,10,1260.35,436.05,39.80,109.61,0.4622,-1,-1,-1
93,5,735.28,456.52,91.95,225.26,0.7076,-1,-1,-1
93,22,583.56,445.55,81.37,286.42,0.4922,-1,-1,-1
93,14,1076.65,458.50,54.90,136.25,0.4073,-1,-1,-1
94,2,643.49,439.43,95.08,297.32,0.7239,-1,-1,-1
94,3,515.19,448.53,94.95,302.31,0.5701,-1,-1,-1
94,11,567.82,434.60,81.86,362.36,0.4405,-1,-1,-1
94,10,1260.25,436.86,39.98,108.91,0.4622,-1,-1,-1
94,5,737.90,454.86,91.30,226.88,0.7050,-1,-1,-1
94,22,588.44,446.06,75.93,287.40,0.4789,-1,-1,-1
94,14,1076.26,462.61,54.36,132.24,0.3344,-1,-1,-1
95,2,643.29,439.91,97.43,297.98,0.7416,-1,-1,-1
95,3,513.17,448.34,96.44,301.95,0.5604,-1,-1,-1
95,11,561.84,433.55,87.13,365.62,0.4047,-1,-1,-1
95,10,1258.71,435.88,41.67,110.20,0.5239,-1,-1,-1
95,5,740.10,452.97,90.15,229.72,0.6683,-1,-1,-1
95,22,587.52,446.29,77.15,283.73,0.4526,-1,-1,-1
96,2,642.65,440.88,98.31,297.45,0.7596,-1,-1,-1
96,3,510.41,447.17,97.53,303.39,0.5008,-1,-1,-1
96,11,551.83,438.35,102.35,362.00,0.3817,-1,-1,-1
96,10,1258.14,435.14,41.72,111.26,0.4773,-1,-1,-1
96,5,744.08,454.45,87.67,228.69,0.6826,-1,-1,-1
96,22,587.06,446.36,78.18,280.79,0.4058,-1,-1,-1
97,2,644.28,441.36,98.07,296.86,0.7521,-1,-1,-1
97,3,509.18,446.66,98.64,303.36,0.5039,-1,-1,-1
97,11,536.87,443.99,119.59,349.99,0.3685,-1,-1,-1
97,10,1257.98,433.45,41.39,112.69,0.4496,-1,-1,-1
97,5,747.15,455.75,87.61,229.18,0.6976,-1,-1,-1
97,22,586.10,446.28,78.71,281.02,0.3898,-1,-1,-1
98,2,646.00,442.29,98.76,296.16,0.7792,-1,-1,-1
98,3,506.47,446.56,100.19,304.37,0.5051,-1,-1,-1
98,11,545.63,441.89,117.15,355.85,0.5218,-1,-1,-1
98,10,1257.54,436.66,42.00,109.80,0.5484,-1,-1,-1
98,5,751.02,457.40,87.41,228.59,0.7156,-1,-1,-1
98,22,584.00,445.65,81.47,293.72,0.3296,-1,-1,-1
99,2,647.24,442.60,99.40,295.88,0.7606,-1,-1,-1
99,3,502.21,444.77,104.70,304.85,0.5341,-1,-1,-1
99,11,556.53,442.91,108.81,356.27,0.5673,-1,-1,-1
99,10,1257.78,439.36,41.10,107.15,0.5308,-1,-1,-1
99,5,751.56,456.65,89.05,229.69,0.7761,-1,-1,-1
99,22,570.22,444.06,95.75,335.12,0.5673,-1,-1,-1
100,2,648.30,442.13,100.99,296.89,0.6838,-1,-1,-1
100,3,498.49,441.32,105.03,304.10,0.5651,-1,-1,-1
100,11,545.07,445.08,118.47,348.90,0.3600,-1,-1,-1
100,10,1257.89,441.11,40.51,105.64,0.5534,-1,-1,-1
100,5,753.67,454.50,87.00,231.74,0.7635,-1,-1,-1
100,22,570.17,444.09,97.05,348.81,0.5900,-1,-1,-1
101,2,648.40,442.50,104.21,296.88,0.7110,-1,-1,-1
101,3,496.53,442.32,108.32,305.09,0.5476,-1,-1,-1
101,11,554.41,443.10,113.28,355.86,0.6097,-1,-1,-1
101,10,1257.80,441.73,39.75,105.00,0.5540,-1,-1,-1
101,5,755.11,455.59,85.40,232.14,0.7580,-1,-1,-1
101,22,580.66,444.16,85.66,347.71,0.4164,-1,-1,-1
102,2,650.10,441.88,103.36,294.45,0.7175,-1,-1,-1
102,3,497.18,441.19,104.08,305.34,0.5783,-1,-1,-1
102,11,561.83,443.95,107.24,357.27,0.6217,-1,-1,-1
102,10,1256.91,441.00,37.79,105.93,0.5566,-1,-1,-1
102,5,754.82,456.58,87.60,231.10,0.7434,-1,-1,-1
102,22,570.38,444.12,97.93,356.36,0.6217,-1,-1,-1
103,2,650.95,440.88,105.63,294.55,0.7069,-1,-1,-1
103,3,498.20,443.36,101.10,302.38,0.5502,-1,-1,-1
103,11,565.13,444.29,106.34,357.85,0.5750,-1,-1,-1
103,10,1257.88,442.73,37.28,104.02,0.4842,-1,-1,-1
103,5,754.50,457.06,87.57,228.73,0.7248,-1,-1,-1
103,22,567.30,444.14,103.47,359.57,0.5750,-1,-1,-1
104,2,653.57,440.53,105.54,295.64,0.7209,-1,-1,-1
104,3,498.80,444.75,105.93,305.34,0.3818,-1,-1,-1
104,11,552.45,440.76,120.47,361.68,0.6640,-1,-1,-1
104,10,1256.79,442.55,36.66,104.79,0.4853,-1,-1,-1
104,5,755.40,457.77,87.36,229.43,0.7324,-1,-1,-1
104,22,552.83,440.58,119.53,364.16,0.6640,-1,-1,-1
105,2,655.40,439.97,105.74,297.30,0.7535,-1,-1,-1
105,11,541.49,437.86,132.69,363.53,0.7286,-1,-1,-1
105,10,1256.71,442.86,36.63,104.58,0.4586,-1,-1,-1
105,5,758.62,459.31,85.62,231.73,0.7590,-1,-1,-1
105,22,540.99,437.68,132.69,366.14,0.7286,-1,-1,-1
106,2,656.89,441.24,105.93,295.39,0.7513,-1,-1,-1
106,11,535.91,438.19,139.65,363.52,0.6722,-1,-1,-1
106,10,1255.57,442.40,38.17,105.75,0.4400,-1,-1,-1
106,5,760.07,459.04,85.42,233.70,0.7377,-1,-1,-1
106,22,535.00,437.98,140.12,366.01,0.6722,-1,-1,-1
107,2,658.19,441.21,108.77,295.28,0.7626,-1,-1,-1
107,11,533.99,438.52,143.96,362.77,0.6667,-1,-1,-1
107,10,1255.83,444.75,34.21,101.88,0.3548,-1,-1,-1
107,5,761.83,459.56,85.11,235.26,0.7346,-1,-1,-1
107,22,532.94,438.32,144.60,365.07,0.6667,-1,-1,-1
108,2,659.95,439.28,107.10,296.31,0.7571,-1,-1,-1
108,11,536.94,437.33,143.29,365.98,0.6898,-1,-1,-1
108,5,761.23,455.86,87.31,242.04,0.7145,-1,-1,-1
108,22,535.84,437.16,144.02,368.01,0.6898,-1,-1,-1
109,2,660.82,438.53,108.36,298.21,0.7369,-1,-1,-1
109,11,539.22,437.14,144.43,367.39,0.6967,-1,-1,-1
109,5,762.06,455.27,87.66,243.53,0.6724,-1,-1,-1
109,22,538.18,436.98,145.13,369.21,0.6967,-1,-1,-1
110,2,662.17,437.91,105.46,301.04,0.7533,-1,-1,-1
110,11,540.21,437.84,145.51,367.47,0.6861,-1,-1,-1
110,5,761.22,456.75,88.96,242.57,0.7081,-1,-1,-1
110,22,539.24,437.70,146.17,369.10,0.6861,-1,-1,-1
111,2,662.87,437.86,106.64,305.16,0.7665,-1,-1,-1
111,11,540.30,440.11,148.46,366.95,0.6630,-1,-1,-1
111,5,761.01,455.82,88.90,243.18,0.7136,-1,-1,-1
111,22,539.42,439.97,149.05,368.39,0.6630,-1,-1,-1
111,3,503.03,446.76,92.57,300.48,0.3627,-1,-1,-1
111,10,1247.49,439.98,34.43,105.75,0.4358,-1,-1,-1
112,2,665.53,437.88,105.34,306.71,0.7776,-1,-1,-1
112,11,540.55,437.67,147.93,368.45,0.6823,-1,-1,-1
112,5,761.47,452.87,88.32,246.81,0.7237,-1,-1,-1
112,22,539.74,437.56,148.49,369.72,0.6823,-1,-1,-1
112,10,1244.79,439.50,36.60,106.62,0.4791,-1,-1,-1
113,2,666.89,437.85,105.93,311.95,0.7864,-1,-1,-1
113,11,546.70,436.15,141.42,370.18,0.6973,-1,-1,-1
113,5,763.37,451.71,87.10,247.79,0.7145,-1,-1,-1
113,22,545.95,436.06,141.95,371.31,0.6973,-1,-1,-1
113,10,1244.37,440.22,36.19,105.98,0.4765,-1,-1,-1
113,14,1075.96,441.60,56.94,155.48,0.3541,-1,-1,-1
114,2,668.68,438.89,103.56,314.73,0.7899,-1,-1,-1
114,11,540.40,434.67,148.70,371.57,0.6813,-1,-1,-1
114,5,764.64,453.22,87.54,245.70,0.7037,-1,-1,-1
114,22,569.37,438.87,116.20,363.46,0.3398,-1,-1,-1
114,10,1243.29,440.72,36.54,104.84,0.5743,-1,-1,-1
114,14,1077.44,440.74,56.15,155.73,0.3856,-1,-1,-1
115,2,670.00,438.90,101.56,314.39,0.7876,-1,-1,-1
115,11,557.23,435.60,132.35,370.85,0.6531,-1,-1,-1
115,5,766.54,454.41,88.62,244.52,0.6933,-1,-1,-1
115,22,567.97,437.14,120.27,368.31,0.6531,-1,-1,-1
115,10,1242.08,440.81,36.90,103.37,0.5542,-1,-1,-1
115,14,1080.49,439.73,54.87,155.70,0.3437,-1,-1,-1
116,2,672.37,438.88,98.24,312.44,0.7856,-1,-1,-1
116,11,559.47,435.33,130.12,372.28,0.6311,-1,-1,-1
116,5,767.52,451.96,88.80,247.36,0.6746,-1,-1,-1
116,22,562.98,435.86,126.09,371.80,0.6311,-1,-1,-1
116,10,1240.69,441.18,37.49,102.48,0.5973,-1,-1,-1
116,14,1082.49,441.31,53.22,154.08,0.4034,-1,-1,-1
117,2,672.79,439.89,98.46,311.99,0.7959,-1,-1,-1
117,11,550.08,434.53,139.12,373.06,0.6801,-1,-1,-1
117,5,770.23,452.19,86.84,246.68,0.6475,-1,-1,-1
117,22,551.18,434.67,137.80,373.33,0.6801,-1,-1,-1
117,10,1241.10,441.39,36.13,101.14,0.5699,-1,-1,-1
117,14,1082.68,442.48,52.73,152.00,0.4225,-1,-1,-1
118,2,674.66,440.14,94.94,313.76,0.7995,-1,-1,-1
118,11,543.19,435.18,145.69,376.96,0.6851,-1,-1,-1
118,5,770.01,454.35,83.44,244.89,0.6589,-1,-1,-1
118,22,543.25,435.17,145.53,377.45,0.6851,-1,-1,-1
118,10,1240.86,442.20,35.97,99.90,0.5430,-1,-1,-1
118,14,1082.50,440.77,53.56,154.46,0.4558,-1,-1,-1
119,2,675.27,440.61,94.51,317.96,0.8143,-1,-1,-1
119,11,528.68,439.40,161.80,379.13,0.7320,-1,-1,-1
119,5,769.19,452.48,88.79,245.57,0.7131,-1,-1,-1
119,22,528.43,439.34,161.97,379.67,0.7320,-1,-1,-1
119,10,1239.54,442.85,36.78,98.00,0.5293,-1,-1,-1
119,14,1083.03,443.09,53.17,151.63,0.4188,-1,-1,-1
120,2,677.25,441.33,94.31,319.51,0.8120,-1,-1,-1
120,11,524.09,442.54,167.62,378.74,0.7667,-1,-1,-1
120,5,770.18,451.96,92.07,246.91,0.7126,-1,-1,-1
120,22,523.64,442.47,168.01,379.26,0.7667,-1,-1,-1
120,10,1237.95,442.94,37.40,100.10,0.5370,-1,-1,-1
120,14,1082.70,444.27,52.85,150.54,0.3526,-1,-1,-1
121,2,678.58,441.27,93.81,320.72,0.8157,-1,-1,-1
121,11,521.12,444.60,173.18,378.79,0.7728,-1,-1,-1
121,5,769.00,453.45,98.17,245.85,0.6845,-1,-1,-1
121,22,520.62,444.53,173.61,379.26,0.7728,-1,-1,-1
121,10,1238.45,443.18,35.10,101.02,0.4972,-1,-1,-1
121,14,1082.92,445.40,52.65,149.75,0.3515,-1,-1,-1
122,2,680.54,440.41,95.30,320.81,0.8004,-1,-1,-1
122,11,521.99,445.91,174.99,380.40,0.8125,-1,-1,-1
122,5,773.70,452.72,102.73,248.13,0.5890,-1,-1,-1
122,22,521.48,445.84,175.43,380.83,0.8125,-1,-1,-1
122,10,1236.88,445.43,34.38,99.93,0.4610,-1,-1,-1
122,14,1083.89,449.04,51.57,145.93,0.3728,-1,-1,-1
123,2,683.05,439.51,93.88,322.82,0.8125,-1,-1,-1
123,11,524.59,443.74,174.99,386.02,0.8010,-1,-1,-1
123,5,773.98,456.65,107.93,245.00,0.7214,-1,-1,-1
123,22,524.11,443.69,175.41,386.39,0.8010,-1,-1,-1
123,10,1236.03,450.51,35.02,96.23,0.5369,-1,-1,-1
123,14,1084.53,448.58,50.72,146.25,0.3634,-1,-1,-1
124,2,684.77,438.54,92.94,325.20,0.8053,-1,-1,-1
124,11,526.53,442.68,174.97,391.39,0.6890,-1,-1,-1
124,5,774.77,456.97,109.94,245.44,0.7239,-1,-1,-1
124,22,526.09,442.63,175.36,391.73,0.6890,-1,-1,-1
124,10,1235.38,453.77,35.49,93.43,0.5574,-1,-1,-1
124,14,1085.78,449.10,49.45,144.95,0.3523,-1,-1,-1
125,2,685.28,437.75,92.36,327.10,0.8169,-1,-1,-1
125,11,526.52,442.25,176.98,391.87,0.7677,-1,-1,-1
125,5,778.61,459.54,108.76,244.08,0.7426,-1,-1,-1
125,22,526.12,442.21,177.33,392.17,0.7677,-1,-1,-1
125,10,1233.51,454.62,36.25,93.94,0.5474,-1,-1,-1
125,14,1083.51,453.80,49.96,140.15,0.3690,-1,-1,-1
126,2,685.55,437.73,94.23,327.43,0.8111,-1,-1,-1
126,11,544.59,442.17,156.49,391.48,0.6422,-1,-1,-1
126,5,780.26,457.76,105.74,246.35,0.7283,-1,-1,-1
126,22,544.19,442.13,156.86,391.75,0.6422,-1,-1,-1
126,10,1230.41,453.39,38.28,95.97,0.5454,-1,-1,-1
126,14,1082.43,456.65,49.00,137.49,0.3077,-1,-1,-1
127,2,684.81,437.98,96.65,328.22,0.8123,-1,-1,-1
127,11,548.77,440.88,152.54,392.52,0.6704,-1,-1,-1
127,5,782.17,456.95,102.86,248.17,0.7183,-1,-1,-1
127,22,548.45,440.85,152.84,392.75,0.6704,-1,-1,-1
127,10,1227.43,452.46,40.80,97.83,0.5225,-1,-1,-1
127,14,1081.16,458.30,49.82,136.12,0.3094,-1,-1,-1
128,2,684.80,437.70,101.09,329.04,0.8133,-1,-1,-1
128,11,556.58,440.74,147.82,392.20,0.6723,-1,-1,-1
128,5,783.31,461.49,100.92,243.29,0.6857,-1,-1,-1
128,22,556.29,440.72,148.08,392.41,0.6723,-1,-1,-1
128,10,1225.31,454.27,42.45,98.19,0.5054,-1,-1,-1
128,14,1079.72,459.21,52.41,135.52,0.3465,-1,-1,-1
129,2,683.50,437.71,103.44,328.84,0.8329,-1,-1,-1
129,11,557.86,441.49,149.62,391.19,0.6805,-1,-1,-1
129,5,785.40,459.97,101.69,244.22,0.6782,-1,-1,-1
129,22,557.62,441.47,149.83,391.38,0.6805,-1,-1,-1
129,10,1223.18,461.75,44.12,92.47,0.4229,-1,-1,-1
129,14,1082.69,458.53,51.47,136.89,0.3198,-1,-1,-1
130,2,682.38,437.50,105.14,329.00,0.8317,-1,-1,-1
130,11,551.79,442.00,157.95,390.27,0.6634,-1,-1,-1
130,5,787.01,459.41,101.09,244.97,0.7440,-1,-1,-1
130,22,551.59,441.98,158.13,390.43,0.6634,-1,-1,-1
130,10,1222.76,456.55,43.32,97.92,0.4336,-1,-1,-1
130,14,1081.22,460.66,52.39,134.57,0.3693,-1,-1,-1
131,2,682.15,437.05,104.88,330.41,0.8232,-1,-1,-1
131,11,566.36,440.72,144.95,391.14,0.5514,-1,-1,-1
131,5,789.88,459.02,100.56,246.74,0.7645,-1,-1,-1
131,22,566.16,440.70,145.13,391.28,0.5514,-1,-1,-1
131,10,1222.50,462.39,44.56,92.77,0.3961,-1,-1,-1
131,14,1084.24,458.73,51.30,136.65,0.3089,-1,-1,-1
132,2,683.64,436.16,102.98,331.48,0.8127,-1,-1,-1
132,11,570.74,440.36,144.75,390.35,0.5694,-1,-1,-1
132,5,792.16,457.21,100.60,248.92,0.7882,-1,-1,-1
132,22,570.58,440.34,144.90,390.47,0.5694,-1,-1,-1
133,2,684.19,435.71,102.34,331.85,0.8011,-1,-1,-1
133,11,545.09,440.57,169.44,391.22,0.3433,-1,-1,-1
133,5,793.42,457.93,99.80,248.64,0.7893,-1,-1,-1
133,22,583.97,438.82,133.06,391.55,0.6245,-1,-1,-1
133,20,491.08,461.04,41.30,109.41,0.3529,-1,-1,-1
134,2,685.19,434.52,102.98,333.04,0.7911,-1,-1,-1
134,11,568.06,440.21,150.21,390.59,0.6260,-1,-1,-1
134,5,794.98,454.86,101.03,251.13,0.7736,-1,-1,-1
134,22,584.01,439.53,135.37,390.78,0.6260,-1,-1,-1
134,20,491.05,457.56,41.72,112.71,0.3044,-1,-1,-1
135,2,685.39,433.07,104.25,333.26,0.7844,-1,-1,-1
135,11,574.97,440.17,145.74,391.33,0.6396,-1,-1,-1
135,5,793.45,451.87,103.32,254.68,0.7167,-1,-1,-1
135,22,580.69,439.91,140.42,391.46,0.6396,-1,-1,-1
135,20,489.27,460.28,42.09,109.81,0.3711,-1,-1,-1
136,2,685.71,433.05,104.96,332.47,0.7735,-1,-1,-1
136,11,573.82,439.55,148.11,395.60,0.6530,-1,-1,-1
136,5,794.49,450.94,101.22,256.24,0.7078,-1,-1,-1
136,22,575.91,439.45,146.18,395.70,0.6530,-1,-1,-1
136,20,489.82,457.70,41.03,112.61,0.3792,-1,-1,-1
137,2,691.83,433.60,103.03,329.98,0.7815,-1,-1,-1
137,11,585.61,437.40,136.11,408.51,0.6709,-1,-1,-1
137,5,796.81,452.41,98.39,255.65,0.7601,-1,-1,-1
137,22,586.13,437.37,135.69,408.58,0.6709,-1,-1,-1
137,20,490.28,459.76,40.20,110.08,0.3781,-1,-1,-1
138,2,691.31,433.91,106.15,330.63,0.7633,-1,-1,-1
138,11,588.31,437.02,134.40,417.74,0.6508,-1,-1,-1
138,5,801.30,451.23,95.04,258.70,0.7548,-1,-1,-1
138,22,588.34,437.01,134.42,417.80,0.6508,-1,-1,-1
138,20,490.22,459.91,40.29,109.84,0.3531,-1,-1,-1
139,2,693.47,433.50,106.86,331.99,0.7557,-1,-1,-1
139,11,575.57,438.51,148.03,417.76,0.6132,-1,-1,-1
139,5,806.21,450.02,92.41,261.30,0.7275,-1,-1,-1
139,22,575.55,438.51,148.07,417.82,0.6132,-1,-1,-1
139,20,491.88,459.72,39.31,110.74,0.4720,-1,-1,-1
140,2,693.00,433.94,111.20,331.82,0.7593,-1,-1,-1
140,11,569.66,438.35,154.79,417.74,0.5617,-1,-1,-1
140,5,811.58,451.58,82.80,262.89,0.6999,-1,-1,-1
140,22,569.58,438.35,154.88,417.79,0.5617,-1,-1,-1
140,20,492.12,460.19,38.73,111.29,0.4325,-1,-1,-1
140,10,1216.72,450.35,34.74,102.93,0.3424,-1,-1,-1
141,2,692.59,433.13,114.67,334.05,0.7576,-1,-1,-1
141,11,563.34,438.39,160.70,419.05,0.5599,-1,-1,-1
141,5,815.37,451.61,82.40,262.41,0.6510,-1,-1,-1
141,22,563.26,438.39,160.79,419.10,0.5599,-1,-1,-1
141,20,491.73,459.54,39.56,112.05,0.3640,-1,-1,-1
141,10,1214.00,448.69,36.57,104.84,0.4122,-1,-1,-1
142,2,693.09,433.36,122.50,332.49,0.7615,-1,-1,-1
142,11,557.49,438.67,166.37,415.46,0.5181,-1,-1,-1
142,5,816.52,448.30,86.09,267.80,0.6419,-1,-1,-1
142,22,557.42,438.67,166.45,415.50,0.5181,-1,-1,-1
142,20,491.08,460.60,39.29,111.05,0.3084,-1,-1,-1
142,10,1211.55,447.99,36.96,104.94,0.4061,-1,-1,-1
143,2,694.48,435.36,127.47,330.75,0.7711,-1,-1,-1
143,11,571.80,435.58,150.73,427.23,0.5324,-1,-1,-1
143,5,818.12,447.61,85.66,268.04,0.6271,-1,-1,-1
143,22,571.70,435.58,150.85,427.26,0.5324,-1,-1,-1
143,10,1210.18,445.71,36.39,106.96,0.3846,-1,-1,-1
144,2,694.00,436.28,135.29,331.48,0.7510,-1,-1,-1
144,11,550.04,437.00,173.52,433.35,0.5173,-1,-1,-1
144,5,820.60,448.37,84.81,265.61,0.5453,-1,-1,-1
144,22,550.00,437.00,173.57,433.38,0.5173,-1,-1,-1
144,10,1208.01,444.10,35.28,109.30,0.3246,-1,-1,-1
145,2,694.01,437.88,141.24,330.70,0.7511,-1,-1,-1
145,11,543.37,437.09,180.01,439.49,0.6337,-1,-1,-1
145,5,823.44,453.27,82.80,258.83,0.5685,-1,-1,-1
145,22,543.33,437.10,180.06,439.51,0.6337,-1,-1,-1
145,10,1206.76,443.19,34.33,110.21,0.3652,-1,-1,-1
145,20,478.60,469.48,47.24,104.54,0.3481,-1,-1,-1
146,2,696.26,438.28,142.29,331.15,0.7432,-1,-1,-1
146,11,540.64,438.40,182.25,444.16,0.7284,-1,-1,-1
146,5,826.05,454.30,81.78,256.51,0.6558,-1,-1,-1
146,22,540.60,438.40,182.31,444.18,0.7284,-1,-1,-1
146,10,1206.55,443.35,33.48,108.16,0.4388,-1,-1,-1
146,24,877.73,434.05,79.62,247.40,0.3559,-1,-1,-1
146,20,476.67,472.27,47.66,101.71,0.3686,-1,-1,-1
147,2,699.77,437.89,139.77,333.65,0.7976,-1,-1,-1
147,11,540.14,439.89,181.66,448.03,0.7202,-1,-1,-1
147,5,827.67,456.87,81.48,253.46,0.6118,-1,-1,-1
147,22,540.10,439.90,181.71,448.05,0.7202,-1,-1,-1
147,10,1203.93,446.32,34.96,103.31,0.4760,-1,-1,-1
147,24,879.08,432.75,80.77,248.41,0.4336,-1,-1,-1
147,20,475.18,470.06,47.89,103.32,0.3378,-1,-1,-1
147,14,1081.54,460.06,49.56,134.81,0.3543,-1,-1,-1
148,2,701.93,437.67,137.94,333.56,0.7745,-1,-1,-1
148,11,539.19,440.53,182.44,451.68,0.7249,-1,-1,-1
148,5,828.45,456.90,83.27,254.11,0.6527,-1,-1,-1
148,22,539.15,440.53,182.48,451.70,0.7249,-1,-1,-1
148,10,1203.04,446.37,35.09,104.43,0.4492,-1,-1,-1
148,24,881.93,432.03,80.90,247.56,0.3680,-1,-1,-1
148,20,474.66,470.84,47.37,102.76,0.3710,-1,-1,-1
148,14,1082.00,458.37,49.57,136.30,0.3647,-1,-1,-1
149,2,705.70,437.52,134.47,336.13,0.8075,-1,-1,-1
149,11,541.73,439.30,176.41,455.23,0.7300,-1,-1,-1
149,5,830.35,456.44,83.49,253.42,0.6592,-1,-1,-1
149,22,541.70,439.30,176.46,455.25,0.7300,-1,-1,-1
149,10,1200.38,447.61,37.62,102.04,0.4542,-1,-1,-1
149,24,884.90,437.98,84.64,241.50,0.5619,-1,-1,-1
149,14,1080.06,459.30,49.23,135.73,0.3016,-1,-1,-1
150,2,709.24,436.52,130.58,338.18,0.8110,-1,-1,-1
150,11,543.97,437.54,174.44,458.38,0.7687,-1,-1,-1
150,5,831.65,452.83,84.89,257.12,0.6491,-1,-1,-1
150,22,543.94,437.54,174.48,458.39,0.7687,-1,-1,-1
150,10,1197.50,449.58,40.20,99.36,0.4429,-1,-1,-1
150,24,888.49,440.04,80.56,239.05,0.6122,-1,-1,-1
150,14,1079.76,458.85,49.65,135.60,0.3428,-1,-1,-1
151,2,713.08,436.55,128.31,339.73,0.8001,-1,-1,-1
151,11,543.56,438.18,172.02,458.02,0.7590,-1,-1,-1
151,5,831.15,449.87,88.06,261.63,0.6708,-1,-1,-1
151,22,543.53,438.18,172.06,458.03,0.7590,-1,-1,-1
151,10,1196.75,450.75,40.29,98.49,0.4643,-1,-1,-1
151,24,890.46,439.04,83.19,238.92,0.6625,-1,-1,-1
151,14,1079.63,456.90,50.75,137.13,0.3182,-1,-1,-1
151,20,470.94,472.36,44.14,101.03,0.3661,-1,-1,-1
152,2,714.85,436.14,121.42,339.77,0.8059,-1,-1,-1
152,11,543.69,438.27,174.59,458.93,0.7523,-1,-1,-1
152,5,830.90,446.23,89.09,270.11,0.7107,-1,-1,-1
152,22,543.66,438.27,174.62,458.94,0.7523,-1,-1,-1
152,10,1195.45,451.03,40.84,98.26,0.4818,-1,-1,-1
152,24,891.20,438.48,82.00,240.19,0.4469,-1,-1,-1
153,2,715.50,435.40,122.86,341.33,0.8437,-1,-1,-1
153,11,539.78,437.70,167.89,458.27,0.7398,-1,-1,-1
153,5,831.37,445.45,89.18,271.38,0.7249,-1,-1,-1
153,22,539.76,437.70,167.92,458.28,0.7398,-1,-1,-1
153,10,1194.11,451.37,39.97,96.83,0.4861,-1,-1,-1
154,2,717.30,435.46,122.54,341.11,0.8569,-1,-1,-1
154,11,537.61,433.70,164.87,461.91,0.7486,-1,-1,-1
154,5,832.48,448.61,87.42,274.34,0.6949,-1,-1,-1
154,22,537.59,433.70,164.90,461.92,0.7486,-1,-1,-1
154,10,1193.46,451.54,38.63,96.16,0.5306,-1,-1,-1
154,24,894.53,436.85,75.84,240.59,0.5450,-1,-1,-1
155,2,719.27,436.20,123.17,340.67,0.8591,-1,-1,-1
155,11,533.06,433.54,167.84,462.89,0.7407,-1,-1,-1
155,5,833.49,448.23,87.09,278.13,0.6799,-1,-1,-1
155,22,533.05,433.54,167.86,462.89,0.7407,-1,-1,-1
155,10,1192.41,452.02,38.16,96.14,0.5438,-1,-1,-1
155,24,896.99,436.47,74.46,243.60,0.6244,-1,-1,-1
156,2,721.86,434.40,121.69,341.94,0.8376,-1,-1,-1
156,11,531.48,434.09,165.80,462.50,0.7564,-1,-1,-1
156,5,834.35,445.69,88.43,282.47,0.6888,-1,-1,-1
156,22,531.46,434.09,165.82,462.50,0.7564,-1,-1,-1
156,10,1191.44,450.25,37.12,96.99,0.5354,-1,-1,-1
156,24,899.36,436.79,71.32,247.33,0.5882,-1,-1,-1
157,2,723.06,433.68,125.37,342.20,0.8121,-1,-1,-1
157,11,529.52,434.42,166.07,462.87,0.7261,-1,-1,-1
157,5,837.33,444.78,87.93,282.77,0.6967,-1,-1,-1
157,22,529.51,434.43,166.09,462.88,0.7261,-1,-1,-1
157,10,1190.81,452.45,34.79,94.98,0.4865,-1,-1,-1
157,24,902.59,437.16,70.99,249.94,0.4407,-1,-1,-1
157,26,660.62,439.39,85.48,340.80,0.4336,-1,-1,-1
158,2,725.89,433.22,128.43,341.61,0.7639,-1,-1,-1
158,11,529.84,432.55,168.00,464.84,0.7490,-1,-1,-1
158,5,841.14,444.64,90.13,284.21,0.7171,-1,-1,-1
158,22,529.83,432.55,168.02,464.85,0.7490,-1,-1,-1
158,10,1191.12,456.81,31.56,90.50,0.3832,-1,-1,-1
158,24,905.81,438.50,70.01,179.00,0.4429,-1,-1,-1
158,26,664.16,438.43,82.36,343.20,0.5350,-1,-1,-1
159,2,730.83,434.69,128.88,339.60,0.7617,-1,-1,-1
159,11,524.52,431.67,174.40,464.98,0.7792,-1,-1,-1
159,5,843.83,444.81,87.62,285.51,0.7384,-1,-1,-1
159,22,524.51,431.67,174.41,464.99,0.7792,-1,-1,-1
159,24,902.39,441.27,83.61,226.47,0.4186,-1,-1,-1
159,26,667.16,437.47,82.46,345.09,0.5176,-1,-1,-1
160,2,736.77,431.85,122.07,343.04,0.7586,-1,-1,-1
160,11,525.86,432.14,171.69,462.99,0.7846,-1,-1,-1
160,5,845.61,446.63,86.10,282.89,0.7415,-1,-1,-1
160,22,525.85,432.14,171.70,462.99,0.7846,-1,-1,-1
160,24,909.98,440.05,74.86,173.95,0.3848,-1,-1,-1
160,26,668.86,437.56,81.75,345.83,0.5328,-1,-1,-1
161,2,740.71,430.38,118.87,344.90,0.7790,-1,-1,-1
161,11,526.82,433.83,170.70,459.51,0.7808,-1,-1,-1
161,5,847.44,447.48,86.65,281.88,0.7503,-1,-1,-1
161,22,526.81,433.83,170.71,459.52,0.7808,-1,-1,-1
161,24,916.11,440.11,71.05,150.29,0.4001,-1,-1,-1
161,26,669.00,439.42,82.76,347.22,0.6251,-1,-1,-1
162,2,743.96,429.72,116.85,347.74,0.7777,-1,-1,-1
162,11,525.71,433.16,176.40,460.08,0.7730,-1,-1,-1
162,5,848.92,448.68,88.40,282.10,0.7438,-1,-1,-1
162,22,525.70,433.16,176.40,460.08,0.7730,-1,-1,-1
162,24,917.89,441.25,76.98,141.88,0.3189,-1,-1,-1
162,26,669.93,440.43,82.34,349.94,0.6216,-1,-1,-1
163,2,746.23,431.01,115.95,347.70,0.7898,-1,-1,-1
163,11,527.00,432.74,178.76,461.79,0.8001,-1,-1,-1
163,5,851.32,449.47,91.26,282.18,0.7397,-1,-1,-1
163,22,526.99,432.74,178.77,461.79,0.8001,-1,-1,-1
163,24,921.17,440.08,79.65,223.37,0.5742,-1,-1,-1
163,26,671.00,440.61,81.33,358.06,0.5954,-1,-1,-1
163,10,1188.78,445.00,30.46,101.09,0.4376,-1,-1,-1
164,2,748.88,431.46,115.87,350.32,0.7862,-1,-1,-1
164,11,527.09,431.73,183.19,465.54,0.7893,-1,-1,-1
164,5,852.69,449.83,98.15,283.18,0.7082,-1,-1,-1
164,22,527.09,431.73,183.20,465.54,0.7893,-1,-1,-1
164,24,922.75,439.97,82.12,245.40,0.5590,-1,-1,-1
164,26,671.72,439.46,83.32,362.12,0.5992,-1,-1,-1
164,28,1137.97,437.99,45.97,108.18,0.3954,-1,-1,-1
164,10,1187.32,443.47,31.33,101.91,0.5071,-1,-1,-1
165,2,749.87,430.78,116.07,352.29,0.7889,-1,-1,-1
165,11,528.08,431.30,187.20,468.26,0.8058,-1,-1,-1
165,5,854.96,450.59,107.66,282.71,0.6620,-1,-1,-1
165,22,528.07,431.30,187.21,468.26,0.8058,-1,-1,-1
165,24,922.34,439.11,85.39,258.28,0.5203,-1,-1,-1
165,26,672.57,440.83,87.84,352.57,0.6941,-1,-1,-1
165,10,1186.69,451.49,30.92,93.92,0.3326,-1,-1,-1
166,2,751.25,430.68,116.05,355.57,0.7907,-1,-1,-1
166,11,528.39,431.43,190.26,470.52,0.7936,-1,-1,-1
166,5,856.60,452.90,108.77,283.94,0.6403,-1,-1,-1
166,22,528.39,431.43,190.26,470.52,0.7936,-1,-1,-1
166,24,926.20,436.66,82.48,260.44,0.5081,-1,-1,-1
166,26,673.37,441.68,90.77,351.54,0.7231,-1,-1,-1
167,2,751.55,431.04,116.21,356.43,0.7970,-1,-1,-1
167,11,529.70,432.21,194.50,471.36,0.8015,-1,-1,-1
167,5,859.40,451.10,120.69,283.64,0.7057,-1,-1,-1
167,22,529.69,432.21,194.50,471.36,0.8015,-1,-1,-1
167,24,930.92,436.26,78.31,256.83,0.5915,-1,-1,-1
167,26,674.22,441.91,91.24,351.78,0.7099,-1,-1,-1
168,2,752.77,432.11,116.18,356.93,0.7932,-1,-1,-1
168,11,530.93,433.65,205.73,469.24,0.8078,-1,-1,-1
168,5,861.80,448.19,126.59,285.94,0.7508,-1,-1,-1
168,22,530.93,433.65,205.74,469.24,0.8078,-1,-1,-1
168,24,936.43,434.97,74.53,251.84,0.5948,-1,-1,-1
168,26,674.61,442.38,91.14,353.57,0.7275,-1,-1,-1
168,28,1145.24,440.95,46.01,104.02,0.3475,-1,-1,-1
169,2,753.59,433.84,115.26,356.17,0.8000,-1,-1,-1
169,11,531.65,430.29,218.33,471.26,0.8083,-1,-1,-1
169,5,864.12,447.03,124.02,288.25,0.7802,-1,-1,-1
169,22,531.64,430.29,218.34,471.26,0.8083,-1,-1,-1
169,24,941.43,434.35,70.46,245.91,0.5910,-1,-1,-1
169,26,675.74,442.60,90.66,354.82,0.7357,-1,-1,-1
169,28,1146.99,440.97,44.78,103.94,0.3553,-1,-1,-1
170,2,755.82,434.79,114.46,356.06,0.7813,-1,-1,-1
170,11,531.94,429.63,229.72,471.39,0.8298,-1,-1,-1
170,5,868.06,446.43,120.81,289.95,0.7986,-1,-1,-1
170,22,531.94,429.63,229.73,471.39,0.8298,-1,-1,-1
170,24,943.99,434.09,69.91,240.74,0.6174,-1,-1,-1
170,26,677.48,442.44,88.90,356.12,0.7286,-1,-1,-1
170,28,1147.63,442.23,44.58,102.85,0.4360,-1,-1,-1
171,2,757.61,435.37,113.04,350.87,0.7893,-1,-1,-1
171,11,533.75,429.99,237.81,471.16,0.8573,-1,-1,-1
171,5,870.57,446.52,118.63,291.28,0.7921,-1,-1,-1
171,22,533.74,429.99,237.81,471.16,0.8573,-1,-1,-1
171,24,946.42,435.26,71.05,246.97,0.6679,-1,-1,-1
171,26,678.13,442.37,89.68,359.63,0.7302,-1,-1,-1
171,28,1146.97,444.27,45.96,100.96,0.4402,-1,-1,-1
172,2,759.97,436.19,115.60,347.64,0.8126,-1,-1,-1
172,11,535.73,432.34,240.54,470.56,0.8475,-1,-1,-1
172,5,871.19,447.05,118.45,291.40,0.7949,-1,-1,-1
172,22,535.73,432.34,240.54,470.57,0.8475,-1,-1,-1
172,24,950.24,435.29,73.30,251.76,0.6845,-1,-1,-1
172,26,679.85,444.27,86.46,358.15,0.7012,-1,-1,-1
172,28,1147.31,445.52,44.03,100.33,0.4060,-1,-1,-1
173,2,761.80,437.15,117.07,345.50,0.8189,-1,-1,-1
173,11,537.62,432.41,236.50,470.24,0.8566,-1,-1,-1
173,5,872.91,445.57,117.76,293.34,0.7876,-1,-1,-1
173,22,537.62,432.41,236.50,470.24,0.8566,-1,-1,-1
173,24,952.14,434.68,75.35,257.99,0.6619,-1,-1,-1
173,26,681.22,446.10,88.32,352.65,0.6246,-1,-1,-1
173,28,1147.62,446.42,41.76,99.97,0.3464,-1,-1,-1
173,14,1085.95,455.04,44.70,140.27,0.3412,-1,-1,-1
174,2,762.58,438.76,119.74,347.71,0.8226,-1,-1,-1
174,11,541.55,432.63,233.19,471.67,0.8521,-1,-1,-1
174,5,874.76,444.97,118.42,294.01,0.7878,-1,-1,-1
174,22,541.55,432.63,233.19,471.67,0.8521,-1,-1,-1
174,24,954.28,435.28,74.91,260.36,0.6314,-1,-1,-1
174,26,685.56,449.59,85.45,349.69,0.4761,-1,-1,-1
174,14,1085.05,455.34,46.04,140.26,0.4155,-1,-1,-1
175,2,766.36,439.66,117.97,349.70,0.8433,-1,-1,-1
175,11,548.39,433.49,227.85,471.61,0.8354,-1,-1,-1
175,5,876.41,444.30,117.44,294.57,0.7923,-1,-1,-1
175,22,548.39,433.49,227.85,471.61,0.8354,-1,-1,-1
175,24,957.24,435.21,75.76,262.17,0.6017,-1,-1,-1
175,14,1084.90,455.99,45.80,139.79,0.3239,-1,-1,-1
175,10,1151.81,453.06,54.35,94.46,0.4231,-1,-1,-1
176,2,768.03,441.18,116.16,354.24,0.8303,-1,-1,-1
176,11,556.59,433.15,219.38,474.16,0.7967,-1,-1,-1
176,5,877.95,443.86,115.72,294.73,0.7982,-1,-1,-1
176,22,556.59,433.15,219.38,474.16,0.7967,-1,-1,-1
176,24,960.23,434.73,79.68,261.46,0.5877,-1,-1,-1
176,14,1082.56,455.62,47.88,139.84,0.3483,-1,-1,-1
176,10,1151.80,455.18,54.06,91.37,0.4386,-1,-1,-1
177,2,768.44,441.30,117.57,355.29,0.8228,-1,-1,-1
177,11,558.68,435.68,216.32,473.10,0.7981,-1,-1,-1
177,5,880.29,445.49,115.16,293.07,0.7896,-1,-1,-1
177,22,558.68,435.68,216.32,473.11,0.7981,-1,-1,-1
177,24,962.49,434.42,83.24,262.65,0.5191,-1,-1,-1
177,10,1153.29,451.61,52.28,96.31,0.3971,-1,-1,-1
178,2,772.44,440.88,113.48,356.12,0.8093,-1,-1,-1
178,11,561.44,434.22,214.35,474.56,0.8391,-1,-1,-1
178,5,885.76,446.91,110.83,290.87,0.7653,-1,-1,-1
178,22,561.44,434.22,214.36,474.56,0.8391,-1,-1,-1
178,24,963.53,433.31,90.06,265.91,0.4588,-1,-1,-1
178,10,1153.28,448.17,48.42,98.87,0.4757,-1,-1,-1
179,2,774.53,439.83,113.48,355.71,0.7900,-1,-1,-1
179,11,568.90,433.12,207.56,476.99,0.8621,-1,-1,-1
179,5,890.36,446.03,106.91,291.92,0.7731,-1,-1,-1
179,22,568.90,433.12,207.57,476.99,0.8621,-1,-1,-1
179,24,964.83,434.29,93.57,265.65,0.5241,-1,-1,-1
179,10,1155.23,450.30,46.27,97.23,0.4628,-1,-1,-1
180,2,777.09,438.62,116.93,357.35,0.7650,-1,-1,-1
180,11,575.82,431.08,200.98,479.00,0.8398,-1,-1,-1
180,5,895.47,445.35,101.49,292.83,0.7768,-1,-1,-1
180,22,575.82,431.08,200.98,479.00,0.8398,-1,-1,-1
180,24,968.67,434.20,101.66,263.90,0.4870,-1,-1,-1
180,10,1156.19,449.90,42.44,98.03,0.4493,-1,-1,-1
180,29,465.26,464.11,38.81,111.70,0.4749,-1,-1,-1
181,2,778.92,437.04,116.21,358.30,0.7561,-1,-1,-1
181,11,581.54,426.25,197.07,484.63,0.8644,-1,-1,-1
181,5,901.48,444.01,97.34,295.10,0.7274,-1,-1,-1
181,22,581.54,426.25,197.08,484.63,0.8644,-1,-1,-1
181,24,971.40,436.05,94.88,264.48,0.6198,-1,-1,-1
181,10,1155.59,446.33,41.46,100.56,0.4796,-1,-1,-1
181,29,466.55,467.02,37.34,107.70,0.3700,-1,-1,-1
181,30,571.38,449.11,58.86,110.74,0.4074,-1,-1,-1
181,14,1078.82,445.81,51.65,151.08,0.3515,-1,-1,-1
182,2,781.01,435.82,116.36,362.60,0.7532,-1,-1,-1
182,11,583.96,424.52,197.63,486.29,0.8653,-1,-1,-1
182,5,910.19,445.21,91.32,296.38,0.7131,-1,-1,-1
182,22,583.96,424.52,197.63,486.29,0.8653,-1,-1,-1
182,24,976.24,435.26,91.02,268.24,0.6126,-1,-1,-1
182,10,1156.28,446.30,39.11,100.46,0.5444,-1,-1,-1
182,29,467.10,470.91,37.30,103.55,0.4217,-1,-1,-1
182,30,571.08,445.20,59.08,119.61,0.4491,-1,-1,-1
182,14,1080.62,444.76,50.48,152.56,0.3731,-1,-1,-1
183,2,783.19,434.81,117.55,366.18,0.7696,-1,-1,-1
183,11,587.29,424.39,195.41,486.54,0.8582,-1,-1,-1
183,5,916.09,443.63,89.94,297.85,0.7462,-1,-1,-1
183,22,587.29,424.39,195.41,486.54,0.8582,-1,-1,-1
183,24,980.01,436.42,88.23,263.97,0.6249,-1,-1,-1
183,10,1157.21,448.12,36.83,98.63,0.5410,-1,-1,-1
183,29,466.77,472.46,38.50,102.67,0.3813,-1,-1,-1
183,30,570.57,446.94,60.11,129.65,0.4808,-1,-1,-1
183,14,1081.95,444.55,49.34,152.70,0.3268,-1,-1,-1
184,2,784.41,434.03,118.35,367.81,0.7830,-1,-1,-1
184,11,591.17,425.18,192.50,485.38,0.8523,-1,-1,-1
184,5,922.91,441.92,87.10,299.31,0.7692,-1,-1,-1
184,22,591.16,425.18,192.50,485.38,0.8523,-1,-1,-1
184,24,983.02,439.23,86.53,251.65,0.6324,-1,-1,-1
184,10,1155.33,449.99,39.30,98.25,0.6060,-1,-1,-1
184,29,466.37,472.84,38.74,102.21,0.4028,-1,-1,-1
184,30,571.23,444.37,59.78,145.46,0.4367,-1,-1,-1
184,14,1082.39,442.58,50.06,154.41,0.3377,-1,-1,-1
185,2,786.12,434.30,118.35,369.06,0.7813,-1,-1,-1
185,11,597.86,426.86,187.30,483.53,0.8411,-1,-1,-1
185,5,926.29,441.52,86.03,302.16,0.7593,-1,-1,-1
185,22,597.86,426.86,187.30,483.53,0.8411,-1,-1,-1
185,24,986.12,440.56,85.40,252.82,0.6331,-1,-1,-1
185,10,1155.21,451.19,39.66,96.10,0.5557,-1,-1,-1
185,29,466.44,474.77,40.08,100.87,0.4632,-1,-1,-1
185,30,571.03,444.33,61.29,156.81,0.4480,-1,-1,-1
185,14,1082.12,439.15,50.69,157.98,0.3230,-1,-1,-1
186,2,787.12,434.72,116.28,368.39,0.8030,-1,-1,-1
186,11,602.94,426.23,184.49,484.05,0.8439,-1,-1,-1
186,5,929.16,443.88,85.19,304.85,0.7449,-1,-1,-1
186,22,602.94,426.23,184.49,484.05,0.8439,-1,-1,-1
186,24,988.94,442.09,84.60,246.38,0.5734,-1,-1,-1
186,10,1153.77,448.87,43.60,97.92,0.5949,-1,-1,-1
186,29,467.04,477.37,41.00,98.39,0.4710,-1,-1,-1
186,30,571.37,439.31,58.38,172.76,0.4865,-1,-1,-1
187,2,789.85,435.04,114.63,368.33,0.8032,-1,-1,-1
187,11,608.53,427.55,179.42,484.05,0.8413,-1,-1,-1
187,5,930.19,444.76,88.44,307.11,0.7313,-1,-1,-1
187,22,608.52,427.55,179.42,484.05,0.8413,-1,-1,-1
187,24,994.27,442.51,82.88,250.05,0.6257,-1,-1,-1
187,10,1154.33,449.90,44.50,96.41,0.5451,-1,-1,-1
187,29,467.12,477.76,41.34,97.95,0.4649,-1,-1,-1
187,30,572.09,435.20,57.06,178.00,0.4807,-1,-1,-1
188,2,792.28,434.68,114.27,365.98,0.8118,-1,-1,-1
188,11,610.56,426.80,179.53,491.95,0.8356,-1,-1,-1
188,5,932.59,442.75,91.36,309.76,0.6872,-1,-1,-1
188,22,610.56,426.80,179.53,491.95,0.8356,-1,-1,-1
188,24,997.82,443.85,80.26,250.15,0.5066,-1,-1,-1
188,10,1155.33,451.35,43.48,96.09,0.5012,-1,-1,-1
188,29,467.43,478.32,39.00,96.93,0.3654,-1,-1,-1
188,30,571.28,434.07,59.59,182.82,0.4445,-1,-1,-1
189,2,794.66,433.58,112.71,367.48,0.8099,-1,-1,-1
189,11,612.62,426.20,178.48,501.27,0.7962,-1,-1,-1
189,5,934.10,442.05,101.43,311.61,0.7792,-1,-1,-1
189,22,612.62,426.20,178.48,501.27,0.7962,-1,-1,-1
189,24,1004.07,439.96,81.62,261.55,0.5326,-1,-1,-1
189,10,1155.90,448.04,43.06,99.57,0.4804,-1,-1,-1
189,29,466.74,477.53,39.77,98.41,0.4110,-1,-1,-1
189,30,570.23,433.12,59.38,183.49,0.5291,-1,-1,-1
190,2,796.93,432.74,116.46,371.21,0.8020,-1,-1,-1
190,11,616.37,426.21,180.63,509.06,0.7027,-1,-1,-1
190,5,936.94,442.53,107.19,310.81,0.7576,-1,-1,-1
190,22,616.37,426.21,180.63,509.06,0.7027,-1,-1,-1
190,24,1009.17,440.36,80.02,266.15,0.4660,-1,-1,-1
190,10,1153.45,448.75,45.20,99.42,0.4190,-1,-1,-1
190,29,467.62,477.34,38.28,98.40,0.3895,-1,-1,-1
190,30,569.88,436.83,61.47,178.09,0.5407,-1,-1,-1
191,2,799.07,432.54,116.01,371.63,0.7812,-1,-1,-1
191,11,620.31,425.96,179.08,515.25,0.7480,-1,-1,-1
191,5,940.83,443.18,112.98,311.00,0.7602,-1,-1,-1
191,22,620.31,425.96,179.08,515.25,0.7480,-1,-1,-1
191,24,1012.11,437.25,78.25,272.05,0.3278,-1,-1,-1
191,10,1152.52,446.66,47.88,101.53,0.4997,-1,-1,-1
191,29,466.24,477.49,36.81,97.98,0.3550,-1,-1,-1
191,30,569.06,443.50,60.91,173.46,0.5806,-1,-1,-1
192,2,800.86,430.18,115.56,377.76,0.7872,-1,-1,-1
192,11,624.68,426.21,177.04,523.69,0.7261,-1,-1,-1
192,5,943.57,447.18,114.29,306.71,0.7596,-1,-1,-1
192,22,624.68,426.21,177.04,523.69,0.7261,-1,-1,-1
192,10,1150.76,447.00,49.65,101.76,0.4779,-1,-1,-1
192,29,465.15,477.30,36.49,97.32,0.3432,-1,-1,-1
192,30,568.40,443.03,63.41,174.12,0.5893,-1,-1,-1
193,2,803.05,427.24,113.40,380.32,0.7856,-1,-1,-1
193,11,630.39,426.72,170.40,527.44,0.7651,-1,-1,-1
193,5,945.38,444.20,115.37,310.06,0.7562,-1,-1,-1
193,22,630.39,426.72,170.40,527.44,0.7651,-1,-1,-1
193,10,1149.43,443.69,50.16,105.17,0.4479,-1,-1,-1
193,29,463.99,477.78,38.31,97.51,0.3080,-1,-1,-1
193,30,569.56,442.72,62.92,174.44,0.6290,-1,-1,-1
193,24,1015.81,437.83,89.37,265.39,0.5394,-1,-1,-1
194,2,804.73,425.39,117.14,383.21,0.7887,-1,-1,-1
194,11,633.00,425.85,177.00,536.47,0.7597,-1,-1,-1
194,5,947.23,443.78,111.26,310.69,0.7485,-1,-1,-1
194,22,633.00,425.85,177.00,536.47,0.7597,-1,-1,-1
194,10,1148.02,446.78,47.33,101.83,0.3700,-1,-1,-1
194,29,461.73,476.46,37.42,99.39,0.3320,-1,-1,-1
194,30,570.14,442.49,62.85,175.63,0.6701,-1,-1,-1
194,24,1016.88,435.40,94.38,273.34,0.6467,-1,-1,-1
195,2,805.74,424.29,123.49,383.36,0.7893,-1,-1,-1
195,11,636.57,423.50,177.69,540.73,0.7846,-1,-1,-1
195,5,946.99,446.82,115.02,309.53,0.7594,-1,-1,-1
195,22,636.57,423.50,177.69,540.73,0.7846,-1,-1,-1
195,10,1147.26,445.00,43.40,103.37,0.4055,-1,-1,-1
195,30,569.81,441.76,63.82,176.41,0.6823,-1,-1,-1
195,24,1020.48,434.15,95.85,276.69,0.6928,-1,-1,-1
196,2,807.41,425.44,132.03,381.47,0.8252,-1,-1,-1
196,11,642.63,423.97,173.58,539.18,0.8008,-1,-1,-1
196,5,947.72,448.44,115.60,308.75,0.7277,-1,-1,-1
196,22,642.63,423.97,173.58,539.18,0.8008,-1,-1,-1
196,10,1146.30,441.82,43.07,106.20,0.4140,-1,-1,-1
196,30,569.83,442.41,64.93,175.79,0.6702,-1,-1,-1
196,24,1024.94,432.99,96.75,279.14,0.6813,-1,-1,-1
196,31,512.62,439.78,38.72,121.72,0.4384,-1,-1,-1
196,29,457.10,473.93,44.02,101.63,0.3467,-1,-1,-1
197,2,809.76,426.91,143.39,380.05,0.8148,-1,-1,-1
197,11,646.34,422.46,166.96,548.51,0.8227,-1,-1,-1
197,5,951.08,447.60,112.79,309.86,0.7521,-1,-1,-1
197,22,646.34,422.46,166.96,548.51,0.8227,-1,-1,-1
197,10,1145.85,443.23,42.88,104.62,0.3625,-1,-1,-1
197,30,569.61,441.38,66.36,176.01,0.6704,-1,-1,-1
197,24,1029.62,432.14,96.43,280.76,0.4687,-1,-1,-1
197,31,512.88,439.85,38.64,121.30,0.4479,-1,-1,-1
197,29,455.82,471.73,44.30,103.69,0.3353,-1,-1,-1
198,2,813.18,430.93,149.62,376.44,0.8300,-1,-1,-1
198,11,649.62,422.75,164.68,544.56,0.8327,-1,-1,-1
198,5,957.09,447.51,107.56,311.06,0.7684,-1,-1,-1
198,22,649.62,422.75,164.68,544.56,0.8327,-1,-1,-1
198,10,1146.10,441.47,42.75,106.35,0.3867,-1,-1,-1
198,30,570.23,441.70,66.67,175.67,0.6825,-1,-1,-1
198,24,1035.55,433.20,93.69,280.43,0.6463,-1,-1,-1
198,31,515.27,443.61,36.94,118.63,0.3386,-1,-1,-1
198,29,457.58,471.50,39.84,103.51,0.3180,-1,-1,-1
199,2,816.08,432.72,156.31,375.65,0.8462,-1,-1,-1
199,11,649.54,423.24,169.84,541.64,0.8391,-1,-1,-1
199,5,964.00,447.89,104.92,312.59,0.7579,-1,-1,-1
199,22,649.54,423.24,169.84,541.64,0.8391,-1,-1,-1
199,10,1144.95,443.11,40.96,105.36,0.3753,-1,-1,-1
199,30,571.46,443.29,65.05,173.48,0.6889,-1,-1,-1
199,24,1040.03,436.20,93.21,279.60,0.6363,-1,-1,-1
199,31,514.86,447.24,37.09,115.52,0.3015,-1,-1,-1
200,2,817.48,434.96,159.10,374.70,0.8428,-1,-1,-1
200,11,651.77,422.59,171.58,541.34,0.8591,-1,-1,-1
200,5,969.53,448.50,103.43,312.12,0.7222,-1,-1,-1
200,22,651.77,422.59,171.58,541.34,0.8591,-1,-1,-1
200,10,1145.07,442.32,37.36,106.54,0.3228,-1,-1,-1
200,30,571.80,445.57,64.81,171.71,0.6774,-1,-1,-1
200,24,1042.57,434.71,93.76,283.49,0.6060,-1,-1,-1
200,31,512.69,445.26,38.02,116.77,0.3387,-1,-1,-1
201,2,820.09,436.86,159.22,373.89,0.8391,-1,-1,-1
201,11,656.80,422.87,173.03,539.66,0.8444,-1,-1,-1
201,5,977.46,450.79,94.95,310.25,0.7078,-1,-1,-1
201,22,656.80,422.87,173.03,539.66,0.8444,-1,-1,-1
201,10,1143.07,440.78,36.65,108.41,0.3227,-1,-1,-1
201,30,573.20,444.78,63.94,170.81,0.6634,-1,-1,-1
201,24,1047.08,435.70,92.91,286.83,0.6138,-1,-1,-1
202,2,822.14,437.61,156.80,374.75,0.8451,-1,-1,-1
202,11,658.50,421.78,177.28,542.11,0.8547,-1,-1,-1
202,5,985.11,449.94,90.47,312.46,0.7740,-1,-1,-1
202,22,658.50,421.78,177.28,542.11,0.8547,-1,-1,-1
202,10,1141.97,438.94,35.35,109.51,0.3477,-1,-1,-1
202,30,573.19,446.43,65.69,168.84,0.6782,-1,-1,-1
202,24,1050.13,436.28,94.82,283.67,0.6833,-1,-1,-1
203,2,823.90,437.90,153.66,375.64,0.8437,-1,-1,-1
203,11,665.72,424.73,175.63,547.39,0.8226,-1,-1,-1
203,5,988.66,449.72,91.87,313.87,0.7718,-1,-1,-1
203,22,665.72,424.73,175.63,547.39,0.8226,-1,-1,-1
203,30,573.55,444.56,67.47,170.82,0.7084,-1,-1,-1
203,24,1053.73,435.11,95.24,283.38,0.6936,-1,-1,-1
203,31,508.99,440.57,40.85,122.01,0.3402,-1,-1,-1
204,2,824.87,437.59,152.20,376.01,0.8426,-1,-1,-1
204,11,664.94,424.16,179.56,555.61,0.8434,-1,-1,-1
204,5,992.07,449.47,91.96,315.86,0.7720,-1,-1,-1
204,22,664.94,424.16,179.56,555.61,0.8434,-1,-1,-1
204,30,575.75,448.15,66.06,167.53,0.7258,-1,-1,-1
204,24,1059.47,434.93,90.87,283.27,0.6989,-1,-1,-1
205,2,825.83,435.08,151.65,378.34,0.8316,-1,-1,-1
205,11,668.85,424.06,176.95,564.98,0.8479,-1,-1,-1
205,5,995.10,448.15,93.03,317.03,0.7866,-1,-1,-1
205,22,668.85,424.06,176.95,564.98,0.8479,-1,-1,-1
205,30,575.65,447.00,66.20,169.50,0.7471,-1,-1,-1
205,24,1063.51,438.16,88.54,278.78,0.7156,-1,-1,-1
206,2,829.52,435.41,149.80,377.66,0.8325,-1,-1,-1
206,11,673.58,423.21,173.95,569.71,0.8387,-1,-1,-1
206,5,999.78,447.81,92.58,317.52,0.7752,-1,-1,-1
206,22,673.58,423.21,173.95,569.71,0.8387,-1,-1,-1
206,30,575.91,447.03,66.77,170.43,0.7256,-1,-1,-1
206,24,1066.25,437.01,87.16,281.08,0.6803,-1,-1,-1
207,2,831.27,435.48,149.54,377.16,0.8277,-1,-1,-1
207,11,676.37,420.62,173.33,573.76,0.8416,-1,-1,-1
207,5,1005.49,448.52,94.18,315.17,0.7190,-1,-1,-1
207,22,676.37,420.62,173.33,573.76,0.8416,-1,-1,-1
207,30,579.09,452.91,64.68,164.48,0.7392,-1,-1,-1
207,24,1072.96,435.73,81.28,284.00,0.6521,-1,-1,-1
208,2,833.24,434.87,148.59,379.07,0.8235,-1,-1,-1
208,11,679.33,420.24,172.41,574.07,0.8344,-1,-1,-1
208,5,1009.22,450.13,92.87,311.88,0.6928,-1,-1,-1
208,22,679.33,420.24,172.41,574.07,0.8344,-1,-1,-1
208,30,580.93,454.30,63.62,163.38,0.7303,-1,-1,-1
208,24,1076.80,434.17,77.30,297.68,0.5924,-1,-1,-1
208,33,1187.39,447.75,40.35,102.75,0.4092,-1,-1,-1
208,31,510.21,444.21,40.41,117.36,0.3971,-1,-1,-1
209,2,836.73,430.86,147.02,383.04,0.8072,-1,-1,-1
209,11,683.30,416.96,171.26,577.73,0.8191,-1,-1,-1
209,5,1011.88,446.66,123.27,316.04,0.6000,-1,-1,-1
209,22,683.30,416.96,171.26,577.73,0.8191,-1,-1,-1
209,30,582.24,456.73,65.43,161.02,0.7434,-1,-1,-1
209,24,1082.60,433.78,77.10,287.98,0.6134,-1,-1,-1
209,33,1188.70,448.43,40.27,103.01,0.4840,-1,-1,-1
209,31,510.71,444.08,40.59,117.63,0.4147,-1,-1,-1
210,2,839.95,428.52,147.84,385.55,0.8139,-1,-1,-1
210,11,686.06,415.82,171.52,578.72,0.7953,-1,-1,-1
210,5,1016.29,444.61,141.08,318.58,0.8153,-1,-1,-1
210,22,686.06,415.82,171.52,578.72,0.7953,-1,-1,-1
210,30,584.07,457.27,66.60,160.09,0.7273,-1,-1,-1
210,33,1189.97,445.97,40.02,106.15,0.4822,-1,-1,-1
210,31,510.82,442.93,40.41,118.13,0.4129,-1,-1,-1
211,2,845.69,429.66,148.83,386.21,0.7886,-1,-1,-1
211,11,686.31,418.55,174.05,576.44,0.8111,-1,-1,-1
211,5,1019.47,443.70,152.74,319.75,0.8009,-1,-1,-1
211,22,686.31,418.55,174.05,576.44,0.8111,-1,-1,-1
211,30,584.86,453.57,69.67,163.53,0.7424,-1,-1,-1
211,33,1191.86,445.13,38.89,107.52,0.4638,-1,-1,-1
211,31,510.77,441.78,40.16,119.25,0.4342,-1,-1,-1
212,2,851.60,430.31,147.53,386.20,0.7877,-1,-1,-1
212,11,688.18,416.41,173.58,578.42,0.8253,-1,-1,-1
212,5,1020.22,445.88,125.36,319.31,0.5381,-1,-1,-1
212,22,688.18,416.41,173.58,578.42,0.8253,-1,-1,-1
212,30,587.15,451.92,68.57,164.48,0.7130,-1,-1,-1
212,33,1193.24,446.46,38.62,105.94,0.5080,-1,-1,-1
212,31,510.94,440.71,40.59,119.91,0.4644,-1,-1,-1
212,24,1096.22,430.30,80.06,256.74,0.3566,-1,-1,-1
213,2,860.47,430.53,141.46,386.73,0.8084,-1,-1,-1
213,11,688.72,414.52,176.29,579.75,0.8219,-1,-1,-1
213,5,1021.64,447.83,118.40,320.74,0.4472,-1,-1,-1
213,22,688.72,414.52,176.29,579.75,0.8219,-1,-1,-1
213,30,588.13,452.26,68.27,164.57,0.7386,-1,-1,-1
213,33,1194.50,446.82,38.03,104.06,0.3674,-1,-1,-1
213,31,510.84,439.54,41.26,120.96,0.4534,-1,-1,-1
213,34,1019.53,447.71,163.51,318.55,0.8070,-1,-1,-1
213,24,1099.85,432.98,79.84,267.35,0.5042,-1,-1,-1
214,2,869.12,429.66,137.83,385.95,0.8161,-1,-1,-1
214,11,690.14,413.69,175.93,580.06,0.8243,-1,-1,-1
214,5,1025.93,448.77,114.37,319.90,0.4351,-1,-1,-1
214,22,690.14,413.69,175.93,580.06,0.8243,-1,-1,-1
214,30,589.25,451.39,67.63,166.41,0.7263,-1,-1,-1
214,33,1195.30,445.58,39.96,104.08,0.3775,-1,-1,-1
214,31,510.55,439.22,42.25,120.89,0.4716,-1,-1,-1
214,34,1019.18,448.31,164.07,319.04,0.7731,-1,-1,-1
214,24,1104.80,431.72,79.05,274.68,0.5417,-1,-1,-1
215,2,877.38,429.20,130.50,387.09,0.8100,-1,-1,-1
215,11,692.92,412.09,176.08,582.14,0.8177,-1,-1,-1
215,5,1022.98,447.42,145.31,321.32,0.8162,-1,-1,-1
215,22,692.92,412.09,176.08,582.14,0.8177,-1,-1,-1
215,30,591.01,453.95,66.96,163.63,0.6827,-1,-1,-1
215,33,1197.19,441.98,40.89,108.60,0.3527,-1,-1,-1
215,31,510.39,438.55,42.73,121.32,0.4794,-1,-1,-1
215,34,1019.51,447.06,161.11,321.17,0.8162,-1,-1,-1
215,24,1111.46,427.89,77.72,286.16,0.5563,-1,-1,-1
216,2,882.21,427.79,126.58,388.62,0.8191,-1,-1,-1
216,11,695.25,414.00,176.36,580.07,0.7932,-1,-1,-1
216,5,1022.72,446.47,159.85,323.51,0.8255,-1,-1,-1
216,22,695.25,414.00,176.36,580.07,0.7932,-1,-1,-1
216,30,593.87,455.54,65.58,165.56,0.6859,-1,-1,-1
216,33,1198.85,440.26,41.17,111.34,0.4078,-1,-1,-1
216,31,510.17,438.15,43.11,121.18,0.4927,-1,-1,-1
216,34,1020.29,446.16,164.90,323.74,0.8255,-1,-1,-1
216,24,1119.96,429.64,71.53,288.14,0.4635,-1,-1,-1
217,2,884.59,428.40,125.18,390.86,0.8150,-1,-1,-1
217,11,694.99,413.42,180.64,580.13,0.7478,-1,-1,-1
217,5,1024.14,446.48,164.47,323.31,0.7895,-1,-1,-1
217,22,694.99,413.42,180.64,580.13,0.7478,-1,-1,-1
217,30,595.21,457.08,65.65,165.57,0.7144,-1,-1,-1
217,33,1199.65,437.87,42.03,113.73,0.4759,-1,-1,-1
217,31,509.87,438.11,43.30,120.89,0.4860,-1,-1,-1
217,34,1022.54,446.29,164.35,323.45,0.7895,-1,-1,-1
217,24,1126.24,430.81,64.57,226.05,0.3324,-1,-1,-1
218,2,887.71,427.49,124.72,395.25,0.8201,-1,-1,-1
218,11,697.93,411.29,184.24,582.76,0.7672,-1,-1,-1
218,5,1027.55,442.67,163.81,327.48,0.7870,-1,-1,-1
218,22,697.93,411.29,184.24,582.76,0.7672,-1,-1,-1
218,30,597.59,457.73,64.80,165.30,0.6991,-1,-1,-1
218,33,1201.31,440.03,42.96,111.83,0.4353,-1,-1,-1
218,31,509.36,438.96,42.75,120.21,0.5039,-1,-1,-1
218,34,1026.62,442.28,161.51,327.85,0.7870,-1,-1,-1
219,2,890.25,426.05,126.56,400.16,0.8410,-1,-1,-1
219,11,701.30,411.09,186.55,582.81,0.7603,-1,-1,-1
219,5,1035.26,438.81,156.55,331.05,0.7946,-1,-1,-1
219,22,701.30,411.09,186.55,582.81,0.7603,-1,-1,-1
219,30,596.45,460.26,65.50,165.38,0.6767,-1,-1,-1
219,33,1202.07,439.40,43.49,112.27,0.4272,-1,-1,-1
219,31,509.10,439.07,42.82,119.90,0.5118,-1,-1,-1
219,34,1035.07,438.34,153.11,331.48,0.7946,-1,-1,-1
220,2,892.58,425.92,126.98,405.21,0.8421,-1,-1,-1
220,11,708.86,409.99,191.08,583.30,0.8119,-1,-1,-1
220,5,1044.03,438.74,148.69,330.85,0.8069,-1,-1,-1
220,22,708.86,409.99,191.08,583.30,0.8119,-1,-1,-1
220,30,596.92,461.34,65.41,165.04,0.7004,-1,-1,-1
220,33,1206.09,444.22,41.04,106.89,0.3052,-1,-1,-1
220,31,508.75,438.68,43.09,120.15,0.5423,-1,-1,-1
220,34,1044.31,438.37,145.04,331.16,0.8069,-1,-1,-1
221,2,895.71,424.98,128.14,407.97,0.8385,-1,-1,-1
221,11,714.54,410.27,205.62,583.83,0.8603,-1,-1,-1
221,5,1052.42,438.46,141.20,331.07,0.8091,-1,-1,-1
221,22,714.54,410.27,205.62,583.83,0.8603,-1,-1,-1
221,30,598.22,460.92,63.04,163.93,0.7229,-1,-1,-1
221,31,508.88,439.21,42.77,120.28,0.5022,-1,-1,-1
221,34,1052.89,438.16,137.73,331.30,0.8091,-1,-1,-1
221,24,1149.24,436.37,67.94,287.32,0.5505,-1,-1,-1
222,2,897.14,424.83,130.03,409.32,0.8378,-1,-1,-1
222,11,716.91,410.41,219.35,584.07,0.8615,-1,-1,-1
222,5,1064.35,439.30,129.58,330.29,0.8168,-1,-1,-1
222,22,716.91,410.41,219.35,584.07,0.8615,-1,-1,-1
222,30,600.30,461.21,60.14,163.40,0.7402,-1,-1,-1
222,31,508.88,439.12,42.50,120.82,0.4930,-1,-1,-1
222,34,1065.07,439.08,126.20,330.46,0.8168,-1,-1,-1
222,24,1154.78,433.88,76.00,295.15,0.5995,-1,-1,-1
223,2,899.98,426.42,129.96,411.04,0.8240,-1,-1,-1
223,11,717.70,407.52,239.38,587.40,0.8501,-1,-1,-1
223,5,1077.43,439.29,116.56,331.03,0.7983,-1,-1,-1
223,22,717.70,407.52,239.38,587.40,0.8501,-1,-1,-1
223,30,601.45,459.14,58.76,166.92,0.6914,-1,-1,-1
223,31,507.70,439.48,44.60,120.97,0.4913,-1,-1,-1
223,34,1078.27,439.11,113.48,331.17,0.7983,-1,-1,-1
224,2,901.67,427.33,128.53,412.82,0.8210,-1,-1,-1
224,11,721.29,406.75,256.09,587.14,0.8502,-1,-1,-1
224,5,1092.87,440.62,109.12,333.04,0.7631,-1,-1,-1
224,22,721.29,406.75,256.09,587.14,0.8502,-1,-1,-1
224,30,603.37,459.46,57.04,165.61,0.6902,-1,-1,-1
224,31,507.18,439.95,45.91,120.75,0.5187,-1,-1,-1
224,34,1093.78,440.49,106.68,333.18,0.7631,-1,-1,-1
225,2,903.39,428.01,128.81,414.39,0.8178,-1,-1,-1
225,11,724.65,408.64,267.37,586.81,0.8307,-1,-1,-1
225,5,1102.42,440.05,99.20,335.72,0.7244,-1,-1,-1
225,22,724.65,408.64,267.37,586.81,0.8307,-1,-1,-1
225,30,603.73,460.59,58.21,166.51,0.6746,-1,-1,-1
225,31,507.85,440.12,45.42,120.64,0.4952,-1,-1,-1
225,34,1103.11,439.93,97.10,335.86,0.7244,-1,-1,-1
226,2,904.91,428.54,132.31,415.48,0.8177,-1,-1,-1
226,11,727.57,405.30,279.82,590.85,0.8565,-1,-1,-1
226,5,1108.94,437.92,95.39,340.41,0.6923,-1,-1,-1
226,22,727.57,405.30,279.82,590.85,0.8565,-1,-1,-1
226,30,604.50,461.92,57.58,167.20,0.6734,-1,-1,-1
226,31,507.40,439.87,45.77,120.92,0.5072,-1,-1,-1
226,34,1109.41,437.80,93.84,340.55,0.6923,-1,-1,-1
226,24,1174.67,433.02,65.38,303.45,0.5221,-1,-1,-1
227,2,906.35,428.44,135.65,416.68,0.8112,-1,-1,-1
227,11,729.94,404.92,289.91,590.51,0.8731,-1,-1,-1
227,5,1114.62,438.08,97.17,342.39,0.7433,-1,-1,-1
227,22,729.94,404.92,289.91,590.51,0.8731,-1,-1,-1
227,30,606.48,460.02,55.72,168.09,0.6645,-1,-1,-1
227,31,506.79,438.89,46.01,121.89,0.4672,-1,-1,-1
227,34,1114.96,437.98,96.01,342.53,0.7433,-1,-1,-1
227,24,1178.92,430.14,67.80,308.20,0.5517,-1,-1,-1
228,2,907.36,426.27,138.32,418.60,0.7917,-1,-1,-1
228,11,734.17,406.82,293.30,588.46,0.8739,-1,-1,-1
228,5,1117.99,438.48,99.65,348.32,0.7539,-1,-1,-1
228,22,734.17,406.82,293.30,588.46,0.8739,-1,-1,-1
228,30,607.55,460.60,54.35,167.10,0.6631,-1,-1,-1
228,31,506.06,439.01,46.21,122.18,0.4950,-1,-1,-1
228,34,1118.25,438.39,98.68,348.46,0.7539,-1,-1,-1
228,24,1184.79,430.01,68.64,306.93,0.4422,-1,-1,-1
229,2,907.45,426.48,139.75,418.54,0.7789,-1,-1,-1
229,11,738.57,407.83,297.71,587.77,0.8632,-1,-1,-1
229,5,1119.24,440.49,101.33,348.48,0.7590,-1,-1,-1
229,22,738.57,407.83,297.71,587.77,0.8632,-1,-1,-1
229,30,608.46,457.45,55.32,173.09,0.6668,-1,-1,-1
229,31,506.35,438.74,46.31,122.74,0.4468,-1,-1,-1
229,34,1119.42,440.42,100.48,348.59,0.7590,-1,-1,-1
229,24,1189.87,423.29,73.13,230.20,0.5811,-1,-1,-1
229,29,425.69,477.35,44.14,101.09,0.3817,-1,-1,-1
230,2,908.25,425.95,143.43,417.91,0.7787,-1,-1,-1
230,11,744.34,410.62,295.20,584.52,0.8320,-1,-1,-1
230,5,1120.69,441.94,107.62,349.12,0.7169,-1,-1,-1
230,22,744.34,410.62,295.20,584.52,0.8320,-1,-1,-1
230,30,610.72,457.59,56.13,174.66,0.6644,-1,-1,-1
230,31,506.50,439.98,45.57,121.25,0.4376,-1,-1,-1
230,34,1120.84,441.88,106.92,349.22,0.7169,-1,-1,-1
230,24,1194.52,419.33,73.63,199.56,0.5678,-1,-1,-1
230,29,425.54,478.16,45.69,99.78,0.4627,-1,-1,-1
231,2,910.83,425.52,138.69,417.61,0.7761,-1,-1,-1
231,11,750.55,411.10,289.97,585.27,0.8497,-1,-1,-1
231,5,1125.98,440.66,120.60,350.64,0.7978,-1,-1,-1
231,22,750.55,411.10,289.97,585.27,0.8497,-1,-1,-1
231,30,610.92,461.39,58.91,170.59,0.6851,-1,-1,-1
231,31,507.56,439.91,44.58,121.32,0.4876,-1,-1,-1
231,34,1126.14,440.61,120.01,350.73,0.7978,-1,-1,-1
231,24,1199.45,418.73,72.92,188.44,0.5553,-1,-1,-1
231,29,425.34,477.57,45.47,100.50,0.4680,-1,-1,-1
232,2,913.34,425.11,134.02,419.05,0.7988,-1,-1,-1
232,11,759.23,410.13,282.63,586.26,0.8218,-1,-1,-1
232,5,1132.20,440.35,127.92,351.55,0.7954,-1,-1,-1
232,22,759.23,410.13,282.63,586.26,0.8218,-1,-1,-1
232,30,611.40,457.03,60.10,174.53,0.6766,-1,-1,-1
232,31,507.91,440.54,43.85,120.92,0.5418,-1,-1,-1
232,34,1132.36,440.30,127.35,351.63,0.7954,-1,-1,-1
232,24,1204.34,418.61,70.66,182.69,0.4750,-1,-1,-1
232,29,425.38,477.77,45.94,100.12,0.4852,-1,-1,-1
233,2,918.91,424.84,128.96,421.96,0.7579,-1,-1,-1
233,11,766.45,411.54,276.62,585.13,0.8234,-1,-1,-1
233,5,1134.28,442.01,132.43,351.60,0.8317,-1,-1,-1
233,22,766.45,411.54,276.62,585.13,0.8234,-1,-1,-1
233,30,611.59,454.74,62.55,176.56,0.6710,-1,-1,-1
233,31,508.56,440.52,42.07,120.65,0.5225,-1,-1,-1
233,34,1134.42,441.97,131.90,351.66,0.8317,-1,-1,-1
233,24,1208.89,424.85,68.98,176.47,0.3825,-1,-1,-1
233,29,425.50,477.81,43.73,99.40,0.4407,-1,-1,-1
234,2,922.96,424.56,126.10,424.94,0.7378,-1,-1,-1
234,11,775.07,415.59,269.95,581.92,0.7896,-1,-1,-1
234,5,1135.22,444.08,134.07,353.00,0.8438,-1,-1,-1
234,22,775.07,415.59,269.95,581.92,0.7896,-1,-1,-1
234,30,612.64,456.07,63.89,173.58,0.6641,-1,-1,-1
234,31,508.56,440.32,41.99,120.79,0.5275,-1,-1,-1
234,34,1135.33,444.05,133.57,353.06,0.8438,-1,-1,-1
234,24,1212.77,424.11,68.76,178.76,0.3031,-1,-1,-1
234,29,425.00,477.01,42.06,99.79,0.4594,-1,-1,-1
234,26,725.96,426.54,157.20,435.24,0.4186,-1,-1,-1
235,2,924.83,423.88,125.34,430.64,0.6974,-1,-1,-1
235,11,786.26,417.86,259.00,579.46,0.8166,-1,-1,-1
235,5,1135.22,444.75,137.20,355.69,0.8151,-1,-1,-1
235,22,786.26,417.86,259.00,579.46,0.8166,-1,-1,-1
235,30,615.55,454.76,61.25,175.45,0.6716,-1,-1,-1
235,31,508.66,440.53,40.90,120.50,0.5105,-1,-1,-1
235,34,1135.31,444.72,136.76,355.74,0.8151,-1,-1,-1
235,24,1216.48,428.22,68.27,175.25,0.4319,-1,-1,-1
235,29,424.74,476.69,40.71,99.17,0.4733,-1,-1,-1
235,26,732.66,426.85,157.14,436.10,0.5511,-1,-1,-1
236,2,932.47,423.36,117.86,430.16,0.6904,-1,-1,-1
236,11,790.22,413.14,254.85,584.30,0.8125,-1,-1,-1
236,5,1135.64,444.43,138.77,358.03,0.8209,-1,-1,-1
236,22,790.22,413.14,254.85,584.30,0.8125,-1,-1,-1
236,30,619.52,456.45,57.57,173.98,0.6881,-1,-1,-1
236,31,508.48,440.30,40.29,120.36,0.4779,-1,-1,-1
236,34,1135.73,444.40,138.37,358.08,0.8209,-1,-1,-1
236,24,1221.41,430.25,66.84,175.53,0.4838,-1,-1,-1
236,29,424.73,475.12,39.20,100.05,0.4675,-1,-1,-1
236,26,741.07,429.81,146.09,434.97,0.5300,-1,-1,-1
237,2,938.75,423.09,116.22,422.50,0.5450,-1,-1,-1
237,11,792.67,415.59,251.15,582.07,0.8146,-1,-1,-1
237,5,1137.50,442.71,139.54,360.77,0.8087,-1,-1,-1
237,22,792.67,415.59,251.15,582.07,0.8146,-1,-1,-1
237,30,621.50,455.19,55.78,175.15,0.6502,-1,-1,-1
237,31,509.08,440.08,39.95,119.62,0.4446,-1,-1,-1
237,34,1137.58,442.69,139.17,360.81,0.8087,-1,-1,-1
237,24,1229.55,430.14,64.93,178.52,0.4665,-1,-1,-1
237,26,751.45,432.05,134.95,432.34,0.5867,-1,-1,-1
238,2,943.11,422.04,116.22,411.58,0.5793,-1,-1,-1
238,11,791.50,411.79,251.95,585.75,0.8136,-1,-1,-1
238,5,1140.71,438.96,138.24,365.01,0.7701,-1,-1,-1
238,22,791.50,411.79,251.95,585.75,0.8136,-1,-1,-1
238,30,623.98,458.06,52.07,175.20,0.6748,-1,-1,-1
238,31,509.58,441.32,39.47,117.11,0.3344,-1,-1,-1
238,34,1140.79,438.94,137.91,365.05,0.7701,-1,-1,-1
238,24,1233.57,429.82,70.97,180.28,0.4725,-1,-1,-1
238,26,757.01,435.44,128.24,430.03,0.4343,-1,-1,-1
239,2,948.71,423.02,113.74,375.27,0.4362,-1,-1,-1
239,11,793.15,408.96,249.06,589.10,0.8386,-1,-1,-1
239,5,1147.05,437.93,132.50,366.79,0.7498,-1,-1,-1
239,22,793.15,408.96,249.06,589.10,0.8386,-1,-1,-1
239,30,625.89,460.16,52.52,174.22,0.6680,-1,-1,-1
239,31,509.53,441.57,39.50,116.67,0.3979,-1,-1,-1
239,34,1147.13,437.91,132.19,366.83,0.7498,-1,-1,-1
239,24,1238.67,432.74,75.01,272.21,0.4482,-1,-1,-1
239,26,728.85,437.73,149.91,428.65,0.5461,-1,-1,-1
240,2,954.26,424.37,114.52,402.55,0.6243,-1,-1,-1
240,11,796.39,410.84,245.57,587.70,0.8480,-1,-1,-1
240,5,1158.37,437.46,122.22,370.48,0.7143,-1,-1,-1
240,22,796.39,410.84,245.57,587.70,0.8480,-1,-1,-1
240,30,627.62,460.58,51.64,172.98,0.5951,-1,-1,-1
240,31,509.26,441.34,39.68,117.29,0.4043,-1,-1,-1
240,34,1158.45,437.45,121.94,370.51,0.7143,-1,-1,-1
240,24,1244.22,432.68,72.45,305.16,0.5409,-1,-1,-1
240,26,721.12,438.03,159.10,430.16,0.6316,-1,-1,-1
241,2,959.80,425.15,110.47,411.96,0.6741,-1,-1,-1
241,11,807.38,414.46,235.74,585.14,0.8194,-1,-1,-1
241,5,1169.76,437.78,113.17,371.24,0.7356,-1,-1,-1
241,22,807.38,414.46,235.74,585.14,0.8194,-1,-1,-1
241,30,628.96,458.20,55.05,174.39,0.5834,-1,-1,-1
241,31,509.06,441.81,39.68,116.94,0.4089,-1,-1,-1
241,34,1169.82,437.76,112.94,371.26,0.7356,-1,-1,-1
241,24,1251.01,431.40,67.31,321.58,0.5444,-1,-1,-1
241,26,721.35,437.57,161.35,429.81,0.6226,-1,-1,-1
242,2,959.66,425.64,113.07,412.00,0.5612,-1,-1,-1
242,11,820.19,420.70,221.96,581.58,0.8238,-1,-1,-1
242,5,1179.43,437.44,110.70,368.73,0.6821,-1,-1,-1
242,22,820.19,420.70,221.96,581.58,0.8238,-1,-1,-1
242,30,629.18,459.08,57.01,171.80,0.5867,-1,-1,-1
242,31,508.69,443.81,39.63,115.22,0.3895,-1,-1,-1
242,34,1179.48,437.43,110.52,368.75,0.6821,-1,-1,-1
242,26,744.15,437.55,140.45,433.30,0.6467,-1,-1,-1
243,2,972.49,427.08,101.38,409.51,0.4637,-1,-1,-1
243,11,828.34,409.05,214.52,595.31,0.8009,-1,-1,-1
243,5,1187.89,435.93,108.09,368.86,0.6396,-1,-1,-1
243,22,828.34,409.05,214.52,595.31,0.8009,-1,-1,-1
243,30,630.35,460.80,59.61,169.08,0.5668,-1,-1,-1
243,31,508.24,448.26,39.97,110.74,0.3387,-1,-1,-1
243,34,1187.94,435.92,107.93,368.88,0.6396,-1,-1,-1
243,26,738.33,437.33,149.13,433.02,0.6696,-1,-1,-1
244,2,979.86,424.05,96.91,415.02,0.4873,-1,-1,-1
244,11,838.85,399.71,205.70,607.81,0.7916,-1,-1,-1
244,5,1197.60,434.07,111.78,370.06,0.7683,-1,-1,-1
244,22,838.85,399.71,205.70,607.81,0.7916,-1,-1,-1
244,30,631.35,461.90,63.84,168.93,0.5953,-1,-1,-1
244,31,507.75,447.85,40.53,111.37,0.3747,-1,-1,-1
244,34,1197.64,434.06,111.65,370.08,0.7683,-1,-1,-1
244,26,735.71,436.60,152.68,433.11,0.6904,-1,-1,-1
245,11,847.32,400.09,201.74,613.46,0.7381,-1,-1,-1
245,5,1204.54,432.34,115.19,372.00,0.7981,-1,-1,-1
245,22,847.32,400.09,201.74,613.46,0.7381,-1,-1,-1
245,30,631.72,462.79,65.36,168.69,0.5918,-1,-1,-1
245,31,507.17,447.01,41.23,111.89,0.3852,-1,-1,-1
245,34,1204.58,432.33,115.07,372.02,0.7981,-1,-1,-1
245,26,735.45,437.41,156.63,434.37,0.6433,-1,-1,-1
246,11,855.68,407.92,197.51,615.60,0.7833,-1,-1,-1
246,5,1209.20,431.50,113.34,371.61,0.7652,-1,-1,-1
246,22,855.68,407.92,197.51,615.60,0.7833,-1,-1,-1
246,30,632.10,461.17,63.80,170.55,0.5926,-1,-1,-1
246,31,507.40,443.22,41.36,115.79,0.3775,-1,-1,-1
246,34,1209.22,431.49,113.24,371.62,0.7652,-1,-1,-1
246,26,735.41,438.80,162.42,434.13,0.5700,-1,-1,-1
246,24,1278.23,425.17,60.86,229.38,0.4114,-1,-1,-1
247,11,865.64,416.61,189.93,615.37,0.7729,-1,-1,-1
247,5,1212.55,430.67,118.02,370.61,0.7323,-1,-1,-1
247,22,865.64,416.61,189.93,615.37,0.7729,-1,-1,-1
247,30,632.31,459.03,67.64,172.72,0.5076,-1,-1,-1
247,31,505.30,441.88,43.46,117.26,0.4359,-1,-1,-1
247,34,1212.57,430.66,117.93,370.62,0.7323,-1,-1,-1
247,26,758.84,437.21,145.72,438.63,0.5573,-1,-1,-1
248,11,876.26,419.08,185.86,618.92,0.7380,-1,-1,-1
248,5,1216.36,430.94,130.06,371.34,0.8023,-1,-1,-1
248,22,876.26,419.08,185.86,618.92,0.7380,-1,-1,-1
248,30,636.40,460.50,62.42,171.60,0.5899,-1,-1,-1
248,31,504.25,440.75,44.61,118.44,0.3942,-1,-1,-1
248,34,1216.38,430.93,129.98,371.35,0.8023,-1,-1,-1
248,26,768.23,435.21,139.68,442.03,0.5749,-1,-1,-1
249,11,884.66,421.90,182.10,620.90,0.7140,-1,-1,-1
249,5,1218.15,432.59,116.24,368.19,0.5182,-1,-1,-1
249,22,884.66,421.90,182.10,620.90,0.7140,-1,-1,-1
249,30,637.32,455.06,61.95,177.74,0.5780,-1,-1,-1
249,31,504.78,442.47,44.52,116.99,0.4021,-1,-1,-1
249,34,1219.28,430.98,145.80,371.83,0.7005,-1,-1,-1
249,26,777.09,432.38,141.10,445.42,0.7509,-1,-1,-1
250,11,891.30,423.06,208.33,617.90,0.7193,-1,-1,-1
250,5,1218.51,437.25,119.94,364.50,0.3587,-1,-1,-1
250,22,891.30,423.06,208.33,617.90,0.7193,-1,-1,-1
250,30,641.85,451.49,64.60,182.03,0.6452,-1,-1,-1
250,31,506.92,443.70,42.79,115.81,0.3403,-1,-1,-1
250,34,1221.11,431.74,165.05,372.51,0.7416,-1,-1,-1
250,26,780.18,429.07,145.35,449.12,0.7530,-1,-1,-1
251,11,901.05,414.32,213.78,629.61,0.7894,-1,-1,-1
251,5,1218.97,432.46,167.40,371.45,0.8485,-1,-1,-1
251,22,901.05,414.32,213.78,629.61,0.7894,-1,-1,-1
251,30,646.57,450.08,66.69,182.31,0.6701,-1,-1,-1
251,31,507.45,445.18,42.81,114.74,0.3452,-1,-1,-1
251,34,1220.43,430.41,183.28,374.40,0.8485,-1,-1,-1
251,26,784.21,428.67,142.47,449.87,0.7635,-1,-1,-1
252,11,909.17,407.04,216.47,634.97,0.8474,-1,-1,-1
252,5,1219.63,428.76,189.76,376.70,0.8415,-1,-1,-1
252,22,909.17,407.04,216.47,634.97,0.8474,-1,-1,-1
252,30,649.42,448.27,67.41,183.75,0.7186,-1,-1,-1
252,31,507.40,443.71,43.60,116.58,0.3649,-1,-1,-1
252,34,1220.16,428.00,196.70,377.77,0.8415,-1,-1,-1
252,26,785.56,429.12,143.07,450.51,0.7428,-1,-1,-1
252,39,1848.14,519.27,71.39,261.53,0.4945,-1,-1,-1
252,29,410.68,472.25,44.12,100.01,0.3845,-1,-1,-1
253,11,917.34,405.04,213.00,636.90,0.8429,-1,-1,-1
253,5,1220.15,427.55,201.16,379.48,0.8539,-1,-1,-1
253,22,917.34,405.04,213.00,636.90,0.8429,-1,-1,-1
253,30,651.81,447.02,66.49,185.30,0.6940,-1,-1,-1
253,31,508.03,444.00,43.46,116.75,0.3327,-1,-1,-1
253,34,1220.40,427.30,203.56,379.83,0.8539,-1,-1,-1
253,26,789.01,431.13,138.54,447.01,0.7414,-1,-1,-1
253,39,1848.12,486.59,71.46,292.35,0.5930,-1,-1,-1
253,29,410.26,471.29,44.65,100.61,0.3768,-1,-1,-1
254,11,922.66,407.60,206.88,634.07,0.8356,-1,-1,-1
254,5,1219.83,424.95,204.15,383.94,0.8596,-1,-1,-1
254,22,922.66,407.60,206.88,634.07,0.8356,-1,-1,-1
254,30,654.85,447.60,63.97,184.52,0.7195,-1,-1,-1
254,31,508.48,445.74,42.96,115.31,0.3841,-1,-1,-1
254,34,1219.97,424.89,204.53,384.02,0.8596,-1,-1,-1
254,26,788.47,432.42,138.83,445.46,0.7461,-1,-1,-1
254,39,1841.53,410.86,77.93,368.93,0.5199,-1,-1,-1
254,29,410.71,468.79,42.36,103.22,0.3537,-1,-1,-1
254,40,730.99,484.76,45.64,112.44,0.3839,-1,-1,-1
255,11,926.75,405.72,196.37,637.29,0.8328,-1,-1,-1
255,5,1219.85,426.38,209.78,384.68,0.8622,-1,-1,-1
255,22,926.75,405.72,196.37,637.29,0.8328,-1,-1,-1
255,30,656.87,448.54,64.08,183.98,0.6826,-1,-1,-1
255,31,510.80,446.06,40.92,114.82,0.3657,-1,-1,-1
255,34,1219.95,426.39,209.44,384.67,0.8622,-1,-1,-1
255,26,796.86,431.22,135.37,446.16,0.7034,-1,-1,-1
255,39,1820.75,382.43,98.62,397.19,0.7463,-1,-1,-1
255,29,410.21,470.20,41.12,102.88,0.3803,-1,-1,-1
255,40,731.04,483.81,46.01,113.63,0.3562,-1,-1,-1
256,11,930.06,407.22,195.45,633.87,0.8420,-1,-1,-1
256,5,1223.06,427.35,210.81,385.82,0.8681,-1,-1,-1
256,22,930.06,407.22,195.45,633.87,0.8420,-1,-1,-1
256,30,658.15,449.58,67.32,183.89,0.7106,-1,-1,-1
256,31,510.56,442.35,41.95,118.90,0.4506,-1,-1,-1
256,34,1223.19,427.38,210.18,385.77,0.8681,-1,-1,-1
256,26,804.60,431.94,130.85,448.56,0.7448,-1,-1,-1
256,39,1808.27,377.77,110.98,401.99,0.7643,-1,-1,-1
256,29,408.67,473.37,41.46,100.64,0.3766,-1,-1,-1
256,40,730.52,483.47,45.20,114.96,0.3396,-1,-1,-1
257,11,932.16,407.37,190.66,634.27,0.8271,-1,-1,-1
257,5,1227.44,428.20,210.21,386.03,0.8662,-1,-1,-1
257,22,932.16,407.37,190.66,634.27,0.8271,-1,-1,-1
257,30,658.54,451.38,70.21,183.06,0.7089,-1,-1,-1
257,31,510.20,440.86,42.32,120.22,0.4336,-1,-1,-1
257,34,1227.57,428.24,209.50,385.97,0.8662,-1,-1,-1
257,26,809.53,433.08,128.68,456.94,0.7056,-1,-1,-1
257,39,1807.10,378.49,112.17,401.89,0.7882,-1,-1,-1
257,29,407.61,474.19,42.08,100.81,0.3684,-1,-1,-1
257,40,730.58,483.96,44.51,114.06,0.3062,-1,-1,-1
258,11,936.08,400.93,186.33,640.46,0.8023,-1,-1,-1
258,5,1237.09,427.61,202.45,386.08,0.8652,-1,-1,-1
258,22,936.08,400.93,186.33,640.46,0.8023,-1,-1,-1
258,30,659.58,449.04,71.79,189.07,0.7457,-1,-1,-1
258,34,1237.24,427.65,201.69,386.03,0.8652,-1,-1,-1
258,26,799.88,433.11,139.59,468.33,0.6286,-1,-1,-1
258,39,1803.76,382.16,115.01,397.48,0.7384,-1,-1,-1
258,41,1101.18,434.26,52.00,122.16,0.3993,-1,-1,-1
259,11,936.78,396.52,183.13,645.69,0.7602,-1,-1,-1
259,5,1247.51,427.29,192.34,386.01,0.8002,-1,-1,-1
259,22,936.78,396.52,183.13,645.69,0.7602,-1,-1,-1
259,30,660.13,449.75,73.12,188.56,0.7308,-1,-1,-1
259,34,1247.68,427.32,191.60,385.96,0.8002,-1,-1,-1
259,26,807.37,432.40,131.78,472.84,0.6533,-1,-1,-1
259,39,1786.88,387.13,131.59,390.21,0.7978,-1,-1,-1
259,41,1101.54,432.80,52.72,123.38,0.3997,-1,-1,-1
260,11,938.66,395.74,178.25,645.34,0.7712,-1,-1,-1
260,5,1258.62,426.35,182.19,386.89,0.7869,-1,-1,-1
260,22,938.66,395.74,178.25,645.34,0.7712,-1,-1,-1
260,30,662.32,451.30,71.61,186.40,0.7028,-1,-1,-1
260,34,1258.80,426.38,181.50,386.85,0.7869,-1,-1,-1
260,26,811.93,432.49,128.97,476.99,0.5795,-1,-1,-1
260,39,1759.85,391.21,158.79,385.67,0.7757,-1,-1,-1
261,11,940.57,398.25,176.24,643.08,0.7815,-1,-1,-1
261,5,1273.35,426.21,167.33,387.24,0.7394,-1,-1,-1
261,22,940.57,398.25,176.24,643.08,0.7815,-1,-1,-1
261,30,663.54,450.99,70.97,188.28,0.7251,-1,-1,-1
261,34,1273.53,426.24,166.68,387.19,0.7394,-1,-1,-1
261,26,790.50,439.31,146.96,475.20,0.5587,-1,-1,-1
261,39,1726.81,387.88,191.29,389.17,0.7870,-1,-1,-1
262,11,941.09,396.56,175.03,645.16,0.7995,-1,-1,-1
262,5,1297.79,424.81,145.25,390.38,0.7774,-1,-1,-1
262,22,941.09,396.56,175.03,645.16,0.7995,-1,-1,-1
262,30,664.26,450.65,70.61,189.38,0.6884,-1,-1,-1
262,34,1298.01,424.84,144.66,390.35,0.7774,-1,-1,-1
262,26,809.17,435.79,134.57,479.71,0.6391,-1,-1,-1
262,39,1695.10,400.31,222.35,378.23,0.8118,-1,-1,-1
262,31,505.63,438.94,45.98,121.48,0.4139,-1,-1,-1
263,11,943.40,395.99,174.96,645.69,0.8204,-1,-1,-1
263,5,1312.56,424.47,138.30,391.52,0.7905,-1,-1,-1
263,22,943.40,395.99,174.96,645.69,0.8204,-1,-1,-1
263,30,664.62,452.10,71.97,187.34,0.6493,-1,-1,-1
263,34,1312.73,424.49,137.86,391.49,0.7905,-1,-1,-1
263,26,817.86,434.53,128.29,481.89,0.6632,-1,-1,-1
263,39,1674.13,412.97,243.47,365.38,0.8337,-1,-1,-1
263,31,503.77,438.76,47.37,121.79,0.4045,-1,-1,-1
264,11,945.54,398.01,178.60,643.17,0.8214,-1,-1,-1
264,5,1328.39,421.66,129.47,395.89,0.8135,-1,-1,-1
264,22,945.54,398.01,178.60,643.17,0.8214,-1,-1,-1
264,30,666.05,452.38,73.13,187.02,0.6318,-1,-1,-1
264,34,1328.53,421.68,129.09,395.87,0.8135,-1,-1,-1
264,26,822.70,433.80,122.10,482.36,0.6326,-1,-1,-1
264,39,1662.04,419.27,254.16,359.18,0.8500,-1,-1,-1
264,31,504.22,439.27,47.46,121.14,0.4161,-1,-1,-1
264,42,1297.02,431.97,42.76,118.50,0.3472,-1,-1,-1
264,29,402.50,468.73,44.45,99.85,0.3450,-1,-1,-1
265,11,947.06,400.50,181.36,641.27,0.8286,-1,-1,-1
265,5,1339.99,421.63,121.91,398.04,0.8055,-1,-1,-1
265,22,947.06,400.50,181.36,641.27,0.8286,-1,-1,-1
265,30,668.73,452.17,73.28,187.14,0.6310,-1,-1,-1
265,34,1340.10,421.64,121.60,398.02,0.8055,-1,-1,-1
265,26,825.08,433.27,120.52,483.74,0.5960,-1,-1,-1
265,39,1655.80,422.80,253.77,354.86,0.8360,-1,-1,-1
265,31,504.53,438.88,47.57,121.46,0.4100,-1,-1,-1
265,42,1298.21,434.21,45.66,114.49,0.3182,-1,-1,-1
265,29,401.27,467.99,47.40,101.89,0.3567,-1,-1,-1
266,11,949.10,402.06,177.98,639.81,0.8175,-1,-1,-1
266,5,1347.48,421.85,121.45,403.09,0.8189,-1,-1,-1
266,22,949.10,402.06,177.98,639.81,0.8175,-1,-1,-1
266,30,673.12,453.45,71.49,185.50,0.5929,-1,-1,-1
266,34,1347.56,421.86,121.21,403.07,0.8189,-1,-1,-1
266,26,826.05,432.22,119.96,485.42,0.6311,-1,-1,-1
266,39,1652.46,415.16,245.74,360.40,0.8503,-1,-1,-1
266,31,504.91,438.69,47.57,121.69,0.4097,-1,-1,-1
266,29,401.44,467.35,47.67,105.12,0.3037,-1,-1,-1
266,41,1110.42,437.62,52.08,120.97,0.4094,-1,-1,-1
267,11,950.72,402.32,175.95,639.46,0.8106,-1,-1,-1
267,5,1353.29,419.64,121.01,411.38,0.8200,-1,-1,-1
267,22,950.72,402.32,175.95,639.46,0.8106,-1,-1,-1
267,30,674.98,453.88,71.14,184.01,0.6220,-1,-1,-1
267,34,1353.35,419.66,120.81,411.36,0.8200,-1,-1,-1
267,26,826.02,429.46,119.64,489.84,0.7037,-1,-1,-1
267,39,1650.76,415.87,232.02,353.35,0.8299,-1,-1,-1
267,31,504.94,438.84,47.63,121.43,0.4301,-1,-1,-1
267,29,400.42,465.10,49.35,108.27,0.3759,-1,-1,-1
267,41,1114.19,438.49,48.81,119.33,0.3496,-1,-1,-1
268,11,951.49,403.31,172.76,638.80,0.8181,-1,-1,-1
268,5,1356.45,422.25,133.71,410.18,0.8310,-1,-1,-1
268,22,951.49,403.31,172.76,638.80,0.8181,-1,-1,-1
268,30,677.00,454.06,69.42,183.23,0.6810,-1,-1,-1
268,34,1356.50,422.26,133.56,410.16,0.8310,-1,-1,-1
268,26,825.38,429.60,123.57,489.42,0.5948,-1,-1,-1
268,39,1651.69,414.50,206.41,345.64,0.8204,-1,-1,-1
268,31,505.60,437.99,46.96,122.96,0.4168,-1,-1,-1
268,29,397.74,463.69,51.70,110.47,0.3044,-1,-1,-1
269,11,951.85,403.48,175.89,639.07,0.8198,-1,-1,-1
269,5,1360.64,423.38,152.55,412.91,0.8576,-1,-1,-1
269,22,951.85,403.48,175.89,639.07,0.8198,-1,-1,-1
269,30,678.82,453.58,67.85,183.07,0.6686,-1,-1,-1
269,34,1360.68,423.39,152.41,412.90,0.8576,-1,-1,-1
269,26,823.85,428.87,125.39,491.63,0.5656,-1,-1,-1
269,39,1651.87,415.33,182.30,341.41,0.8103,-1,-1,-1
269,31,505.26,436.60,47.21,124.42,0.4428,-1,-1,-1
269,41,1120.71,442.84,41.85,113.58,0.3667,-1,-1,-1
270,11,953.10,404.22,173.49,638.79,0.8080,-1,-1,-1
270,5,1363.85,423.84,169.46,414.76,0.8496,-1,-1,-1
270,22,953.10,404.22,173.49,638.79,0.8080,-1,-1,-1
270,30,681.38,452.63,66.42,185.49,0.7004,-1,-1,-1
270,34,1363.90,423.85,169.33,414.75,0.8496,-1,-1,-1
270,26,825.80,427.24,131.79,493.94,0.5995,-1,-1,-1
270,39,1652.83,410.93,151.86,343.15,0.8018,-1,-1,-1
270,31,505.56,436.16,47.01,124.91,0.4107,-1,-1,-1
271,11,955.51,404.92,168.13,638.58,0.7718,-1,-1,-1
271,5,1364.42,423.60,187.54,415.26,0.8315,-1,-1,-1
271,22,955.51,404.92,168.13,638.58,0.7718,-1,-1,-1
271,30,684.83,449.37,65.38,190.76,0.6164,-1,-1,-1
271,34,1364.46,423.61,187.41,415.25,0.8315,-1,-1,-1
271,26,826.63,426.43,135.52,495.37,0.6079,-1,-1,-1
271,39,1653.48,412.99,121.14,340.22,0.7668,-1,-1,-1
271,31,506.76,437.12,46.96,123.85,0.3787,-1,-1,-1
272,11,959.34,404.28,161.29,639.00,0.8078,-1,-1,-1
272,5,1364.55,425.10,196.88,415.81,0.8649,-1,-1,-1
272,22,959.34,404.28,161.29,639.00,0.8078,-1,-1,-1
272,30,687.44,446.76,66.43,195.83,0.6517,-1,-1,-1
272,34,1364.59,425.11,196.76,415.80,0.8649,-1,-1,-1
272,26,829.01,426.45,134.39,495.02,0.6613,-1,-1,-1
272,39,1643.69,414.33,101.19,337.30,0.7026,-1,-1,-1
272,31,507.14,439.71,47.64,121.26,0.3854,-1,-1,-1
273,11,962.84,403.49,158.76,639.77,0.8124,-1,-1,-1
273,5,1365.18,426.77,201.33,418.95,0.8806,-1,-1,-1
273,22,962.84,403.49,158.76,639.77,0.8124,-1,-1,-1
273,30,688.57,444.35,67.23,200.05,0.6533,-1,-1,-1
273,34,1365.22,426.77,201.22,418.94,0.8806,-1,-1,-1
273,26,830.67,424.71,133.59,496.09,0.6600,-1,-1,-1
273,39,1637.23,424.46,87.04,327.67,0.7107,-1,-1,-1
273,29,393.45,464.03,53.21,109.29,0.3625,-1,-1,-1
274,11,964.74,403.30,155.83,640.18,0.8156,-1,-1,-1
274,5,1366.79,425.96,205.09,425.68,0.8754,-1,-1,-1
274,22,964.74,403.30,155.83,640.18,0.8156,-1,-1,-1
274,30,689.08,447.91,67.46,194.29,0.5840,-1,-1,-1
274,34,1366.82,425.97,204.99,425.68,0.8754,-1,-1,-1
274,26,832.08,424.52,133.91,495.66,0.6798,-1,-1,-1
274,39,1624.44,433.91,92.60,316.61,0.7957,-1,-1,-1
274,29,393.72,466.63,52.36,106.36,0.3269,-1,-1,-1
275,11,966.32,404.23,153.63,639.59,0.7984,-1,-1,-1
275,5,1370.40,424.78,205.08,429.51,0.8778,-1,-1,-1
275,22,966.32,404.23,153.63,639.59,0.7984,-1,-1,-1
275,30,691.80,448.69,71.66,194.12,0.5694,-1,-1,-1
275,34,1370.43,424.78,204.98,429.51,0.8778,-1,-1,-1
275,26,832.66,422.99,134.35,496.36,0.7000,-1,-1,-1
275,39,1596.30,437.28,118.61,313.67,0.7849,-1,-1,-1
275,29,392.89,465.51,54.61,107.63,0.3169,-1,-1,-1
275,2,1067.68,425.51,104.24,225.67,0.4199,-1,-1,-1
276,11,967.80,402.24,154.22,641.47,0.8143,-1,-1,-1
276,5,1375.49,425.14,200.06,430.15,0.8333,-1,-1,-1
276,22,967.80,402.24,154.22,641.47,0.8143,-1,-1,-1
276,30,696.80,449.04,68.50,193.01,0.5454,-1,-1,-1
276,34,1375.52,425.14,199.97,430.15,0.8333,-1,-1,-1
276,26,831.40,423.28,132.45,495.88,0.7022,-1,-1,-1
276,39,1573.47,437.78,138.59,314.97,0.8039,-1,-1,-1
276,2,1071.11,423.15,102.65,227.93,0.4051,-1,-1,-1
276,42,1304.67,427.84,56.99,123.11,0.4031,-1,-1,-1
277,11,970.74,403.19,155.19,640.94,0.8280,-1,-1,-1
277,5,1379.60,425.37,196.32,430.43,0.8147,-1,-1,-1
277,22,970.74,403.19,155.19,640.94,0.8280,-1,-1,-1
277,30,696.10,451.80,66.32,192.26,0.4531,-1,-1,-1
277,34,1379.63,425.37,196.24,430.43,0.8147,-1,-1,-1
277,26,828.91,423.38,131.66,496.00,0.6844,-1,-1,-1
277,39,1554.48,424.66,156.52,328.48,0.8515,-1,-1,-1
277,2,1076.28,425.76,98.67,224.88,0.3683,-1,-1,-1
278,11,971.12,402.01,158.17,642.67,0.8239,-1,-1,-1
278,5,1387.13,425.68,205.16,428.07,0.8072,-1,-1,-1
278,22,971.12,402.01,158.17,642.67,0.8239,-1,-1,-1
278,30,703.14,451.70,68.23,193.27,0.4964,-1,-1,-1
278,34,1387.15,425.68,205.09,428.07,0.8072,-1,-1,-1
278,26,830.17,423.07,130.56,496.11,0.7099,-1,-1,-1
278,39,1538.00,447.43,172.73,303.51,0.8509,-1,-1,-1
279,11,973.82,401.28,158.39,644.21,0.8244,-1,-1,-1
279,5,1427.02,429.46,164.31,421.98,0.5478,-1,-1,-1
279,22,973.82,401.28,158.39,644.21,0.8244,-1,-1,-1
279,30,707.52,452.17,73.79,192.90,0.4316,-1,-1,-1
279,34,1427.05,429.46,164.24,421.98,0.5478,-1,-1,-1
279,26,829.13,421.34,132.05,498.10,0.7356,-1,-1,-1
279,39,1530.76,429.69,178.48,319.76,0.8377,-1,-1,-1
280,11,975.55,401.12,162.39,643.77,0.8129,-1,-1,-1
280,5,1447.44,428.91,144.83,422.40,0.7809,-1,-1,-1
280,22,975.55,401.12,162.39,643.77,0.8129,-1,-1,-1
280,30,711.97,452.17,75.32,193.31,0.5386,-1,-1,-1
280,34,1447.46,428.91,144.78,422.39,0.7809,-1,-1,-1
280,26,826.75,419.87,135.26,499.55,0.7231,-1,-1,-1
280,39,1542.27,443.60,162.01,302.20,0.7801,-1,-1,-1
280,29,387.56,461.69,56.58,113.41,0.3612,-1,-1,-1
281,11,977.60,399.12,165.34,645.17,0.8156,-1,-1,-1
281,5,1458.11,428.62,128.40,421.85,0.7882,-1,-1,-1
281,22,977.60,399.12,165.34,645.17,0.8156,-1,-1,-1
281,30,714.82,454.96,76.51,191.57,0.6094,-1,-1,-1
281,34,1458.13,428.62,128.36,421.85,0.7882,-1,-1,-1
281,26,826.85,419.83,141.62,499.53,0.7256,-1,-1,-1
281,39,1546.01,424.10,148.67,323.85,0.6388,-1,-1,-1
281,29,387.05,461.01,59.15,113.08,0.3631,-1,-1,-1
282,11,979.10,399.84,168.33,644.20,0.7955,-1,-1,-1
282,5,1467.00,432.94,122.39,418.41,0.7367,-1,-1,-1
282,22,979.10,399.84,168.33,644.20,0.7955,-1,-1,-1
282,30,714.80,458.28,80.24,187.13,0.5096,-1,-1,-1
282,34,1467.01,432.94,122.36,418.41,0.7367,-1,-1,-1
282,26,826.40,419.40,149.93,498.36,0.7451,-1,-1,-1
282,39,1542.93,420.43,135.68,322.79,0.5466,-1,-1,-1
282,29,385.88,462.82,54.56,111.79,0.3584,-1,-1,-1
283,11,982.64,399.46,168.67,644.54,0.7816,-1,-1,-1
283,5,1472.33,432.18,136.06,420.98,0.7706,-1,-1,-1
283,22,982.64,399.46,168.67,644.54,0.7816,-1,-1,-1
283,30,716.57,458.75,80.37,185.86,0.6089,-1,-1,-1
283,34,1472.34,432.19,136.03,420.98,0.7706,-1,-1,-1
283,26,825.74,420.32,162.86,497.65,0.7569,-1,-1,-1
283,29,385.48,463.21,52.77,112.01,0.4538,-1,-1,-1
283,31,504.23,455.12,43.54,104.24,0.3478,-1,-1,-1
284,11,989.40,400.66,160.78,642.54,0.7643,-1,-1,-1
284,5,1479.42,429.54,143.12,422.76,0.7981,-1,-1,-1
284,22,989.40,400.66,160.78,642.54,0.7643,-1,-1,-1
284,30,717.87,457.97,80.58,186.89,0.6900,-1,-1,-1
284,34,1479.42,429.54,143.10,422.76,0.7981,-1,-1,-1
284,26,825.26,420.67,174.81,498.49,0.7646,-1,-1,-1
284,29,384.12,465.49,55.72,109.81,0.4321,-1,-1,-1
284,31,505.00,456.48,42.08,103.41,0.3518,-1,-1,-1
285,11,992.64,403.25,156.73,639.90,0.7921,-1,-1,-1
285,5,1487.57,433.91,142.23,418.60,0.7757,-1,-1,-1
285,22,992.64,403.25,156.73,639.90,0.7921,-1,-1,-1
285,30,717.13,456.36,82.89,188.41,0.7345,-1,-1,-1
285,34,1487.58,433.91,142.21,418.60,0.7757,-1,-1,-1
285,26,825.70,425.67,182.98,496.84,0.7773,-1,-1,-1
285,29,382.15,466.81,56.25,108.33,0.4215,-1,-1,-1
285,31,504.63,456.75,42.20,103.35,0.3973,-1,-1,-1
285,44,1346.09,444.29,36.17,102.15,0.4818,-1,-1,-1
286,11,995.28,405.53,154.64,637.87,0.7906,-1,-1,-1
286,5,1495.52,434.45,152.49,417.83,0.8167,-1,-1,-1
286,22,995.28,405.53,154.64,637.87,0.7906,-1,-1,-1
286,30,716.98,454.77,86.14,190.00,0.7745,-1,-1,-1
286,34,1495.52,434.45,152.48,417.83,0.8167,-1,-1,-1
286,26,825.82,425.40,189.30,498.49,0.7842,-1,-1,-1
286,29,380.77,468.20,55.06,106.73,0.3752,-1,-1,-1
286,31,504.51,457.35,42.12,102.77,0.3724,-1,-1,-1
286,44,1348.78,443.04,35.94,103.02,0.4339,-1,-1,-1
286,24,1472.85,442.65,57.16,194.45,0.4084,-1,-1,-1
287,11,995.67,406.35,155.59,637.25,0.7840,-1,-1,-1
287,5,1499.29,431.44,175.04,421.13,0.8299,-1,-1,-1
287,22,995.67,406.35,155.59,637.25,0.7840,-1,-1,-1
287,30,718.55,454.91,85.63,189.29,0.7630,-1,-1,-1
287,34,1499.29,431.44,175.02,421.13,0.8299,-1,-1,-1
287,26,828.29,422.42,192.20,500.09,0.8057,-1,-1,-1
287,29,380.31,469.53,51.78,104.77,0.3053,-1,-1,-1
287,31,504.48,457.51,41.89,102.95,0.3373,-1,-1,-1
287,44,1350.79,443.72,35.08,104.31,0.4859,-1,-1,-1
287,24,1477.96,442.21,58.92,193.66,0.5656,-1,-1,-1
288,11,997.30,406.58,154.40,637.58,0.7845,-1,-1,-1
288,5,1503.22,429.97,200.01,426.07,0.8567,-1,-1,-1
288,22,997.30,406.58,154.40,637.58,0.7845,-1,-1,-1
288,30,721.41,449.44,83.25,193.74,0.7399,-1,-1,-1
288,34,1503.22,429.97,199.99,426.07,0.8567,-1,-1,-1
288,26,830.06,421.46,193.31,500.62,0.8140,-1,-1,-1
288,29,380.81,470.58,48.75,103.97,0.3563,-1,-1,-1
288,31,504.70,456.78,41.47,104.01,0.3754,-1,-1,-1
289,11,999.32,407.79,152.98,636.01,0.7846,-1,-1,-1
289,5,1505.71,435.35,219.47,423.29,0.8817,-1,-1,-1
289,22,999.32,407.79,152.98,636.01,0.7846,-1,-1,-1
289,30,725.49,447.24,81.33,196.47,0.6601,-1,-1,-1
289,34,1505.71,435.35,219.46,423.29,0.8817,-1,-1,-1
289,26,834.37,422.97,190.13,497.94,0.8088,-1,-1,-1
289,31,505.97,456.45,40.34,104.29,0.3565,-1,-1,-1
289,39,1476.48,414.68,107.37,309.43,0.3414,-1,-1,-1
290,11,1002.32,405.89,151.45,637.97,0.8122,-1,-1,-1
290,5,1505.70,436.19,235.79,427.85,0.8746,-1,-1,-1
290,22,1002.32,405.89,151.45,637.97,0.8122,-1,-1,-1
290,30,729.85,448.14,80.21,195.66,0.6350,-1,-1,-1
290,34,1505.71,436.19,235.78,427.85,0.8746,-1,-1,-1
290,26,839.14,419.12,185.26,501.87,0.8087,-1,-1,-1
290,31,506.37,456.55,39.11,102.66,0.3481,-1,-1,-1
290,39,1440.85,414.83,132.30,309.10,0.4383,-1,-1,-1
291,11,1003.76,404.01,153.27,639.17,0.7855,-1,-1,-1
291,5,1504.02,434.77,249.97,433.27,0.8359,-1,-1,-1
291,22,1003.76,404.01,153.27,639.17,0.7855,-1,-1,-1
291,30,733.38,452.59,78.77,192.56,0.6257,-1,-1,-1
291,34,1504.02,434.77,249.96,433.27,0.8359,-1,-1,-1
291,26,835.19,420.49,189.71,501.14,0.8188,-1,-1,-1
291,39,1419.55,421.42,146.33,297.70,0.6331,-1,-1,-1
291,45,677.70,483.09,52.64,121.27,0.3428,-1,-1,-1
292,11,1003.47,403.73,155.00,638.88,0.7560,-1,-1,-1
292,5,1502.45,435.43,256.14,436.91,0.8561,-1,-1,-1
292,22,1003.47,403.73,155.00,638.88,0.7560,-1,-1,-1
292,30,741.31,452.42,70.91,193.23,0.6023,-1,-1,-1
292,34,1502.46,435.43,256.13,436.91,0.8561,-1,-1,-1
292,26,835.10,422.02,190.31,498.51,0.8119,-1,-1,-1
292,39,1403.17,426.81,154.84,308.55,0.3363,-1,-1,-1
293,11,1006.34,404.32,155.11,638.07,0.8019,-1,-1,-1
293,5,1502.13,436.53,261.72,441.13,0.8686,-1,-1,-1
293,22,1006.34,404.32,155.11,638.07,0.8019,-1,-1,-1
293,30,744.80,450.26,68.92,196.41,0.6663,-1,-1,-1
293,34,1502.13,436.53,261.71,441.13,0.8686,-1,-1,-1
293,26,839.13,418.67,185.76,502.35,0.8223,-1,-1,-1
293,39,1397.18,429.02,140.24,288.62,0.7032,-1,-1,-1
293,31,505.10,454.69,40.20,104.73,0.3596,-1,-1,-1
294,11,1008.10,403.08,154.83,640.37,0.8147,-1,-1,-1
294,5,1502.65,435.81,266.57,444.91,0.8660,-1,-1,-1
294,22,1008.10,403.08,154.83,640.37,0.8147,-1,-1,-1
294,30,747.52,451.52,64.78,195.09,0.6552,-1,-1,-1
294,34,1502.65,435.81,266.56,444.91,0.8660,-1,-1,-1
294,26,842.22,415.57,183.05,505.67,0.8319,-1,-1,-1
294,39,1394.43,429.67,139.15,282.33,0.7576,-1,-1,-1
294,31,504.84,456.94,40.43,101.94,0.3390,-1,-1,-1
294,24,1529.57,437.68,69.54,217.91,0.4475,-1,-1,-1
294,45,681.17,484.02,50.60,121.94,0.3564,-1,-1,-1
295,11,1009.69,402.95,152.28,640.59,0.8107,-1,-1,-1
295,5,1502.52,432.08,268.59,447.98,0.8550,-1,-1,-1
295,22,1009.69,402.95,152.28,640.59,0.8107,-1,-1,-1
295,30,747.99,451.68,69.07,196.23,0.6384,-1,-1,-1
295,34,1502.53,432.08,268.58,447.98,0.8550,-1,-1,-1
295,26,845.17,413.45,180.52,507.35,0.8263,-1,-1,-1
295,39,1390.17,429.39,148.16,280.79,0.7587,-1,-1,-1
295,24,1537.66,433.32,69.90,220.12,0.4276,-1,-1,-1
296,11,1009.49,403.58,154.67,639.41,0.8181,-1,-1,-1
296,5,1511.38,430.08,258.64,450.23,0.8344,-1,-1,-1
296,22,1009.49,403.58,154.67,639.41,0.8181,-1,-1,-1
296,30,750.69,449.98,73.95,196.79,0.6587,-1,-1,-1
296,34,1511.38,430.08,258.63,450.23,0.8344,-1,-1,-1
296,26,848.67,412.76,177.39,508.43,0.8371,-1,-1,-1
296,39,1391.32,428.18,144.79,281.33,0.7698,-1,-1,-1
296,24,1544.54,431.37,75.92,221.52,0.3585,-1,-1,-1
296,41,1156.42,436.63,46.67,114.71,0.3715,-1,-1,-1
297,11,1011.14,404.59,154.90,637.75,0.8149,-1,-1,-1
297,5,1527.19,429.92,240.45,449.98,0.7893,-1,-1,-1
297,22,1011.14,404.59,154.90,637.75,0.8149,-1,-1,-1
297,30,757.19,448.47,71.49,199.23,0.7292,-1,-1,-1
297,34,1527.19,429.92,240.44,449.98,0.7893,-1,-1,-1
297,26,852.78,409.91,173.23,511.47,0.8351,-1,-1,-1
297,39,1394.99,432.37,137.76,277.34,0.7838,-1,-1,-1
297,24,1553.16,437.70,77.78,216.61,0.4016,-1,-1,-1
297,41,1157.66,436.72,46.88,115.62,0.3653,-1,-1,-1
298,11,1010.78,405.57,157.28,636.28,0.8084,-1,-1,-1
298,5,1540.75,430.75,227.21,447.40,0.7483,-1,-1,-1
298,22,1010.78,405.57,157.28,636.28,0.8084,-1,-1,-1
298,30,757.71,447.58,71.89,199.99,0.7160,-1,-1,-1
298,34,1540.75,430.75,227.21,447.40,0.7483,-1,-1,-1
298,26,855.24,410.05,170.83,512.58,0.8063,-1,-1,-1
298,39,1395.02,438.51,126.98,269.51,0.7832,-1,-1,-1
298,24,1562.84,432.19,77.83,217.27,0.3785,-1,-1,-1
298,41,1157.99,436.44,48.00,116.68,0.4041,-1,-1,-1
299,11,1010.76,405.16,160.41,635.46,0.8110,-1,-1,-1
299,5,1554.78,425.77,219.98,454.16,0.7704,-1,-1,-1
299,22,1010.76,405.16,160.41,635.46,0.8110,-1,-1,-1
299,30,762.10,450.45,71.02,199.12,0.7055,-1,-1,-1
299,34,1554.78,425.77,219.97,454.16,0.7704,-1,-1,-1
299,26,865.55,413.54,160.67,512.69,0.7732,-1,-1,-1
299,39,1394.01,447.20,112.82,259.93,0.7397,-1,-1,-1
299,24,1571.59,424.40,86.50,224.88,0.3319,-1,-1,-1
300,11,1012.03,405.31,161.98,632.27,0.8217,-1,-1,-1
300,5,1574.56,423.32,196.21,457.03,0.6961,-1,-1,-1
300,22,1012.03,405.31,161.98,632.27,0.8217,-1,-1,-1
300,30,765.17,450.85,70.66,199.01,0.7140,-1,-1,-1
300,34,1574.56,423.32,196.20,457.02,0.6961,-1,-1,-1
300,26,875.54,417.51,148.98,513.50,0.7726,-1,-1,-1
300,39,1385.73,430.36,102.76,276.25,0.7878,-1,-1,-1
300,24,1579.77,424.92,83.96,224.36,0.4268,-1,-1,-1
301,11,1011.00,404.97,161.36,629.72,0.8168,-1,-1,-1
301,5,1604.82,422.05,181.34,457.40,0.7288,-1,-1,-1
301,22,1011.00,404.97,161.36,629.72,0.8168,-1,-1,-1
301,30,769.38,449.96,68.28,199.82,0.7475,-1,-1,-1
301,34,1604.82,422.05,181.34,457.40,0.7288,-1,-1,-1
301,26,884.17,418.74,139.05,520.47,0.7648,-1,-1,-1
301,39,1381.02,442.64,88.79,263.50,0.8122,-1,-1,-1
301,24,1584.38,425.34,87.36,223.31,0.3794,-1,-1,-1
301,29,378.82,468.02,44.72,105.95,0.3898,-1,-1,-1
302,11,1008.57,405.87,164.35,625.44,0.8146,-1,-1,-1
302,5,1628.16,417.08,164.20,463.34,0.7632,-1,-1,-1
302,22,1008.57,405.87,164.35,625.44,0.8146,-1,-1,-1
302,30,770.92,454.14,71.23,196.73,0.7885,-1,-1,-1
302,34,1628.16,417.08,164.20,463.34,0.7632,-1,-1,-1
302,26,889.17,419.17,134.22,527.17,0.7535,-1,-1,-1
302,39,1371.97,450.99,85.63,255.85,0.8323,-1,-1,-1
302,24,1589.38,422.34,93.72,227.73,0.3657,-1,-1,-1
302,29,379.40,468.54,44.06,104.86,0.4015,-1,-1,-1
302,31,506.79,460.12,36.14,98.76,0.3991,-1,-1,-1
303,11,1011.07,405.12,163.20,622.39,0.8101,-1,-1,-1
303,5,1646.63,411.15,152.12,475.70,0.7715,-1,-1,-1
303,22,1011.07,405.12,163.20,622.39,0.8101,-1,-1,-1
303,30,771.96,454.18,71.92,197.73,0.7770,-1,-1,-1
303,34,1646.64,411.15,152.11,475.70,0.7715,-1,-1,-1
303,26,879.30,420.56,144.63,528.56,0.7569,-1,-1,-1
303,39,1359.84,430.70,88.17,275.24,0.7920,-1,-1,-1
303,24,1595.12,419.48,94.07,229.82,0.3899,-1,-1,-1
303,29,378.89,466.63,44.43,106.87,0.4224,-1,-1,-1
303,47,0.13,655.53,116.63,202.92,0.6847,-1,-1,-1
303,31,506.33,459.64,36.39,99.96,0.4125,-1,-1,-1
304,11,1012.40,404.29,168.56,622.56,0.8100,-1,-1,-1
304,5,1660.52,410.13,153.24,486.21,0.7766,-1,-1,-1
304,22,1012.40,404.29,168.56,622.56,0.8100,-1,-1,-1
304,30,773.91,454.00,74.59,198.71,0.7691,-1,-1,-1
304,34,1660.52,410.13,153.24,486.21,0.7766,-1,-1,-1
304,26,871.49,420.28,153.52,530.88,0.7953,-1,-1,-1
304,39,1345.99,423.88,95.23,281.82,0.7748,-1,-1,-1
304,24,1603.10,419.18,93.19,230.63,0.3349,-1,-1,-1
304,29,378.51,466.53,44.60,106.94,0.3871,-1,-1,-1
304,47,0.06,579.42,118.60,278.87,0.7207,-1,-1,-1
304,31,505.61,459.18,37.63,101.30,0.4880,-1,-1,-1
305,11,1012.59,404.22,179.53,620.63,0.7974,-1,-1,-1
305,5,1670.14,412.68,150.62,491.69,0.7424,-1,-1,-1
305,22,1012.59,404.22,179.53,620.63,0.7974,-1,-1,-1
305,30,774.95,451.41,76.03,203.09,0.7744,-1,-1,-1
305,34,1670.14,412.68,150.61,491.69,0.7424,-1,-1,-1
305,26,873.30,420.77,151.80,531.09,0.7791,-1,-1,-1
305,39,1336.50,424.46,100.42,281.01,0.7665,-1,-1,-1
305,24,1611.48,411.71,93.67,239.11,0.3230,-1,-1,-1
305,29,377.74,466.34,45.36,107.28,0.3843,-1,-1,-1
305,47,0.32,512.01,117.88,346.43,0.6244,-1,-1,-1
305,31,505.54,457.95,37.44,102.66,0.4557,-1,-1,-1
305,41,1183.05,439.37,38.23,109.94,0.3832,-1,-1,-1
306,11,1014.31,404.77,191.72,616.95,0.8194,-1,-1,-1
306,5,1674.17,415.68,167.11,495.15,0.8635,-1,-1,-1
306,22,1014.31,404.77,191.72,616.95,0.8194,-1,-1,-1
306,30,776.64,448.49,76.23,206.72,0.7657,-1,-1,-1
306,34,1674.17,415.68,167.11,495.15,0.8635,-1,-1,-1
306,26,874.79,420.37,151.17,532.01,0.7989,-1,-1,-1
306,39,1321.96,434.49,113.71,268.93,0.8032,-1,-1,-1
306,24,1615.67,411.63,102.87,322.27,0.3463,-1,-1,-1
306,29,377.36,466.05,46.13,107.90,0.3831,-1,-1,-1
306,47,0.19,470.32,121.81,389.47,0.7373,-1,-1,-1
306,31,504.49,457.55,39.18,103.37,0.4757,-1,-1,-1
306,41,1183.96,441.24,40.28,107.93,0.5474,-1,-1,-1
307,11,1016.17,402.84,200.87,617.09,0.8297,-1,-1,-1
307,5,1679.02,414.04,199.30,501.36,0.8523,-1,-1,-1
307,22,1016.17,402.84,200.87,617.09,0.8297,-1,-1,-1
307,30,779.44,450.79,74.15,203.71,0.7217,-1,-1,-1
307,34,1679.02,414.04,199.30,501.36,0.8523,-1,-1,-1
307,26,873.45,419.92,153.07,532.40,0.8147,-1,-1,-1
307,39,1311.15,445.50,124.29,255.71,0.8038,-1,-1,-1
307,24,1616.40,409.32,114.13,372.54,0.5692,-1,-1,-1
307,29,378.30,466.48,45.35,107.39,0.3607,-1,-1,-1
307,47,0.38,419.33,122.84,441.60,0.7495,-1,-1,-1
307,31,504.07,460.16,38.76,100.86,0.4178,-1,-1,-1
307,41,1185.37,442.35,40.61,106.21,0.5617,-1,-1,-1
308,11,1016.61,401.78,210.98,616.05,0.8432,-1,-1,-1
308,5,1680.47,416.80,224.38,500.43,0.8351,-1,-1,-1
308,22,1016.61,401.78,210.98,616.05,0.8432,-1,-1,-1
308,30,782.15,449.82,72.37,203.93,0.7513,-1,-1,-1
308,34,1680.47,416.80,224.38,500.43,0.8351,-1,-1,-1
308,26,874.30,420.29,152.75,532.10,0.8198,-1,-1,-1
308,39,1301.31,436.81,132.64,263.42,0.8115,-1,-1,-1
308,24,1611.81,404.33,126.92,396.75,0.6371,-1,-1,-1
308,29,377.92,466.76,46.55,107.16,0.3472,-1,-1,-1
308,47,0.50,394.24,123.59,466.75,0.7873,-1,-1,-1
308,31,502.81,461.75,40.14,99.43,0.4126,-1,-1,-1
308,41,1186.81,442.53,42.64,105.75,0.4957,-1,-1,-1
308,40,731.56,478.43,46.90,117.41,0.3393,-1,-1,-1
309,11,1016.95,400.00,220.44,616.15,0.8481,-1,-1,-1
309,5,1680.13,417.51,235.82,503.21,0.8587,-1,-1,-1
309,22,1016.95,400.00,220.44,616.15,0.8481,-1,-1,-1
309,30,788.73,447.68,68.59,206.92,0.7216,-1,-1,-1
309,34,1680.13,417.51,235.82,503.21,0.8587,-1,-1,-1
309,26,873.36,421.07,153.42,530.71,0.8314,-1,-1,-1
309,39,1293.87,433.34,137.77,267.28,0.8018,-1,-1,-1
309,24,1612.55,404.83,134.59,405.19,0.5927,-1,-1,-1
309,29,378.09,465.65,46.17,107.99,0.3290,-1,-1,-1
309,47,0.49,381.59,123.92,479.57,0.8110,-1,-1,-1
309,31,501.37,461.44,41.56,99.63,0.4333,-1,-1,-1
309,41,1189.34,443.44,40.75,104.29,0.4216,-1,-1,-1
309,40,731.95,477.84,48.98,118.71,0.3720,-1,-1,-1
310,11,1017.43,399.83,228.01,615.13,0.8571,-1,-1,-1
310,5,1677.50,417.75,245.54,509.51,0.8810,-1,-1,-1
310,22,1017.43,399.83,228.01,615.13,0.8571,-1,-1,-1
310,30,793.87,445.52,65.30,209.50,0.7221,-1,-1,-1
310,34,1677.50,417.75,245.54,509.51,0.8810,-1,-1,-1
310,26,874.26,421.59,151.98,530.12,0.8077,-1,-1,-1
310,39,1288.12,430.34,139.17,269.46,0.7630,-1,-1,-1
310,24,1617.15,406.91,139.25,407.08,0.5090,-1,-1,-1
310,47,0.41,377.29,124.10,483.79,0.8049,-1,-1,-1
310,31,499.64,460.50,42.87,100.66,0.4626,-1,-1,-1
310,41,1190.67,444.91,41.26,103.04,0.4924,-1,-1,-1
310,40,732.41,479.58,49.55,118.05,0.3743,-1,-1,-1
311,11,1016.76,401.55,232.15,613.12,0.8585,-1,-1,-1
311,5,1674.96,418.90,250.97,514.33,0.8749,-1,-1,-1
311,22,1016.76,401.55,232.15,613.12,0.8585,-1,-1,-1
311,30,798.10,444.70,64.11,211.02,0.7318,-1,-1,-1
311,34,1674.96,418.90,250.97,514.33,0.8749,-1,-1,-1
311,26,873.69,421.04,152.71,530.61,0.8187,-1,-1,-1
311,39,1285.65,431.46,131.76,264.95,0.7590,-1,-1,-1
311,24,1638.15,407.70,125.70,411.70,0.4776,-1,-1,-1
311,47,0.17,375.01,121.72,483.77,0.8184,-1,-1,-1
311,31,499.00,457.34,44.60,103.56,0.4796,-1,-1,-1
311,41,1190.90,446.29,41.43,101.26,0.5115,-1,-1,-1
311,40,732.53,479.53,50.90,118.93,0.4491,-1,-1,-1
312,11,1019.17,403.09,230.65,611.52,0.8612,-1,-1,-1
312,5,1675.27,419.76,251.46,515.97,0.8618,-1,-1,-1
312,22,1019.17,403.09,230.65,611.52,0.8612,-1,-1,-1
312,30,800.02,446.85,66.05,209.46,0.7319,-1,-1,-1
312,34,1675.27,419.76,251.46,515.97,0.8618,-1,-1,-1
312,26,872.02,420.57,154.96,531.51,0.8328,-1,-1,-1
312,39,1278.84,430.44,122.71,261.39,0.7648,-1,-1,-1
312,24,1627.78,409.74,144.10,411.95,0.5106,-1,-1,-1
312,47,0.14,374.10,125.59,485.51,0.8302,-1,-1,-1
312,31,498.56,455.81,45.32,105.37,0.4220,-1,-1,-1
312,41,1191.86,443.90,40.93,104.96,0.4680,-1,-1,-1
312,40,732.40,479.87,52.20,118.82,0.4651,-1,-1,-1
313,11,1020.12,402.76,230.57,611.81,0.8614,-1,-1,-1
313,5,1679.49,421.26,246.77,516.30,0.8693,-1,-1,-1
313,22,1020.12,402.76,230.57,611.81,0.8614,-1,-1,-1
313,30,800.96,445.68,72.99,211.24,0.7277,-1,-1,-1
313,34,1679.49,421.26,246.77,516.30,0.8693,-1,-1,-1
313,26,870.83,419.86,156.66,532.44,0.8132,-1,-1,-1
313,39,1273.26,431.67,113.22,257.73,0.7863,-1,-1,-1
313,24,1623.92,411.49,159.78,407.58,0.4777,-1,-1,-1
313,47,1.07,375.37,136.26,484.98,0.8573,-1,-1,-1
313,31,498.34,457.27,45.27,104.30,0.3892,-1,-1,-1
313,41,1192.02,441.53,42.82,108.66,0.4886,-1,-1,-1
313,40,732.70,479.06,52.13,118.95,0.4908,-1,-1,-1
314,11,1021.95,402.42,228.20,611.40,0.8650,-1,-1,-1
314,5,1687.71,419.72,237.59,518.58,0.8701,-1,-1,-1
314,22,1021.95,402.42,228.20,611.40,0.8650,-1,-1,-1
314,30,802.55,445.44,75.36,211.69,0.7232,-1,-1,-1
314,34,1687.71,419.72,237.59,518.58,0.8701,-1,-1,-1
314,26,869.77,419.22,158.59,533.21,0.8201,-1,-1,-1
314,39,1273.50,428.41,97.62,259.85,0.8068,-1,-1,-1
314,24,1625.87,413.71,166.44,402.64,0.3581,-1,-1,-1
314,47,5.83,378.05,148.95,480.54,0.8539,-1,-1,-1
314,31,497.31,456.22,46.28,105.60,0.4150,-1,-1,-1
314,41,1192.51,439.64,44.22,111.36,0.5536,-1,-1,-1
314,40,733.41,481.37,50.56,116.43,0.4091,-1,-1,-1
315,11,1027.13,400.32,222.94,614.17,0.8600,-1,-1,-1
315,5,1748.74,421.22,176.02,517.85,0.7134,-1,-1,-1
315,22,1027.13,400.32,222.94,614.17,0.8600,-1,-1,-1
315,30,805.27,443.85,77.14,213.77,0.7223,-1,-1,-1
315,34,1748.74,421.22,176.02,517.85,0.7134,-1,-1,-1
315,26,868.60,417.70,161.13,534.57,0.8150,-1,-1,-1
315,39,1272.15,427.06,86.14,259.96,0.7805,-1,-1,-1
315,24,1629.29,417.09,201.83,448.55,0.4210,-1,-1,-1
315,47,13.35,382.72,173.22,477.80,0.8670,-1,-1,-1
315,31,497.44,454.65,45.47,106.56,0.4380,-1,-1,-1
315,41,1193.75,435.95,43.41,114.93,0.5378,-1,-1,-1
315,40,732.46,480.91,50.63,116.91,0.3644,-1,-1,-1
316,11,1032.58,401.10,215.95,612.42,0.8603,-1,-1,-1
316,5,1781.43,418.08,141.59,519.32,0.7921,-1,-1,-1
316,22,1032.58,401.10,215.95,612.42,0.8603,-1,-1,-1
316,30,806.13,444.02,79.06,214.83,0.6921,-1,-1,-1
316,34,1781.43,418.08,141.59,519.32,0.7921,-1,-1,-1
316,26,867.45,416.27,161.37,535.97,0.8042,-1,-1,-1
316,39,1270.98,427.64,75.86,260.93,0.7540,-1,-1,-1
316,24,1637.51,414.95,212.53,470.02,0.6290,-1,-1,-1
316,47,17.30,390.53,205.12,471.47,0.8802,-1,-1,-1
316,31,497.77,453.46,44.63,107.82,0.4586,-1,-1,-1
316,41,1195.11,435.86,44.74,115.06,0.6063,-1,-1,-1
316,40,731.46,481.16,51.20,116.20,0.3192,-1,-1,-1
317,11,1035.97,400.18,212.24,613.62,0.8566,-1,-1,-1
317,5,1799.03,416.38,123.43,518.96,0.7087,-1,-1,-1
317,22,1035.97,400.18,212.24,613.62,0.8566,-1,-1,-1
317,30,807.67,443.67,72.40,216.51,0.6837,-1,-1,-1
317,34,1799.03,416.38,123.43,518.96,0.7087,-1,-1,-1
317,26,866.09,417.10,164.88,534.67,0.8187,-1,-1,-1
317,39,1265.40,423.49,74.65,263.30,0.7735,-1,-1,-1
317,24,1646.16,410.75,206.91,475.96,0.5935,-1,-1,-1
317,47,18.51,392.50,235.26,469.82,0.8819,-1,-1,-1
317,31,497.93,451.88,43.54,109.56,0.4662,-1,-1,-1
317,41,1196.42,436.82,44.19,114.17,0.5819,-1,-1,-1
317,40,731.72,481.73,50.83,115.69,0.3407,-1,-1,-1
317,29,378.19,463.93,45.02,111.12,0.3878,-1,-1,-1
318,11,1039.07,399.97,209.62,613.13,0.8524,-1,-1,-1
318,5,1790.93,419.71,130.00,524.25,0.6354,-1,-1,-1
318,22,1039.07,399.97,209.62,613.13,0.8524,-1,-1,-1
318,30,808.70,443.61,70.35,216.71,0.6699,-1,-1,-1
318,34,1790.93,419.71,130.00,524.25,0.6354,-1,-1,-1
318,26,867.35,417.03,165.18,534.85,0.8161,-1,-1,-1
318,39,1258.12,427.14,77.76,259.08,0.7974,-1,-1,-1
318,24,1673.37,409.20,176.26,448.98,0.3693,-1,-1,-1
318,47,18.42,393.70,262.30,469.48,0.9009,-1,-1,-1
318,31,497.48,452.71,42.72,108.55,0.4918,-1,-1,-1
318,41,1198.67,437.20,44.76,112.68,0.5597,-1,-1,-1
318,40,731.07,481.60,51.15,115.65,0.3317,-1,-1,-1
318,29,377.60,463.33,45.62,110.95,0.3305,-1,-1,-1
319,11,1041.33,400.25,207.41,611.97,0.8536,-1,-1,-1
319,5,1809.83,416.85,111.01,525.60,0.6740,-1,-1,-1
319,22,1041.33,400.25,207.41,611.97,0.8536,-1,-1,-1
319,30,813.37,444.30,70.48,215.13,0.6716,-1,-1,-1
319,34,1775.30,415.89,146.21,515.32,0.5300,-1,-1,-1
319,26,866.68,416.38,166.46,535.53,0.8184,-1,-1,-1
319,39,1246.54,427.41,87.76,259.19,0.7734,-1,-1,-1
319,24,1705.86,403.70,147.33,448.78,0.4397,-1,-1,-1
319,47,18.63,393.70,278.53,469.95,0.8975,-1,-1,-1
319,31,496.85,453.54,41.79,107.84,0.4819,-1,-1,-1
319,41,1200.78,438.68,44.74,110.32,0.5845,-1,-1,-1
319,29,377.44,462.91,46.06,111.33,0.3381,-1,-1,-1
320,11,1044.83,401.15,203.30,610.79,0.8578,-1,-1,-1
320,5,1828.40,417.55,92.11,523.96,0.7308,-1,-1,-1
320,22,1044.83,401.15,203.30,610.79,0.8578,-1,-1,-1
320,30,816.11,444.96,72.13,214.49,0.6273,-1,-1,-1
320,34,1813.56,417.23,107.64,520.06,0.7308,-1,-1,-1
320,26,865.91,416.49,168.74,534.89,0.8259,-1,-1,-1
320,39,1233.92,433.56,100.35,254.20,0.7428,-1,-1,-1
320,24,1707.91,399.18,150.07,458.09,0.5107,-1,-1,-1
320,47,20.44,396.10,288.22,466.46,0.8933,-1,-1,-1
320,31,496.53,451.17,41.19,110.01,0.4491,-1,-1,-1
320,41,1202.83,440.36,44.29,108.29,0.4237,-1,-1,-1
321,11,1047.51,400.81,200.37,611.12,0.8621,-1,-1,-1
321,5,1844.20,425.31,75.99,516.37,0.7349,-1,-1,-1
321,22,1047.51,400.81,200.37,611.12,0.8621,-1,-1,-1
321,30,818.74,447.24,69.90,211.85,0.6443,-1,-1,-1
321,34,1840.08,425.20,80.36,514.93,0.7349,-1,-1,-1
321,26,867.37,417.04,166.45,534.34,0.8211,-1,-1,-1
321,39,1231.61,434.88,103.05,252.21,0.7711,-1,-1,-1
321,24,1716.10,399.99,147.93,449.50,0.5454,-1,-1,-1
321,47,22.15,397.35,293.00,464.28,0.8873,-1,-1,-1
321,31,495.60,448.91,40.54,112.15,0.4157,-1,-1,-1
321,41,1206.02,442.40,42.33,99.29,0.3210,-1,-1,-1
321,50,1437.92,435.25,43.21,114.31,0.5423,-1,-1,-1
322,11,1049.09,403.11,198.24,609.43,0.8586,-1,-1,-1
322,5,1856.32,427.30,63.54,513.66,0.6969,-1,-1,-1
322,22,1049.09,403.11,198.24,609.43,0.8586,-1,-1,-1
322,30,820.24,448.43,70.91,210.92,0.6700,-1,-1,-1
322,34,1855.39,427.29,64.53,513.15,0.6969,-1,-1,-1
322,26,868.15,416.78,164.42,534.59,0.8249,-1,-1,-1
322,39,1229.22,440.84,105.56,245.09,0.7585,-1,-1,-1
322,24,1728.97,395.60,143.95,451.99,0.5514,-1,-1,-1
322,47,24.63,399.28,298.24,456.35,0.8863,-1,-1,-1
322,31,493.84,446.81,41.73,114.48,0.4479,-1,-1,-1
322,50,1437.16,434.74,45.48,114.62,0.5468,-1,-1,-1
322,29,376.75,462.52,46.69,111.65,0.3768,-1,-1,-1
323,11,1051.15,402.51,195.55,609.53,0.8646,-1,-1,-1
323,5,1861.65,453.90,58.00,488.28,0.6180,-1,-1,-1
323,22,1051.15,402.51,195.55,609.53,0.8646,-1,-1,-1
323,30,821.14,451.67,73.19,207.50,0.6409,-1,-1,-1
323,34,1861.42,453.90,58.26,488.15,0.6180,-1,-1,-1
323,26,869.78,415.90,165.06,535.48,0.8171,-1,-1,-1
323,39,1228.44,441.26,103.15,243.48,0.7668,-1,-1,-1
323,24,1737.90,393.18,143.13,452.54,0.6870,-1,-1,-1
323,47,25.96,402.02,302.35,450.56,0.8895,-1,-1,-1
323,31,492.93,446.13,42.56,114.95,0.4655,-1,-1,-1
323,50,1436.91,437.67,50.10,111.13,0.4975,-1,-1,-1
323,29,376.58,462.85,46.65,111.50,0.4026,-1,-1,-1
324,11,1054.46,400.51,192.21,611.65,0.8561,-1,-1,-1
324,5,1862.75,450.47,56.82,493.41,0.5790,-1,-1,-1
324,22,1054.46,400.51,192.21,611.65,0.8561,-1,-1,-1
324,30,821.67,455.61,74.21,203.12,0.6246,-1,-1,-1
324,34,1862.64,450.49,56.94,493.40,0.5790,-1,-1,-1
324,26,871.70,415.97,164.61,535.51,0.8081,-1,-1,-1
324,39,1222.59,439.17,103.87,245.70,0.7490,-1,-1,-1
324,24,1748.52,392.48,141.86,454.86,0.6026,-1,-1,-1
324,47,31.06,403.63,299.86,444.86,0.8971,-1,-1,-1
324,31,492.09,446.30,42.94,114.76,0.4751,-1,-1,-1
324,50,1439.21,440.51,52.00,108.25,0.5526,-1,-1,-1
324,29,376.65,463.73,46.28,110.71,0.4078,-1,-1,-1
325,11,1056.53,398.79,190.82,613.34,0.8534,-1,-1,-1
325,5,1865.04,416.53,54.52,525.75,0.5327,-1,-1,-1
325,22,1056.53,398.79,190.82,613.34,0.8534,-1,-1,-1
325,30,825.53,447.23,76.00,213.81,0.4450,-1,-1,-1
325,34,1864.98,416.57,54.60,525.76,0.5327,-1,-1,-1
325,26,873.72,415.52,163.22,535.85,0.8059,-1,-1,-1
325,39,1217.78,442.86,102.87,241.51,0.6805,-1,-1,-1
325,24,1758.23,391.63,152.62,467.56,0.5507,-1,-1,-1
325,47,39.65,403.36,292.55,443.89,0.9014,-1,-1,-1
325,31,491.84,446.46,42.41,115.47,0.4747,-1,-1,-1
325,50,1443.41,440.11,51.82,108.05,0.5735,-1,-1,-1
325,29,376.30,464.09,47.18,110.50,0.4266,-1,-1,-1
326,11,1057.68,398.50,190.50,613.96,0.8585,-1,-1,-1
326,22,1057.68,398.50,190.50,613.96,0.8585,-1,-1,-1
326,30,828.26,442.35,79.90,220.49,0.3754,-1,-1,-1
326,34,1863.08,410.46,56.35,532.86,0.3078,-1,-1,-1
326,26,875.28,415.69,162.22,535.88,0.7935,-1,-1,-1
326,39,1212.33,451.89,98.88,229.55,0.5432,-1,-1,-1
326,24,1765.11,393.16,154.62,493.93,0.6152,-1,-1,-1
326,47,54.09,403.64,278.08,440.62,0.8901,-1,-1,-1
326,31,490.64,445.62,43.64,116.26,0.4506,-1,-1,-1
326,50,1446.29,441.52,50.92,106.93,0.5909,-1,-1,-1
326,29,376.65,465.34,46.98,109.71,0.4036,-1,-1,-1
327,11,1058.27,396.50,190.23,616.59,0.8636,-1,-1,-1
327,22,1058.27,396.50,190.23,616.59,0.8636,-1,-1,-1
327,30,841.27,442.95,67.81,166.03,0.3474,-1,-1,-1
327,26,878.61,416.66,158.84,534.84,0.7847,-1,-1,-1
327,39,1207.02,439.31,74.76,202.75,0.4017,-1,-1,-1
327,24,1770.33,392.15,152.55,525.73,0.7193,-1,-1,-1
327,47,76.77,402.07,254.61,438.35,0.8739,-1,-1,-1
327,31,489.80,445.25,43.57,116.34,0.5024,-1,-1,-1
327,50,1448.01,441.83,52.91,106.48,0.5941,-1,-1,-1
327,29,376.38,466.35,47.72,108.58,0.4009,-1,-1,-1
328,11,1058.24,395.97,191.45,617.51,0.8601,-1,-1,-1
328,22,1058.24,395.97,191.45,617.51,0.8601,-1,-1,-1
328,30,852.41,444.57,59.00,137.64,0.3224,-1,-1,-1
328,26,879.73,415.95,157.71,535.79,0.7552,-1,-1,-1
328,39,1202.16,442.74,78.93,218.96,0.3384,-1,-1,-1
328,24,1771.80,389.02,151.81,545.66,0.7893,-1,-1,-1
328,47,98.13,394.15,233.04,439.15,0.8824,-1,-1,-1
328,31,489.67,448.79,42.05,112.84,0.3990,-1,-1,-1
328,50,1452.24,442.59,48.35,105.28,0.6212,-1,-1,-1
328,29,377.10,466.92,47.54,108.51,0.4547,-1,-1,-1
328,40,733.73,484.79,48.94,112.49,0.3388,-1,-1,-1
329,11,1058.27,398.10,191.79,615.99,0.8602,-1,-1,-1
329,22,1058.27,398.10,191.79,615.99,0.8602,-1,-1,-1
329,26,876.04,417.42,161.98,535.85,0.7764,-1,-1,-1
329,24,1770.25,393.19,153.42,547.10,0.8197,-1,-1,-1
329,47,120.68,392.05,208.99,435.05,0.8310,-1,-1,-1
329,31,489.60,452.06,42.11,109.72,0.3902,-1,-1,-1
329,50,1456.80,442.00,42.91,104.13,0.5397,-1,-1,-1
329,29,377.24,467.09,47.50,107.92,0.4087,-1,-1,-1
329,40,733.62,484.52,49.13,113.33,0.3471,-1,-1,-1
330,11,1058.32,396.81,191.70,617.53,0.8641,-1,-1,-1
330,22,1058.32,396.81,191.70,617.53,0.8641,-1,-1,-1
330,26,870.87,418.98,168.79,534.14,0.8043,-1,-1,-1
330,24,1769.85,395.52,153.65,541.24,0.7419,-1,-1,-1
330,47,145.22,396.90,182.48,427.24,0.8070,-1,-1,-1
330,31,488.97,452.48,42.55,109.36,0.4432,-1,-1,-1
330,50,1460.25,441.52,39.68,103.36,0.4589,-1,-1,-1
330,29,377.60,466.75,47.02,107.55,0.4268,-1,-1,-1
330,40,734.85,484.87,47.67,112.58,0.3623,-1,-1,-1
331,11,1058.52,395.74,193.06,618.57,0.8648,-1,-1,-1
331,22,1058.52,395.74,193.06,618.57,0.8648,-1,-1,-1
331,26,869.47,419.94,171.45,532.92,0.8023,-1,-1,-1
331,24,1769.92,392.46,153.19,490.56,0.7402,-1,-1,-1
331,47,172.24,394.16,156.12,428.93,0.7996,-1,-1,-1
331,31,488.05,452.97,42.93,109.03,0.3923,-1,-1,-1
331,50,1464.02,440.88,37.78,104.44,0.5807,-1,-1,-1
331,29,377.29,465.80,47.33,108.33,0.4194,-1,-1,-1
331,40,734.82,483.93,47.27,113.88,0.3462,-1,-1,-1
332,11,1059.16,396.34,193.63,618.78,0.8638,-1,-1,-1
332,22,1059.16,396.34,193.63,618.78,0.8638,-1,-1,-1
332,26,870.91,420.23,173.92,532.45,0.8235,-1,-1,-1
332,24,1770.54,393.62,152.35,469.81,0.7845,-1,-1,-1
332,47,199.86,392.70,137.07,430.39,0.7746,-1,-1,-1
332,31,488.64,451.41,41.78,110.78,0.4045,-1,-1,-1
332,50,1467.03,440.24,39.43,105.94,0.5810,-1,-1,-1
332,29,377.67,463.58,47.25,111.81,0.4431,-1,-1,-1
332,40,736.19,484.25,46.55,113.61,0.3067,-1,-1,-1
333,11,1059.94,396.99,194.71,618.08,0.8717,-1,-1,-1
333,22,1059.94,396.99,194.71,618.08,0.8717,-1,-1,-1
333,26,871.70,419.78,175.67,532.93,0.8293,-1,-1,-1
333,24,1770.55,393.87,152.00,464.08,0.7828,-1,-1,-1
333,47,217.89,390.63,132.71,432.44,0.7506,-1,-1,-1
333,31,490.26,452.53,40.37,109.34,0.3880,-1,-1,-1
333,50,1471.03,440.38,38.65,104.48,0.5667,-1,-1,-1
333,40,738.19,482.39,45.46,115.91,0.3096,-1,-1,-1
333,51,0.39,592.19,109.74,197.47,0.3765,-1,-1,-1
334,11,1061.02,396.68,193.59,618.44,0.8759,-1,-1,-1
334,22,1061.02,396.68,193.59,618.44,0.8759,-1,-1,-1
334,26,872.43,420.14,176.76,532.48,0.8306,-1,-1,-1
334,24,1775.61,392.44,146.52,462.95,0.6611,-1,-1,-1
334,47,226.18,398.90,141.18,423.59,0.7155,-1,-1,-1
334,31,490.95,453.12,39.45,108.64,0.3498,-1,-1,-1
334,50,1472.88,440.36,37.55,105.64,0.4882,-1,-1,-1
334,40,739.07,482.34,45.57,116.24,0.3453,-1,-1,-1
334,51,0.51,484.50,126.56,306.80,0.6673,-1,-1,-1
335,11,1061.43,396.74,192.01,617.58,0.8784,-1,-1,-1
335,22,1061.43,396.74,192.01,617.58,0.8784,-1,-1,-1
335,26,872.63,419.57,177.53,532.92,0.8365,-1,-1,-1
335,24,1780.90,402.89,140.83,453.82,0.6198,-1,-1,-1
335,47,206.98,414.69,177.76,407.25,0.7268,-1,-1,-1
335,31,490.35,449.93,40.02,112.43,0.4444,-1,-1,-1
335,50,1474.27,439.02,38.25,106.53,0.5404,-1,-1,-1
335,40,739.00,481.51,45.45,117.81,0.3815,-1,-1,-1
335,51,0.43,449.56,139.67,337.41,0.6943,-1,-1,-1
336,11,1060.69,396.62,192.43,617.51,0.8792,-1,-1,-1
336,22,1060.69,396.62,192.43,617.51,0.8792,-1,-1,-1
336,26,873.13,420.45,175.65,532.07,0.8423,-1,-1,-1
336,24,1789.18,429.24,132.21,429.17,0.5103,-1,-1,-1
336,47,209.52,414.97,189.18,404.55,0.6275,-1,-1,-1
336,31,489.11,447.92,40.22,113.37,0.4384,-1,-1,-1
336,50,1475.60,438.17,37.41,106.61,0.5231,-1,-1,-1
336,40,737.45,482.67,46.53,116.28,0.3300,-1,-1,-1
336,51,0.31,429.26,147.05,358.50,0.8055,-1,-1,-1
337,11,1060.79,397.05,194.21,617.54,0.8804,-1,-1,-1
337,22,1060.79,397.05,194.21,617.54,0.8804,-1,-1,-1
337,26,873.96,419.70,174.51,532.89,0.8340,-1,-1,-1
337,24,1803.33,436.43,117.51,421.94,0.3927,-1,-1,-1
337,47,222.51,424.55,194.70,398.00,0.7152,-1,-1,-1
337,50,1476.22,436.70,39.09,108.95,0.5355,-1,-1,-1
337,40,735.84,482.98,47.12,116.98,0.3872,-1,-1,-1
337,51,0.33,423.50,151.70,363.23,0.8235,-1,-1,-1
338,11,1061.18,397.22,195.63,617.17,0.8735,-1,-1,-1
338,22,1061.18,397.22,195.63,617.17,0.8735,-1,-1,-1
338,26,874.85,418.73,175.76,534.27,0.8205,-1,-1,-1
338,47,229.40,435.56,209.69,387.38,0.7954,-1,-1,-1
338,50,1478.92,436.19,40.58,109.46,0.5944,-1,-1,-1
338,40,735.23,483.41,47.48,116.77,0.3672,-1,-1,-1
338,51,0.53,428.05,152.34,357.70,0.8322,-1,-1,-1
339,11,1062.30,396.68,193.63,617.45,0.8826,-1,-1,-1
339,22,1062.30,396.68,193.63,617.45,0.8826,-1,-1,-1
339,26,875.47,418.42,173.68,534.79,0.8225,-1,-1,-1
339,47,236.89,415.61,215.08,406.97,0.8186,-1,-1,-1
339,50,1481.53,436.94,41.63,108.80,0.5212,-1,-1,-1
339,40,736.45,484.73,46.08,114.92,0.4454,-1,-1,-1
339,51,0.60,429.46,153.11,355.62,0.8346,-1,-1,-1
340,11,1062.76,398.11,194.37,615.67,0.8841,-1,-1,-1
340,22,1062.76,398.11,194.37,615.67,0.8841,-1,-1,-1
340,26,876.91,418.24,170.82,534.87,0.8207,-1,-1,-1
340,47,237.27,409.03,224.30,413.90,0.8486,-1,-1,-1
340,50,1484.11,436.82,41.13,109.30,0.4269,-1,-1,-1
340,40,736.83,484.98,45.23,114.27,0.4510,-1,-1,-1
340,51,0.61,429.11,151.97,356.70,0.8386,-1,-1,-1
340,54,679.90,491.67,49.31,112.50,0.3513,-1,-1,-1
341,11,1063.80,401.46,194.20,612.36,0.8853,-1,-1,-1
341,22,1063.80,401.46,194.20,612.36,0.8853,-1,-1,-1
341,26,878.12,418.02,169.27,534.73,0.8211,-1,-1,-1
341,47,241.56,423.24,223.00,398.97,0.8177,-1,-1,-1
341,40,736.57,483.95,45.03,115.21,0.4488,-1,-1,-1
341,51,0.41,425.99,152.64,359.11,0.8458,-1,-1,-1
341,54,679.41,491.94,49.35,111.73,0.3518,-1,-1,-1
342,11,1065.33,400.75,195.97,612.72,0.8778,-1,-1,-1
342,22,1065.33,400.75,195.97,612.72,0.8778,-1,-1,-1
342,26,881.42,421.56,171.29,530.99,0.8177,-1,-1,-1
342,47,243.33,430.46,224.24,390.62,0.8160,-1,-1,-1
342,40,737.88,483.65,43.86,115.06,0.4756,-1,-1,-1
342,51,0.87,429.11,153.30,355.50,0.8341,-1,-1,-1
342,54,679.27,489.93,50.19,114.04,0.3740,-1,-1,-1
343,11,1065.62,400.93,194.47,612.54,0.8819,-1,-1,-1
343,22,1065.62,400.93,194.47,612.54,0.8819,-1,-1,-1
343,26,884.12,422.85,169.51,529.70,0.8164,-1,-1,-1
343,47,245.33,431.50,221.90,388.57,0.8163,-1,-1,-1
343,40,738.24,484.71,44.63,113.93,0.4109,-1,-1,-1
343,51,0.68,426.00,153.19,361.95,0.7919,-1,-1,-1
343,54,677.39,489.06,53.19,113.79,0.3025,-1,-1,-1
344,11,1066.15,400.07,194.83,613.56,0.8784,-1,-1,-1
344,22,1066.15,400.07,194.83,613.56,0.8784,-1,-1,-1
344,26,886.37,424.03,168.20,528.34,0.8186,-1,-1,-1
344,47,247.76,419.28,218.52,399.03,0.8111,-1,-1,-1
344,40,737.33,484.96,45.93,114.34,0.4691,-1,-1,-1
344,51,6.77,427.28,146.59,359.60,0.7778,-1,-1,-1
344,54,676.55,488.12,54.76,115.48,0.3694,-1,-1,-1
345,11,1066.44,400.76,197.52,612.31,0.8807,-1,-1,-1
345,22,1066.44,400.76,197.52,612.31,0.8807,-1,-1,-1
345,26,888.89,424.24,165.54,527.68,0.8060,-1,-1,-1
345,47,250.85,411.29,214.08,405.90,0.8543,-1,-1,-1
345,40,735.32,484.09,48.44,114.69,0.3776,-1,-1,-1
345,51,11.42,426.83,143.05,360.76,0.8136,-1,-1,-1
345,54,677.85,489.17,53.94,114.84,0.3227,-1,-1,-1
346,11,1066.90,400.51,196.96,612.99,0.8778,-1,-1,-1
346,22,1066.90,400.51,196.96,612.99,0.8778,-1,-1,-1
346,26,890.13,424.28,167.27,527.22,0.8131,-1,-1,-1
346,47,260.17,404.75,203.81,410.97,0.8381,-1,-1,-1
346,40,734.14,483.28,50.08,115.55,0.4087,-1,-1,-1
346,51,30.17,429.62,129.24,356.48,0.8019,-1,-1,-1
346,54,676.60,491.56,54.74,113.37,0.3186,-1,-1,-1
347,11,1067.57,402.23,198.20,611.66,0.8740,-1,-1,-1
347,22,1067.57,402.23,198.20,611.66,0.8740,-1,-1,-1
347,26,891.53,424.38,168.26,526.88,0.8082,-1,-1,-1
347,47,271.21,402.82,193.12,413.62,0.8134,-1,-1,-1
347,40,733.68,483.96,50.33,115.04,0.3355,-1,-1,-1
347,51,47.59,432.75,123.16,350.57,0.8049,-1,-1,-1
347,54,673.17,489.29,57.65,117.83,0.3352,-1,-1,-1
348,11,1067.55,400.35,199.97,613.35,0.8732,-1,-1,-1
348,22,1067.55,400.35,199.97,613.35,0.8732,-1,-1,-1
348,26,895.21,423.67,162.03,527.23,0.8009,-1,-1,-1
348,47,287.61,405.72,178.63,409.23,0.7897,-1,-1,-1
348,40,731.79,482.23,52.90,116.08,0.3808,-1,-1,-1
348,51,53.73,431.13,128.31,351.83,0.6843,-1,-1,-1
349,11,1067.53,401.69,201.13,612.30,0.8727,-1,-1,-1
349,22,1067.53,401.69,201.13,612.30,0.8727,-1,-1,-1
349,26,898.30,422.65,159.56,528.47,0.8063,-1,-1,-1
349,47,298.27,401.90,163.57,405.47,0.8059,-1,-1,-1
349,51,47.73,430.19,143.61,352.96,0.5196,-1,-1,-1
350,11,1067.07,400.39,201.40,613.34,0.8741,-1,-1,-1
350,22,1067.07,400.39,201.40,613.34,0.8741,-1,-1,-1
350,26,899.22,421.87,161.99,529.31,0.8088,-1,-1,-1
350,47,313.87,398.57,147.40,406.13,0.8003,-1,-1,-1
350,51,66.89,432.20,141.56,351.17,0.7809,-1,-1,-1
350,31,474.83,444.03,53.50,117.87,0.4957,-1,-1,-1
351,11,1066.94,399.96,199.83,613.91,0.8754,-1,-1,-1
351,22,1066.94,399.96,199.83,613.91,0.8754,-1,-1,-1
351,26,899.51,421.81,163.12,528.96,0.8006,-1,-1,-1
351,47,337.80,392.27,124.60,407.70,0.7794,-1,-1,-1
351,51,70.16,434.10,165.89,349.16,0.8102,-1,-1,-1
351,55,0.57,503.20,52.53,351.16,0.5302,-1,-1,-1
351,31,475.63,445.94,52.16,115.85,0.4334,-1,-1,-1
352,11,1066.38,400.47,201.22,613.59,0.8788,-1,-1,-1
352,22,1066.38,400.47,201.22,613.59,0.8788,-1,-1,-1
352,26,900.30,422.38,163.28,527.83,0.7986,-1,-1,-1
352,47,356.66,394.60,112.31,403.46,0.7255,-1,-1,-1
352,51,72.94,433.70,184.63,348.55,0.8393,-1,-1,-1
352,55,0.55,505.88,59.64,349.49,0.5709,-1,-1,-1
352,31,476.18,445.67,51.42,115.85,0.4013,-1,-1,-1
353,11,1065.70,400.31,201.14,614.00,0.8772,-1,-1,-1
353,22,1065.70,400.31,201.14,614.00,0.8772,-1,-1,-1
353,26,900.78,421.67,162.03,527.64,0.8014,-1,-1,-1
353,47,369.60,408.40,109.25,390.43,0.5818,-1,-1,-1
353,51,78.58,432.89,198.46,349.64,0.8507,-1,-1,-1
353,55,0.46,507.07,70.12,349.21,0.6885,-1,-1,-1
354,11,1065.58,399.47,201.50,614.92,0.8736,-1,-1,-1
354,22,1065.58,399.47,201.50,614.92,0.8736,-1,-1,-1
354,26,901.50,421.85,163.86,527.60,0.7947,-1,-1,-1
354,47,369.93,402.03,119.27,397.85,0.5877,-1,-1,-1
354,51,83.77,433.44,206.69,348.95,0.8238,-1,-1,-1
354,55,0.66,501.19,79.72,353.03,0.6867,-1,-1,-1
355,11,1066.06,400.17,199.78,613.94,0.8756,-1,-1,-1
355,22,1066.06,400.17,199.78,613.94,0.8756,-1,-1,-1
355,26,901.95,421.87,164.79,526.53,0.7720,-1,-1,-1
355,47,387.27,400.49,114.10,397.25,0.5043,-1,-1,-1
355,51,87.18,436.20,210.35,342.24,0.8583,-1,-1,-1
355,55,0.69,476.39,102.31,376.79,0.7159,-1,-1,-1
355,40,735.91,484.67,45.58,113.29,0.3879,-1,-1,-1
356,11,1066.11,401.10,198.94,613.58,0.8681,-1,-1,-1
356,22,1066.11,401.10,198.94,613.58,0.8681,-1,-1,-1
356,26,903.48,421.93,161.58,524.74,0.7564,-1,-1,-1
356,47,365.74,401.67,149.57,396.06,0.6156,-1,-1,-1
356,51,97.49,437.09,203.29,336.49,0.8343,-1,-1,-1
356,55,0.69,456.66,136.10,396.16,0.8015,-1,-1,-1
356,40,738.48,486.22,42.56,112.36,0.4021,-1,-1,-1
357,11,1066.23,399.96,202.59,614.84,0.8535,-1,-1,-1
357,22,1066.23,399.96,202.59,614.84,0.8535,-1,-1,-1
357,26,904.60,421.75,158.70,523.15,0.7652,-1,-1,-1
357,47,364.48,403.97,174.36,395.27,0.6801,-1,-1,-1
357,51,110.23,436.34,192.03,332.81,0.8122,-1,-1,-1
357,55,0.74,450.01,166.75,406.31,0.8445,-1,-1,-1
358,11,1066.75,400.21,203.74,614.56,0.8522,-1,-1,-1
358,22,1066.75,400.21,203.74,614.56,0.8522,-1,-1,-1
358,26,904.68,419.84,158.20,524.05,0.7858,-1,-1,-1
358,47,384.25,401.67,175.42,395.51,0.6521,-1,-1,-1
358,51,124.19,436.31,177.79,331.17,0.8109,-1,-1,-1
358,55,0.67,449.03,194.75,407.07,0.8560,-1,-1,-1
358,40,736.57,484.51,44.88,114.98,0.3778,-1,-1,-1
359,11,1067.14,399.51,204.88,615.12,0.8521,-1,-1,-1
359,22,1067.14,399.51,204.88,615.12,0.8521,-1,-1,-1
359,26,906.96,419.59,155.79,523.85,0.7899,-1,-1,-1
359,47,393.62,405.25,182.94,393.20,0.8121,-1,-1,-1
359,51,133.57,434.82,168.10,332.33,0.8211,-1,-1,-1
359,55,0.44,444.38,208.55,410.66,0.8451,-1,-1,-1
359,58,1045.86,429.77,65.62,213.47,0.4374,-1,-1,-1
359,40,735.93,483.59,46.08,116.23,0.3857,-1,-1,-1
360,11,1067.04,400.57,206.90,614.30,0.8503,-1,-1,-1
360,22,1067.04,400.57,206.90,614.30,0.8503,-1,-1,-1
360,26,908.54,419.94,157.58,522.99,0.7899,-1,-1,-1
360,47,399.16,409.21,189.49,388.99,0.8066,-1,-1,-1
360,51,143.99,435.21,158.51,328.87,0.7773,-1,-1,-1
360,55,0.33,443.66,218.55,410.70,0.8746,-1,-1,-1
360,40,736.96,486.17,45.05,113.86,0.3582,-1,-1,-1
361,11,1066.95,401.77,208.76,612.94,0.8539,-1,-1,-1
361,22,1066.95,401.77,208.76,612.94,0.8539,-1,-1,-1
361,26,909.14,419.37,158.17,520.55,0.7993,-1,-1,-1
361,47,399.28,406.67,199.64,391.42,0.8432,-1,-1,-1
361,51,164.69,434.80,138.26,328.62,0.7521,-1,-1,-1
361,55,0.14,441.74,225.59,411.62,0.8765,-1,-1,-1
362,11,1067.87,402.17,209.22,612.65,0.8602,-1,-1,-1
362,22,1067.87,402.17,209.22,612.65,0.8602,-1,-1,-1
362,26,909.53,417.48,160.08,519.88,0.8061,-1,-1,-1
362,47,398.76,406.59,204.20,392.02,0.8476,-1,-1,-1
362,51,174.23,437.91,126.70,326.17,0.6725,-1,-1,-1
362,55,0.13,442.31,235.00,412.11,0.8540,-1,-1,-1
363,11,1068.09,401.82,209.40,612.85,0.8537,-1,-1,-1
363,22,1068.09,401.82,209.40,612.85,0.8537,-1,-1,-1
363,26,912.51,418.88,161.17,517.55,0.8019,-1,-1,-1
363,47,395.60,409.85,209.22,388.42,0.8393,-1,-1,-1
363,51,182.97,437.66,116.84,327.38,0.7535,-1,-1,-1
363,55,0.03,443.62,237.26,409.89,0.8441,-1,-1,-1
363,50,1540.98,426.10,40.83,118.52,0.3511,-1,-1,-1
363,40,732.94,482.91,47.84,115.83,0.3878,-1,-1,-1
364,11,1068.28,401.59,210.68,613.14,0.8541,-1,-1,-1
364,22,1068.28,401.59,210.68,613.14,0.8541,-1,-1,-1
364,26,914.62,414.63,160.59,520.12,0.8270,-1,-1,-1
364,47,396.56,413.82,207.98,384.56,0.8503,-1,-1,-1
364,51,195.71,440.69,104.25,323.65,0.7325,-1,-1,-1
364,55,0.20,439.83,237.13,410.91,0.8534,-1,-1,-1
364,50,1543.20,426.16,40.67,118.55,0.3539,-1,-1,-1
364,40,732.83,482.87,48.11,116.04,0.4333,-1,-1,-1
365,11,1068.32,402.49,210.46,611.81,0.8523,-1,-1,-1
365,22,1068.32,402.49,210.46,611.81,0.8523,-1,-1,-1
365,26,916.59,413.14,160.18,521.12,0.8190,-1,-1,-1
365,47,396.21,413.09,207.64,384.83,0.8574,-1,-1,-1
365,51,203.23,438.25,101.81,326.31,0.7416,-1,-1,-1
365,55,1.48,439.76,239.02,411.85,0.8604,-1,-1,-1
365,40,733.38,481.80,47.98,117.57,0.4255,-1,-1,-1
366,11,1068.33,400.52,209.80,614.16,0.8473,-1,-1,-1
366,22,1068.33,400.52,209.80,614.16,0.8473,-1,-1,-1
366,26,919.01,412.10,159.97,522.62,0.8290,-1,-1,-1
366,47,398.02,411.86,205.53,382.48,0.8217,-1,-1,-1
366,51,209.06,435.97,102.12,328.26,0.7750,-1,-1,-1
366,55,3.15,440.43,238.62,409.27,0.8590,-1,-1,-1
366,40,733.23,481.99,46.89,116.93,0.4096,-1,-1,-1
367,11,1068.51,400.96,211.75,613.96,0.8217,-1,-1,-1
367,22,1068.51,400.96,211.75,613.96,0.8217,-1,-1,-1
367,26,921.99,410.72,157.97,524.45,0.8251,-1,-1,-1
367,47,400.16,406.92,199.79,385.10,0.8419,-1,-1,-1
367,51,218.33,436.04,105.00,327.91,0.7568,-1,-1,-1
367,55,21.00,440.26,220.38,400.16,0.7861,-1,-1,-1
367,40,732.27,481.60,46.66,117.14,0.4559,-1,-1,-1
368,11,1068.38,399.43,217.62,615.53,0.7878,-1,-1,-1
368,22,1068.38,399.43,217.62,615.53,0.7878,-1,-1,-1
368,26,924.53,409.69,156.31,525.28,0.8196,-1,-1,-1
368,47,402.49,398.71,194.48,390.50,0.8463,-1,-1,-1
368,51,227.41,437.35,116.12,327.12,0.7362,-1,-1,-1
368,55,44.67,436.46,193.19,394.42,0.7832,-1,-1,-1
368,40,731.45,481.70,47.23,116.86,0.4664,-1,-1,-1
369,11,1069.02,400.07,221.78,614.99,0.7464,-1,-1,-1
369,22,1069.02,400.07,221.78,614.99,0.7464,-1,-1,-1
369,26,926.13,413.43,155.53,519.96,0.8221,-1,-1,-1
369,47,407.75,396.51,187.09,392.15,0.8534,-1,-1,-1
369,51,234.60,435.01,131.21,329.33,0.8105,-1,-1,-1
369,55,75.66,433.09,161.68,393.13,0.7699,-1,-1,-1
369,40,731.37,482.23,47.47,116.27,0.4192,-1,-1,-1
370,11,1069.03,398.04,221.25,616.89,0.7956,-1,-1,-1
370,22,1069.03,398.04,221.25,616.89,0.7956,-1,-1,-1
370,26,928.94,415.53,156.69,519.79,0.8015,-1,-1,-1
370,47,414.41,404.20,179.39,385.47,0.8348,-1,-1,-1
370,51,241.15,434.47,146.37,331.75,0.8302,-1,-1,-1
370,55,105.73,434.10,132.88,388.50,0.8106,-1,-1,-1
370,40,730.95,481.14,47.55,117.34,0.4012,-1,-1,-1
371,11,1069.61,397.90,215.20,616.71,0.7180,-1,-1,-1
371,22,1069.61,397.90,215.20,616.71,0.7180,-1,-1,-1
371,26,932.51,415.58,155.75,520.57,0.7966,-1,-1,-1
371,47,426.54,402.16,168.86,386.79,0.8319,-1,-1,-1
371,51,244.24,432.73,159.47,331.18,0.8393,-1,-1,-1
371,55,128.05,438.24,122.07,382.14,0.7982,-1,-1,-1
371,40,730.21,481.29,48.27,117.85,0.3855,-1,-1,-1
372,11,1070.40,397.40,215.96,616.72,0.8192,-1,-1,-1
372,22,1070.40,397.40,215.96,616.72,0.8192,-1,-1,-1
372,26,935.40,415.58,154.95,520.64,0.7960,-1,-1,-1
372,47,439.06,418.09,155.76,363.90,0.7976,-1,-1,-1
372,51,245.07,434.39,167.85,327.75,0.8181,-1,-1,-1
372,55,137.35,437.57,120.90,382.22,0.7600,-1,-1,-1
372,40,730.71,481.96,46.98,116.76,0.3725,-1,-1,-1
373,11,1070.87,397.17,218.37,617.19,0.8388,-1,-1,-1
373,22,1070.87,397.17,218.37,617.19,0.8388,-1,-1,-1
373,26,938.02,416.19,154.59,520.99,0.7949,-1,-1,-1
373,47,457.05,406.09,145.46,370.66,0.8000,-1,-1,-1
373,51,253.08,435.27,164.53,321.73,0.8037,-1,-1,-1
373,55,147.11,435.03,138.52,383.51,0.8091,-1,-1,-1
373,40,731.60,482.51,47.04,115.23,0.3941,-1,-1,-1
373,59,0.34,491.88,46.26,316.20,0.6280,-1,-1,-1
374,11,1071.61,397.75,218.39,616.49,0.8101,-1,-1,-1
374,22,1071.61,397.75,218.39,616.49,0.8101,-1,-1,-1
374,26,942.79,416.74,152.05,519.82,0.7884,-1,-1,-1
374,47,470.96,402.34,139.66,370.30,0.7729,-1,-1,-1
374,51,264.77,440.31,157.83,307.41,0.7792,-1,-1,-1
374,55,156.48,431.84,144.70,385.41,0.7267,-1,-1,-1
374,40,732.59,480.68,47.46,117.40,0.3959,-1,-1,-1
374,59,0.81,491.58,49.87,316.89,0.7028,-1,-1,-1
375,11,1071.53,399.27,219.23,614.49,0.7952,-1,-1,-1
375,22,1071.53,399.27,219.23,614.49,0.7952,-1,-1,-1
375,26,942.82,414.19,152.70,521.13,0.7755,-1,-1,-1
375,47,481.68,406.68,140.51,364.37,0.7130,-1,-1,-1
375,51,277.09,449.09,147.15,297.92,0.7432,-1,-1,-1
375,55,160.93,432.93,167.07,383.52,0.8168,-1,-1,-1
375,40,733.16,480.16,47.52,118.44,0.3844,-1,-1,-1
375,59,0.63,487.36,57.86,324.44,0.6592,-1,-1,-1
376,11,1071.42,399.60,221.16,613.60,0.8089,-1,-1,-1
376,22,1071.42,399.60,221.16,613.60,0.8089,-1,-1,-1
376,26,944.52,416.76,150.03,521.15,0.7739,-1,-1,-1
376,47,488.51,404.53,140.83,364.07,0.6941,-1,-1,-1
376,51,278.35,439.70,147.34,307.67,0.7427,-1,-1,-1
376,55,160.18,436.08,186.37,379.98,0.7683,-1,-1,-1
376,40,731.41,479.32,48.61,119.72,0.3216,-1,-1,-1
376,59,0.34,481.61,69.66,330.84,0.7805,-1,-1,-1
377,11,1071.12,400.44,224.45,613.83,0.8126,-1,-1,-1
377,22,1071.12,400.44,224.45,613.83,0.8126,-1,-1,-1
377,26,946.18,417.32,151.97,521.19,0.7969,-1,-1,-1
377,47,490.47,400.71,143.65,367.39,0.7360,-1,-1,-1
377,51,283.74,441.41,144.88,306.21,0.7062,-1,-1,-1
377,55,158.54,439.11,204.05,377.29,0.7978,-1,-1,-1
377,40,731.22,480.85,47.87,118.69,0.3288,-1,-1,-1
377,59,0.05,451.78,95.03,358.64,0.7790,-1,-1,-1
378,11,1071.59,399.29,223.48,615.54,0.7753,-1,-1,-1
378,22,1071.59,399.29,223.48,615.54,0.7753,-1,-1,-1
378,26,946.45,413.31,155.56,522.80,0.7803,-1,-1,-1
378,47,494.83,396.46,147.22,373.16,0.7882,-1,-1,-1
378,51,292.46,440.64,136.52,309.25,0.6757,-1,-1,-1
378,55,159.18,440.09,211.84,376.33,0.8199,-1,-1,-1
378,40,731.49,482.05,46.68,116.04,0.3463,-1,-1,-1
378,59,0.05,436.66,125.62,373.44,0.8290,-1,-1,-1
379,11,1071.21,397.29,222.26,617.05,0.8308,-1,-1,-1
379,22,1071.21,397.29,222.26,617.05,0.8308,-1,-1,-1
379,26,946.31,411.29,156.68,523.83,0.8145,-1,-1,-1
379,47,500.60,396.75,157.71,373.74,0.7934,-1,-1,-1
379,51,309.58,439.46,119.02,309.46,0.6842,-1,-1,-1
379,55,159.01,441.35,216.34,374.89,0.8248,-1,-1,-1
379,40,731.71,482.04,45.42,116.09,0.3898,-1,-1,-1
379,59,0.06,431.08,138.48,377.39,0.8212,-1,-1,-1
380,11,1071.61,395.62,221.16,618.46,0.8256,-1,-1,-1
380,22,1071.61,395.62,221.16,618.46,0.8256,-1,-1,-1
380,26,946.81,407.65,159.11,526.40,0.8113,-1,-1,-1
380,47,505.76,398.64,163.36,372.00,0.6396,-1,-1,-1
380,51,321.95,444.46,102.99,306.52,0.6354,-1,-1,-1
380,55,160.64,443.04,221.47,371.67,0.8375,-1,-1,-1
380,40,731.29,480.62,43.98,116.80,0.3589,-1,-1,-1
380,59,0.33,428.57,157.49,378.68,0.7752,-1,-1,-1
381,11,1072.19,393.92,217.43,620.34,0.7992,-1,-1,-1
381,22,1072.19,393.92,217.43,620.34,0.7992,-1,-1,-1
381,26,950.93,411.25,157.29,525.49,0.7699,-1,-1,-1
381,47,516.13,405.60,149.86,365.41,0.5870,-1,-1,-1
381,51,324.92,442.21,98.53,309.73,0.7058,-1,-1,-1
381,55,158.60,444.12,226.57,367.27,0.8609,-1,-1,-1
381,40,730.74,479.68,46.45,118.68,0.3084,-1,-1,-1
381,59,0.55,434.33,171.26,372.37,0.7525,-1,-1,-1
382,11,1073.43,396.80,219.95,617.79,0.8143,-1,-1,-1
382,22,1073.43,396.80,219.95,617.79,0.8143,-1,-1,-1
382,26,952.08,414.48,158.82,520.86,0.7524,-1,-1,-1
382,47,533.09,405.64,140.11,364.21,0.6056,-1,-1,-1
382,51,334.66,442.04,95.48,307.46,0.6881,-1,-1,-1
382,55,164.35,442.80,220.91,367.36,0.8295,-1,-1,-1
382,40,730.80,479.20,48.70,120.44,0.3573,-1,-1,-1
382,59,0.65,436.04,179.84,369.73,0.8047,-1,-1,-1
383,11,1073.57,397.29,220.31,617.53,0.8286,-1,-1,-1
383,22,1073.57,397.29,220.31,617.53,0.8286,-1,-1,-1
383,26,954.02,416.37,157.16,521.58,0.6959,-1,-1,-1
383,47,530.19,411.37,150.35,358.52,0.6917,-1,-1,-1
383,51,345.18,443.76,96.95,301.91,0.5562,-1,-1,-1
383,55,181.74,442.29,203.50,367.02,0.7936,-1,-1,-1
383,40,730.44,477.86,51.07,121.98,0.3673,-1,-1,-1
383,59,0.43,436.30,191.10,368.79,0.8582,-1,-1,-1
384,11,1073.83,397.11,220.24,617.84,0.8328,-1,-1,-1
384,22,1073.83,397.11,220.24,617.84,0.8328,-1,-1,-1
384,26,955.69,416.54,153.74,522.71,0.7106,-1,-1,-1
384,47,531.54,408.55,154.54,361.27,0.7507,-1,-1,-1
384,51,361.46,453.05,92.19,291.03,0.6048,-1,-1,-1
384,55,194.81,437.28,189.79,371.77,0.7940,-1,-1,-1
384,40,730.07,475.86,50.84,124.86,0.4526,-1,-1,-1
384,59,0.45,433.31,200.32,372.72,0.8757,-1,-1,-1
384,60,687.83,465.98,47.20,125.43,0.3556,-1,-1,-1
385,11,1074.08,397.15,219.30,617.89,0.7874,-1,-1,-1
385,22,1074.08,397.15,219.30,617.89,0.7874,-1,-1,-1
385,26,957.87,416.55,150.66,523.71,0.7199,-1,-1,-1
385,47,535.53,408.23,154.44,361.80,0.7876,-1,-1,-1
385,51,365.41,443.56,95.86,299.85,0.7060,-1,-1,-1
385,55,210.62,434.17,174.01,369.81,0.8061,-1,-1,-1
385,40,730.26,473.18,50.13,127.81,0.5475,-1,-1,-1
385,59,0.35,434.62,210.81,371.71,0.8629,-1,-1,-1
385,60,687.24,467.93,47.37,126.33,0.3841,-1,-1,-1
386,11,1073.90,397.36,220.23,617.32,0.7057,-1,-1,-1
386,22,1073.90,397.36,220.23,617.32,0.7057,-1,-1,-1
386,26,960.34,415.02,149.46,526.35,0.7417,-1,-1,-1
386,47,540.21,406.42,154.21,363.08,0.8331,-1,-1,-1
386,51,369.13,439.72,110.44,304.81,0.7075,-1,-1,-1
386,55,230.07,435.09,152.84,365.94,0.7924,-1,-1,-1
386,40,730.72,470.99,49.22,129.68,0.5294,-1,-1,-1
386,59,0.22,433.09,213.91,374.39,0.8359,-1,-1,-1
386,60,690.09,468.66,43.62,126.09,0.3449,-1,-1,-1
387,11,1073.61,397.55,220.46,616.83,0.7756,-1,-1,-1
387,22,1073.61,397.55,220.46,616.83,0.7756,-1,-1,-1
387,26,960.36,416.33,148.40,524.48,0.7225,-1,-1,-1
387,47,542.94,407.06,151.64,360.74,0.8457,-1,-1,-1
387,51,369.94,438.54,134.44,307.62,0.8058,-1,-1,-1
387,55,253.62,431.44,128.45,367.37,0.5761,-1,-1,-1
387,40,731.07,470.77,48.68,129.81,0.5306,-1,-1,-1
387,59,1.62,432.79,212.38,373.33,0.8366,-1,-1,-1
387,60,691.32,473.28,42.41,118.70,0.3113,-1,-1,-1
388,11,1061.74,397.16,243.52,617.90,0.7371,-1,-1,-1
388,22,1061.74,397.16,243.52,617.90,0.7371,-1,-1,-1
388,26,960.87,417.44,145.35,523.13,0.7216,-1,-1,-1
388,47,546.39,405.88,148.23,358.76,0.8252,-1,-1,-1
388,51,370.83,439.72,150.63,308.04,0.7892,-1,-1,-1
388,55,275.41,433.06,105.97,363.75,0.6754,-1,-1,-1
388,40,730.64,469.14,48.69,132.87,0.4967,-1,-1,-1
388,59,9.89,432.02,203.18,372.17,0.8072,-1,-1,-1
388,60,692.03,473.79,41.96,119.57,0.3500,-1,-1,-1
389,11,1056.66,397.36,288.09,617.67,0.7269,-1,-1,-1
389,22,1056.66,397.36,288.09,617.67,0.7269,-1,-1,-1
389,26,962.81,418.01,140.13,522.38,0.7018,-1,-1,-1
389,47,549.23,407.85,145.93,355.59,0.8065,-1,-1,-1
389,51,368.11,441.06,165.29,304.52,0.8017,-1,-1,-1
389,55,285.88,429.44,100.65,368.59,0.6792,-1,-1,-1
389,40,730.41,471.06,48.69,131.00,0.5032,-1,-1,-1
389,59,20.27,425.23,192.88,374.84,0.7873,-1,-1,-1
389,60,692.40,475.52,40.67,116.68,0.3353,-1,-1,-1
390,11,1057.20,397.21,303.17,618.48,0.7749,-1,-1,-1
390,22,1057.20,397.21,303.17,618.48,0.7749,-1,-1,-1
390,26,965.52,418.08,135.80,523.30,0.6751,-1,-1,-1
390,47,554.83,409.38,141.09,352.45,0.8008,-1,-1,-1
390,51,370.40,440.94,171.22,303.30,0.8142,-1,-1,-1
390,55,285.18,433.44,108.89,364.65,0.5268,-1,-1,-1
390,40,729.88,472.93,49.80,130.61,0.4871,-1,-1,-1
390,59,32.04,426.85,183.31,371.16,0.7947,-1,-1,-1
391,11,1054.03,397.09,313.59,618.55,0.7782,-1,-1,-1
391,22,1054.03,397.09,313.59,618.55,0.7782,-1,-1,-1
391,26,972.11,416.90,128.18,527.63,0.6587,-1,-1,-1
391,47,560.61,411.51,135.46,351.83,0.8021,-1,-1,-1
391,51,377.11,441.05,168.24,300.28,0.7848,-1,-1,-1
391,55,299.49,436.92,103.24,361.85,0.5330,-1,-1,-1
391,40,728.82,471.57,50.87,131.93,0.4438,-1,-1,-1
391,59,40.31,428.02,175.74,369.68,0.7603,-1,-1,-1
391,61,917.92,435.06,67.93,154.21,0.3732,-1,-1,-1
392,11,1052.43,397.83,314.45,618.25,0.7851,-1,-1,-1
392,22,1052.43,397.83,314.45,618.25,0.7851,-1,-1,-1
392,26,978.58,412.96,123.24,527.96,0.6500,-1,-1,-1
392,47,568.36,408.97,128.69,356.26,0.7870,-1,-1,-1
392,51,388.95,439.66,157.90,299.12,0.7249,-1,-1,-1
392,55,308.44,437.44,117.25,361.84,0.6573,-1,-1,-1
392,40,728.12,468.71,51.72,134.21,0.4472,-1,-1,-1
392,59,51.93,431.62,165.76,364.22,0.7636,-1,-1,-1
392,61,924.38,434.83,58.51,155.86,0.5645,-1,-1,-1
393,11,1049.76,398.25,316.56,618.28,0.8137,-1,-1,-1
393,22,1049.76,398.25,316.56,618.28,0.8137,-1,-1,-1
393,26,971.02,416.86,130.37,525.44,0.6503,-1,-1,-1
393,47,576.16,413.12,121.41,344.25,0.7914,-1,-1,-1
393,51,399.00,439.67,148.05,296.95,0.7277,-1,-1,-1
393,55,312.45,440.11,138.72,359.51,0.7911,-1,-1,-1
393,40,727.85,467.49,52.25,135.00,0.5306,-1,-1,-1
393,59,77.48,429.53,144.06,365.66,0.6333,-1,-1,-1
393,61,925.10,437.09,54.84,162.48,0.6498,-1,-1,-1
394,11,1053.32,398.18,286.83,617.51,0.6769,-1,-1,-1
394,22,1053.32,398.18,286.83,617.51,0.6769,-1,-1,-1
394,26,979.93,413.73,120.47,525.66,0.6299,-1,-1,-1
394,47,582.68,412.46,114.91,341.06,0.7609,-1,-1,-1
394,51,410.68,442.71,137.94,292.76,0.7291,-1,-1,-1
394,55,314.39,443.14,148.59,357.31,0.7243,-1,-1,-1
394,40,726.62,473.42,52.74,129.85,0.5977,-1,-1,-1
394,59,71.05,428.82,159.02,366.80,0.7578,-1,-1,-1
394,61,922.75,438.38,55.14,165.25,0.6390,-1,-1,-1
395,11,1055.05,397.16,272.26,618.38,0.7003,-1,-1,-1
395,22,1055.05,397.16,272.26,618.38,0.7003,-1,-1,-1
395,26,985.33,413.16,113.83,524.60,0.6579,-1,-1,-1
395,47,587.91,413.51,111.55,336.51,0.7669,-1,-1,-1
395,51,421.35,441.22,127.06,293.96,0.7398,-1,-1,-1
395,55,314.52,443.96,156.69,357.06,0.7475,-1,-1,-1
395,40,725.13,471.12,53.55,134.26,0.6125,-1,-1,-1
395,59,72.32,430.22,163.48,365.92,0.7789,-1,-1,-1
395,61,920.43,439.64,54.17,164.28,0.5963,-1,-1,-1
396,11,1057.03,398.45,292.74,618.03,0.7618,-1,-1,-1
396,22,1057.03,398.45,292.74,618.03,0.7618,-1,-1,-1
396,26,987.32,412.45,110.50,524.40,0.6217,-1,-1,-1
396,47,591.90,423.04,112.39,322.31,0.7560,-1,-1,-1
396,51,433.95,443.28,114.34,289.20,0.6566,-1,-1,-1
396,55,313.09,442.90,170.36,356.45,0.7600,-1,-1,-1
396,40,722.64,466.14,56.33,142.65,0.5794,-1,-1,-1
396,59,100.02,441.37,141.07,353.85,0.5848,-1,-1,-1
396,61,918.30,442.01,53.90,167.76,0.6768,-1,-1,-1
397,11,1060.60,398.55,262.13,618.64,0.7906,-1,-1,-1
397,22,1060.60,398.55,262.13,618.64,0.7906,-1,-1,-1
397,26,986.26,413.22,111.84,524.45,0.6774,-1,-1,-1
397,47,596.07,419.49,112.89,325.01,0.7489,-1,-1,-1
397,51,447.67,465.96,98.88,264.24,0.5737,-1,-1,-1
397,55,312.89,434.48,174.44,364.09,0.7633,-1,-1,-1
397,40,720.58,464.34,57.87,145.00,0.5768,-1,-1,-1
397,59,127.16,436.45,123.65,359.82,0.6219,-1,-1,-1
397,61,915.71,442.88,54.94,167.74,0.6401,-1,-1,-1
398,11,1063.77,399.06,246.94,619.06,0.8379,-1,-1,-1
398,22,1063.77,399.06,246.94,619.06,0.8379,-1,-1,-1
398,26,975.51,415.06,123.19,524.73,0.6353,-1,-1,-1
398,47,599.52,423.17,117.11,319.64,0.7560,-1,-1,-1
398,51,448.18,443.87,98.91,287.20,0.7331,-1,-1,-1
398,55,313.95,436.55,179.41,360.18,0.8204,-1,-1,-1
398,40,720.08,461.77,57.46,147.52,0.5437,-1,-1,-1
398,59,136.80,436.29,125.31,359.99,0.7495,-1,-1,-1
398,61,915.72,444.26,55.12,163.94,0.4858,-1,-1,-1
399,11,1065.51,400.28,241.23,617.92,0.8373,-1,-1,-1
399,22,1065.51,400.28,241.23,617.92,0.8373,-1,-1,-1
399,26,970.54,415.32,129.27,525.16,0.6616,-1,-1,-1
399,47,604.76,427.57,122.90,312.75,0.7883,-1,-1,-1
399,51,463.54,442.08,85.45,289.42,0.6278,-1,-1,-1
399,55,316.83,437.75,176.85,358.98,0.8308,-1,-1,-1
399,40,719.68,463.25,55.87,145.99,0.5367,-1,-1,-1
399,59,137.37,433.54,151.31,361.56,0.7643,-1,-1,-1
399,61,913.98,439.15,56.56,171.65,0.5831,-1,-1,-1
400,11,1067.65,400.38,237.26,618.39,0.8528,-1,-1,-1
400,22,1067.65,400.38,237.26,618.39,0.8528,-1,-1,-1
400,26,968.71,414.16,130.77,526.65,0.6567,-1,-1,-1
400,47,607.19,423.83,131.56,316.30,0.7796,-1,-1,-1
400,51,471.21,439.72,81.87,290.21,0.7307,-1,-1,-1
400,55,316.60,435.74,177.61,360.11,0.8429,-1,-1,-1
400,40,718.18,468.01,52.36,140.29,0.4780,-1,-1,-1
400,59,140.40,433.08,169.67,360.96,0.7805,-1,-1,-1
400,61,911.35,438.71,56.13,171.04,0.5658,-1,-1,-1
401,11,1069.18,399.84,235.10,619.28,0.8463,-1,-1,-1
401,22,1069.18,399.84,235.10,619.28,0.8463,-1,-1,-1
401,26,979.39,411.58,118.40,527.05,0.6369,-1,-1,-1
401,47,609.58,423.94,144.27,315.81,0.7722,-1,-1,-1
401,51,480.20,443.52,80.47,287.66,0.7211,-1,-1,-1
401,55,322.75,436.61,172.07,356.73,0.8151,-1,-1,-1
401,40,715.86,465.91,52.97,145.57,0.4260,-1,-1,-1
401,59,141.88,433.17,174.54,360.98,0.8139,-1,-1,-1
401,61,908.96,438.30,59.15,168.02,0.5769,-1,-1,-1
402,11,1071.32,399.48,231.31,619.94,0.8370,-1,-1,-1
402,22,1071.32,399.48,231.31,619.94,0.8370,-1,-1,-1
402,26,983.91,410.83,113.18,527.23,0.6258,-1,-1,-1
402,47,615.36,417.12,151.39,322.73,0.8023,-1,-1,-1
402,51,484.27,449.18,86.44,280.07,0.7225,-1,-1,-1
402,55,335.21,442.43,159.44,348.72,0.8266,-1,-1,-1
402,40,715.44,463.54,53.82,147.23,0.4928,-1,-1,-1
402,59,144.27,435.42,174.73,357.57,0.8099,-1,-1,-1
402,61,904.77,438.37,66.23,170.36,0.5296,-1,-1,-1
403,11,1074.62,399.70,227.13,619.58,0.8374,-1,-1,-1
403,22,1074.62,399.70,227.13,619.58,0.8374,-1,-1,-1
403,26,970.97,415.19,127.88,524.89,0.6180,-1,-1,-1
403,47,619.17,411.11,158.11,330.23,0.8361,-1,-1,-1
403,51,488.87,445.81,95.79,283.27,0.6048,-1,-1,-1
403,55,347.02,448.65,148.48,335.79,0.7468,-1,-1,-1
403,40,715.58,464.38,53.80,146.21,0.4665,-1,-1,-1
403,59,144.15,438.71,183.99,354.22,0.8040,-1,-1,-1
403,61,901.92,441.10,72.83,169.37,0.3612,-1,-1,-1
404,11,1076.55,399.82,225.50,620.32,0.8293,-1,-1,-1
404,22,1076.55,399.82,225.50,620.32,0.8293,-1,-1,-1
404,26,965.97,416.85,132.90,524.76,0.6691,-1,-1,-1
404,47,623.74,407.91,163.60,334.68,0.8025,-1,-1,-1
404,51,491.04,441.02,115.46,286.58,0.6408,-1,-1,-1
404,55,357.50,443.71,140.37,339.72,0.7213,-1,-1,-1
404,40,715.37,463.21,52.66,148.03,0.4499,-1,-1,-1
404,59,150.32,438.55,183.82,351.57,0.8272,-1,-1,-1
404,61,898.54,446.80,60.22,164.12,0.5258,-1,-1,-1
405,11,1078.28,400.34,213.98,619.19,0.8328,-1,-1,-1
405,22,1078.28,400.34,213.98,619.19,0.8328,-1,-1,-1
405,26,964.09,416.58,134.91,525.31,0.6857,-1,-1,-1
405,47,627.66,414.26,166.43,329.38,0.7877,-1,-1,-1
405,51,495.74,444.13,123.29,283.55,0.6790,-1,-1,-1
405,55,377.68,438.02,119.49,340.10,0.7016,-1,-1,-1
405,40,716.12,466.87,51.50,144.93,0.3760,-1,-1,-1
405,59,155.04,437.01,178.91,351.14,0.8180,-1,-1,-1
405,61,895.59,452.57,54.38,158.24,0.4054,-1,-1,-1
406,11,1077.15,399.32,209.45,620.65,0.8326,-1,-1,-1
406,22,1077.15,399.32,209.45,620.65,0.8326,-1,-1,-1
406,26,961.61,416.05,137.03,525.80,0.6970,-1,-1,-1
406,47,632.10,420.70,166.64,322.64,0.7932,-1,-1,-1
406,51,499.88,447.66,123.85,279.63,0.6749,-1,-1,-1
406,55,395.76,434.78,103.30,337.95,0.7060,-1,-1,-1
406,59,159.69,436.01,173.09,352.42,0.8078,-1,-1,-1
406,61,892.56,454.81,54.01,154.34,0.3644,-1,-1,-1
407,11,1076.47,397.12,203.93,622.21,0.8346,-1,-1,-1
407,22,1076.47,397.12,203.93,622.21,0.8346,-1,-1,-1
407,26,958.50,417.64,139.15,523.83,0.7254,-1,-1,-1
407,47,635.98,416.54,163.43,327.14,0.8544,-1,-1,-1
407,51,496.90,446.31,135.01,284.03,0.7083,-1,-1,-1
407,55,410.42,434.52,93.45,335.89,0.6732,-1,-1,-1
407,59,171.65,433.61,164.20,355.18,0.8025,-1,-1,-1
407,61,888.69,458.17,55.30,150.41,0.3139,-1,-1,-1
408,11,1073.90,397.66,201.98,622.43,0.8385,-1,-1,-1
408,22,1073.90,397.66,201.98,622.43,0.8385,-1,-1,-1
408,26,959.09,417.40,138.80,523.81,0.7101,-1,-1,-1
408,47,641.12,418.69,159.26,325.80,0.8467,-1,-1,-1
408,51,500.85,440.69,139.22,289.32,0.7527,-1,-1,-1
408,55,408.49,433.71,100.88,336.20,0.6184,-1,-1,-1
408,59,185.45,433.40,152.80,352.09,0.7956,-1,-1,-1
408,61,880.49,455.99,61.00,153.91,0.4991,-1,-1,-1
409,11,1073.80,398.89,198.68,620.57,0.8396,-1,-1,-1
409,22,1073.80,398.89,198.68,620.57,0.8396,-1,-1,-1
409,26,959.10,417.07,140.23,523.57,0.7042,-1,-1,-1
409,47,643.82,418.01,157.24,326.43,0.8315,-1,-1,-1
409,51,500.33,436.79,143.40,293.36,0.7531,-1,-1,-1
409,55,400.83,437.11,116.25,331.90,0.6153,-1,-1,-1
409,59,201.81,435.73,138.18,339.13,0.7231,-1,-1,-1
409,61,875.73,448.11,63.96,162.65,0.6138,-1,-1,-1
410,11,1073.41,398.18,192.21,621.00,0.8459,-1,-1,-1
410,22,1073.41,398.18,192.21,621.00,0.8459,-1,-1,-1
410,26,959.44,418.90,139.15,521.12,0.7094,-1,-1,-1
410,47,645.68,412.74,156.48,331.80,0.8197,-1,-1,-1
410,51,511.08,438.82,133.80,285.19,0.7314,-1,-1,-1
410,55,416.55,438.54,115.53,331.15,0.5812,-1,-1,-1
410,59,222.39,435.40,123.38,336.65,0.6601,-1,-1,-1
410,61,874.75,446.49,62.48,164.73,0.5701,-1,-1,-1
411,11,1072.21,398.22,186.17,620.83,0.8466,-1,-1,-1
411,22,1072.21,398.22,186.17,620.83,0.8466,-1,-1,-1
411,26,958.37,420.88,140.26,518.62,0.7180,-1,-1,-1
411,47,645.99,416.59,155.82,326.02,0.8268,-1,-1,-1
411,51,521.02,440.48,123.06,282.85,0.6934,-1,-1,-1
411,55,423.70,436.56,131.98,330.98,0.6693,-1,-1,-1
411,59,247.64,428.33,105.63,341.36,0.5465,-1,-1,-1
411,61,874.34,442.70,62.27,168.66,0.5411,-1,-1,-1
412,11,1071.05,399.71,185.52,618.80,0.8433,-1,-1,-1
412,22,1071.05,399.71,185.52,618.80,0.8433,-1,-1,-1
412,26,961.14,421.72,137.53,518.25,0.6861,-1,-1,-1
412,47,645.98,406.98,155.94,335.98,0.8270,-1,-1,-1
412,51,528.80,437.91,116.50,283.43,0.7388,-1,-1,-1
412,55,420.78,436.17,147.73,331.21,0.6618,-1,-1,-1
412,59,264.02,426.92,99.44,342.55,0.7138,-1,-1,-1
412,61,873.95,441.70,58.95,167.69,0.5164,-1,-1,-1
413,11,1070.95,401.32,185.20,617.32,0.8517,-1,-1,-1
413,22,1070.95,401.32,185.20,617.32,0.8517,-1,-1,-1
413,26,959.22,421.69,140.43,518.26,0.7357,-1,-1,-1
413,47,647.95,408.36,154.01,333.13,0.8040,-1,-1,-1
413,51,547.54,436.57,101.94,283.15,0.6172,-1,-1,-1
413,55,431.89,435.09,154.32,331.27,0.7119,-1,-1,-1
413,59,269.72,426.16,104.70,344.34,0.7257,-1,-1,-1
413,61,874.87,440.41,55.81,167.73,0.4904,-1,-1,-1
414,11,1066.60,404.03,188.73,614.96,0.8609,-1,-1,-1
414,22,1066.60,404.03,188.73,614.96,0.8609,-1,-1,-1
414,26,961.09,421.60,138.00,516.84,0.6945,-1,-1,-1
414,47,653.05,419.92,148.06,320.85,0.8021,-1,-1,-1
414,51,558.34,437.46,95.31,282.34,0.6546,-1,-1,-1
414,55,436.49,436.94,158.91,329.04,0.7422,-1,-1,-1
414,59,273.16,424.68,109.84,346.91,0.6976,-1,-1,-1
414,61,872.11,440.17,53.90,167.96,0.5951,-1,-1,-1
415,11,1064.08,407.52,191.30,611.77,0.8578,-1,-1,-1
415,22,1064.08,407.52,191.30,611.77,0.8578,-1,-1,-1
415,26,963.39,419.97,133.68,518.50,0.7133,-1,-1,-1
415,47,657.59,424.51,143.64,316.47,0.8065,-1,-1,-1
415,51,562.40,434.36,92.04,286.58,0.6033,-1,-1,-1
415,55,436.12,438.51,162.88,327.56,0.7650,-1,-1,-1
415,59,278.84,430.97,116.77,340.61,0.6673,-1,-1,-1
415,61,871.46,440.87,50.93,167.22,0.7084,-1,-1,-1
416,11,1061.44,410.86,195.31,608.77,0.8635,-1,-1,-1
416,22,1061.44,410.86,195.31,608.77,0.8635,-1,-1,-1
416,26,964.16,419.31,131.77,519.22,0.7056,-1,-1,-1
416,47,666.77,430.51,134.75,308.17,0.7947,-1,-1,-1
416,51,570.62,433.84,87.20,286.47,0.7330,-1,-1,-1
416,55,435.68,440.90,163.62,325.47,0.8113,-1,-1,-1
416,59,287.34,435.56,115.67,334.83,0.7308,-1,-1,-1
416,61,869.65,440.40,51.18,166.48,0.6150,-1,-1,-1
417,11,1061.57,409.48,197.03,610.89,0.8531,-1,-1,-1
417,22,1061.57,409.48,197.03,610.89,0.8531,-1,-1,-1
417,26,968.13,417.40,128.18,518.37,0.6689,-1,-1,-1
417,47,675.85,424.63,125.97,310.45,0.8035,-1,-1,-1
417,51,569.61,435.55,96.73,283.88,0.6753,-1,-1,-1
417,55,436.10,449.68,164.23,317.02,0.7915,-1,-1,-1
417,59,289.13,437.96,128.75,330.77,0.5966,-1,-1,-1
417,61,868.17,439.10,50.78,167.12,0.6313,-1,-1,-1
418,11,1059.61,405.87,199.87,614.66,0.8571,-1,-1,-1
418,22,1059.61,405.87,199.87,614.66,0.8571,-1,-1,-1
418,26,968.39,418.08,126.87,519.50,0.6732,-1,-1,-1
418,47,682.06,413.73,121.82,318.44,0.7854,-1,-1,-1
418,51,581.52,436.13,94.42,282.44,0.7151,-1,-1,-1
418,55,438.19,446.41,158.85,319.46,0.8078,-1,-1,-1
418,59,289.97,436.01,142.77,332.63,0.6847,-1,-1,-1
418,61,867.44,439.65,48.87,165.31,0.5211,-1,-1,-1
419,11,1056.87,407.63,204.72,612.90,0.8489,-1,-1,-1
419,22,1056.87,407.63,204.72,612.90,0.8489,-1,-1,-1
419,26,969.98,419.53,125.74,517.17,0.6839,-1,-1,-1
419,47,688.24,407.18,120.30,324.05,0.8005,-1,-1,-1
419,51,588.49,436.99,91.26,280.41,0.7167,-1,-1,-1
419,55,441.09,439.45,159.52,324.60,0.8021,-1,-1,-1
419,59,291.16,438.18,155.79,330.76,0.7583,-1,-1,-1
419,61,865.62,440.67,46.16,164.16,0.5456,-1,-1,-1
420,11,1054.07,409.22,212.65,611.61,0.8392,-1,-1,-1
420,22,1054.07,409.22,212.65,611.61,0.8392,-1,-1,-1
420,26,970.67,415.53,123.96,521.78,0.5915,-1,-1,-1
420,47,694.89,407.34,116.71,323.11,0.7801,-1,-1,-1
420,51,586.93,436.93,97.25,278.24,0.7142,-1,-1,-1
420,55,448.03,435.80,152.94,327.38,0.7693,-1,-1,-1
420,59,293.48,442.10,161.28,326.90,0.7820,-1,-1,-1
421,11,1051.12,409.24,215.67,611.62,0.8238,-1,-1,-1
421,22,1051.12,409.24,215.67,611.62,0.8238,-1,-1,-1
421,26,969.32,412.23,123.97,525.48,0.5963,-1,-1,-1
421,47,697.74,418.56,111.22,311.95,0.7100,-1,-1,-1
421,51,589.28,438.99,108.55,277.23,0.7301,-1,-1,-1
421,55,448.30,434.33,150.95,326.94,0.7422,-1,-1,-1
421,59,292.61,439.60,167.11,328.93,0.7780,-1,-1,-1
421,61,858.64,435.44,48.20,169.88,0.4991,-1,-1,-1
422,11,1047.35,407.12,216.04,614.34,0.8180,-1,-1,-1
422,22,1047.35,407.12,216.04,614.34,0.8180,-1,-1,-1
422,26,968.77,412.54,124.32,525.16,0.5193,-1,-1,-1
422,47,701.89,431.60,108.30,296.20,0.6477,-1,-1,-1
422,51,595.39,440.49,114.09,276.31,0.7148,-1,-1,-1
422,55,459.56,435.12,135.77,325.66,0.6973,-1,-1,-1
422,59,292.89,439.60,182.90,327.68,0.8235,-1,-1,-1
422,64,1158.56,410.93,163.37,492.71,0.5075,-1,-1,-1
422,61,859.15,439.17,47.53,161.17,0.4730,-1,-1,-1
423,11,1046.18,404.04,218.34,618.23,0.8159,-1,-1,-1
423,22,1046.18,404.04,218.34,618.23,0.8159,-1,-1,-1
423,26,969.05,416.37,123.32,520.61,0.4219,-1,-1,-1
423,47,707.16,435.99,105.72,291.94,0.6216,-1,-1,-1
423,51,601.76,443.06,121.84,273.00,0.7249,-1,-1,-1
423,55,470.50,437.20,123.18,320.32,0.7151,-1,-1,-1
423,59,292.55,436.91,187.13,329.52,0.7827,-1,-1,-1
423,64,1155.45,411.97,168.25,493.44,0.6566,-1,-1,-1
423,61,856.33,438.84,50.62,161.46,0.5990,-1,-1,-1
424,11,1047.56,399.91,217.51,624.41,0.7840,-1,-1,-1
424,22,1047.56,399.91,217.51,624.41,0.7840,-1,-1,-1
424,26,969.07,462.43,121.43,472.92,0.4155,-1,-1,-1
424,47,711.34,431.19,104.48,298.12,0.6346,-1,-1,-1
424,51,607.67,443.22,130.28,272.31,0.7741,-1,-1,-1
424,55,477.01,437.22,120.75,320.56,0.7190,-1,-1,-1
424,59,300.38,436.87,179.58,327.81,0.7753,-1,-1,-1
424,64,1151.55,412.41,173.58,498.50,0.5144,-1,-1,-1
424,61,851.52,438.78,52.73,163.11,0.5305,-1,-1,-1
425,11,1048.55,397.79,208.78,633.06,0.7195,-1,-1,-1
425,22,1048.55,397.79,208.78,633.06,0.7195,-1,-1,-1
425,26,970.76,482.43,119.57,451.17,0.5234,-1,-1,-1
425,47,714.20,421.69,113.02,305.21,0.7298,-1,-1,-1
425,51,610.80,448.85,130.54,266.75,0.7359,-1,-1,-1
425,55,487.96,438.75,112.83,318.97,0.6389,-1,-1,-1
425,59,310.24,437.95,170.23,325.71,0.7789,-1,-1,-1
425,64,1159.76,412.73,165.71,508.62,0.6052,-1,-1,-1
425,61,850.05,439.86,49.84,159.38,0.5432,-1,-1,-1
426,11,1050.14,397.44,201.88,638.34,0.7135,-1,-1,-1
426,22,1050.14,397.44,201.88,638.34,0.7135,-1,-1,-1
426,26,970.99,489.77,118.88,442.03,0.5296,-1,-1,-1
426,47,715.59,413.42,115.50,312.47,0.7551,-1,-1,-1
426,51,611.80,449.00,133.10,267.92,0.7211,-1,-1,-1
426,55,514.46,438.37,96.92,315.96,0.6451,-1,-1,-1
426,59,321.44,434.43,157.98,329.50,0.7907,-1,-1,-1
426,64,1163.18,411.73,163.48,516.01,0.5898,-1,-1,-1
426,61,848.01,439.11,48.11,159.06,0.5964,-1,-1,-1
427,11,1053.74,399.98,187.78,638.39,0.6817,-1,-1,-1
427,22,1049.59,408.54,161.42,614.72,0.3576,-1,-1,-1
427,26,971.67,452.64,119.73,478.84,0.4417,-1,-1,-1
427,47,720.47,411.06,111.39,315.30,0.7452,-1,-1,-1
427,51,611.42,450.04,132.64,267.63,0.7150,-1,-1,-1
427,55,520.31,438.64,94.15,315.02,0.6316,-1,-1,-1
427,59,330.67,433.85,151.12,326.19,0.7856,-1,-1,-1
427,64,1159.63,409.68,171.08,521.68,0.4895,-1,-1,-1
427,61,844.20,437.36,49.25,161.81,0.4929,-1,-1,-1
428,11,1058.10,405.58,169.65,622.51,0.6657,-1,-1,-1
428,22,1057.20,408.83,160.65,613.60,0.6657,-1,-1,-1
428,26,972.55,440.35,120.81,486.60,0.5753,-1,-1,-1
428,47,723.82,417.55,114.61,309.91,0.7234,-1,-1,-1
428,51,609.28,447.67,133.54,268.31,0.6944,-1,-1,-1
428,55,508.13,437.79,109.37,317.27,0.6652,-1,-1,-1
428,59,346.73,436.52,136.14,317.95,0.7384,-1,-1,-1
428,64,1149.14,411.83,179.74,597.19,0.4307,-1,-1,-1
428,61,841.17,441.14,50.10,157.78,0.5164,-1,-1,-1
428,68,1692.09,330.63,227.48,619.65,0.6094,-1,-1,-1
429,11,1059.74,402.86,164.62,619.37,0.6603,-1,-1,-1
429,22,1059.48,404.05,161.71,616.17,0.6603,-1,-1,-1
429,26,973.96,452.21,119.14,478.19,0.5116,-1,-1,-1
429,47,727.33,430.94,116.29,296.40,0.7137,-1,-1,-1
429,51,618.14,442.56,123.35,271.62,0.7096,-1,-1,-1
429,55,503.03,438.49,123.79,316.39,0.6044,-1,-1,-1
429,59,366.25,438.04,119.41,314.24,0.7166,-1,-1,-1
429,64,1145.67,414.19,182.90,627.80,0.3516,-1,-1,-1
429,68,1650.14,325.82,269.69,615.15,0.4652,-1,-1,-1
430,11,1062.55,403.14,163.33,623.72,0.6897,-1,-1,-1
430,22,1059.84,404.99,135.38,612.78,0.4400,-1,-1,-1
430,26,975.07,446.06,119.19,482.41,0.5744,-1,-1,-1
430,47,729.48,431.69,119.78,295.45,0.6789,-1,-1,-1
430,51,633.51,441.88,109.17,271.14,0.6005,-1,-1,-1
430,55,510.73,438.10,136.05,317.29,0.5813,-1,-1,-1
430,59,377.43,437.86,109.81,310.23,0.7392,-1,-1,-1
430,64,1147.31,416.12,182.80,638.89,0.3104,-1,-1,-1
430,68,1597.90,320.75,321.85,620.65,0.4813,-1,-1,-1
430,61,839.41,438.91,46.37,155.53,0.3812,-1,-1,-1
431,11,1065.82,404.32,162.15,629.66,0.6788,-1,-1,-1
431,22,1061.42,407.38,122.95,610.90,0.4318,-1,-1,-1
431,26,976.14,440.16,120.32,486.93,0.5676,-1,-1,-1
431,47,728.35,430.27,122.96,297.28,0.6863,-1,-1,-1
431,51,642.06,441.87,99.93,266.35,0.5393,-1,-1,-1
431,55,531.59,441.19,132.30,313.73,0.6323,-1,-1,-1
431,59,384.79,438.03,106.32,307.00,0.7315,-1,-1,-1
431,64,1144.40,417.06,181.75,650.71,0.3021,-1,-1,-1
431,68,1548.61,308.14,371.08,690.03,0.7133,-1,-1,-1
431,61,839.39,440.15,43.53,154.02,0.5895,-1,-1,-1
432,11,1069.26,407.12,167.95,630.37,0.7300,-1,-1,-1
432,22,1068.18,408.23,156.80,623.50,0.7300,-1,-1,-1
432,26,976.88,443.56,120.84,484.79,0.5617,-1,-1,-1
432,47,728.49,424.64,124.25,301.83,0.6501,-1,-1,-1
432,51,655.65,446.56,84.40,257.64,0.4660,-1,-1,-1
432,55,543.21,441.38,135.10,313.86,0.6601,-1,-1,-1
432,59,388.93,439.63,106.97,308.01,0.7041,-1,-1,-1
432,64,1166.87,413.18,158.20,483.37,0.5701,-1,-1,-1
432,68,1501.09,301.76,418.11,715.25,0.8268,-1,-1,-1
432,61,836.73,442.02,45.04,151.46,0.6308,-1,-1,-1
432,69,1261.18,420.95,94.18,256.41,0.4266,-1,-1,-1
433,11,1073.75,409.03,165.93,616.77,0.7187,-1,-1,-1
433,22,1073.34,409.40,162.39,614.46,0.7187,-1,-1,-1
433,26,978.83,429.72,125.76,498.56,0.5651,-1,-1,-1
433,47,732.62,427.16,121.92,298.07,0.6894,-1,-1,-1
433,51,665.54,446.46,82.35,256.91,0.4261,-1,-1,-1
433,55,544.49,442.58,143.04,313.87,0.6806,-1,-1,-1
433,59,395.78,440.88,107.97,306.29,0.6750,-1,-1,-1
433,64,1179.99,413.42,151.76,411.00,0.6481,-1,-1,-1
433,68,1452.77,302.78,466.97,719.99,0.7812,-1,-1,-1
433,61,834.72,439.46,46.65,154.69,0.6019,-1,-1,-1
433,69,1266.07,417.97,93.57,258.78,0.3079,-1,-1,-1
434,11,1076.25,403.68,158.51,558.14,0.4758,-1,-1,-1
434,22,1076.25,403.78,158.29,557.72,0.4758,-1,-1,-1
434,26,981.45,424.47,132.82,512.81,0.6457,-1,-1,-1
434,47,737.81,419.98,118.02,305.64,0.6974,-1,-1,-1
434,51,669.63,448.72,84.65,254.13,0.4131,-1,-1,-1
434,55,547.91,445.19,142.61,311.31,0.7810,-1,-1,-1
434,59,403.21,440.86,107.18,305.93,0.6778,-1,-1,-1
434,64,1188.72,408.26,132.02,341.79,0.4603,-1,-1,-1
434,68,1406.71,302.41,497.49,717.32,0.7407,-1,-1,-1
434,69,1270.91,418.41,93.92,289.96,0.3901,-1,-1,-1
435,11,1081.95,404.81,160.62,439.77,0.6220,-1,-1,-1
435,22,1082.00,404.80,161.29,440.14,0.6220,-1,-1,-1
435,26,983.87,419.46,136.27,495.81,0.7034,-1,-1,-1
435,47,743.46,422.34,112.41,302.06,0.6919,-1,-1,-1
435,51,683.74,437.74,78.35,266.01,0.5281,-1,-1,-1
435,55,548.73,444.97,145.32,311.42,0.7972,-1,-1,-1
435,59,413.37,437.90,105.99,309.80,0.7634,-1,-1,-1
435,64,1193.44,405.37,126.89,306.70,0.6139,-1,-1,-1
435,68,1364.96,305.83,482.67,708.46,0.4202,-1,-1,-1
435,69,1276.95,418.71,93.47,299.77,0.5584,-1,-1,-1
436,11,1087.27,410.21,162.73,415.51,0.6526,-1,-1,-1
436,22,1087.36,410.16,163.69,415.85,0.6526,-1,-1,-1
436,26,994.15,419.09,133.62,421.39,0.6309,-1,-1,-1
436,47,751.11,424.42,105.55,297.26,0.6587,-1,-1,-1
436,51,696.07,437.10,75.95,270.61,0.4709,-1,-1,-1
436,55,547.40,442.31,148.49,314.07,0.7821,-1,-1,-1
436,59,416.96,437.24,109.45,310.90,0.7579,-1,-1,-1
436,64,1191.40,408.77,133.05,365.87,0.5846,-1,-1,-1
436,68,1312.54,309.82,471.65,704.65,0.8392,-1,-1,-1
437,11,1093.85,404.33,158.80,427.90,0.6935,-1,-1,-1
437,22,1093.92,404.29,159.87,428.14,0.6935,-1,-1,-1
437,26,997.99,419.99,135.18,403.47,0.6795,-1,-1,-1
437,47,757.22,416.89,99.99,302.80,0.5659,-1,-1,-1
437,51,701.89,439.87,65.14,269.80,0.3623,-1,-1,-1
437,55,548.20,440.64,148.94,316.66,0.7818,-1,-1,-1
437,59,418.04,438.58,115.74,311.86,0.7784,-1,-1,-1
437,64,1198.90,405.97,132.33,324.44,0.5319,-1,-1,-1
437,68,1225.84,317.36,489.25,702.86,0.8074,-1,-1,-1
438,11,1099.10,396.63,157.39,444.98,0.8133,-1,-1,-1
438,22,1099.17,396.60,158.37,445.18,0.8133,-1,-1,-1
438,26,1001.04,422.38,135.52,405.54,0.6850,-1,-1,-1
438,47,768.27,415.08,90.91,303.83,0.5403,-1,-1,-1
438,51,708.51,433.06,79.39,277.02,0.5465,-1,-1,-1
438,55,549.15,441.80,149.47,312.55,0.7834,-1,-1,-1
438,59,421.15,434.45,119.31,316.10,0.8065,-1,-1,-1
438,68,1193.62,326.22,449.12,700.98,0.7264,-1,-1,-1
438,70,701.02,437.01,73.18,272.58,0.4138,-1,-1,-1
439,11,1101.82,419.76,154.08,429.87,0.5207,-1,-1,-1
439,22,1101.90,419.71,154.97,430.06,0.5207,-1,-1,-1
439,26,1000.23,421.78,139.76,419.75,0.7033,-1,-1,-1
439,47,772.31,430.06,89.01,287.89,0.5402,-1,-1,-1
439,51,704.41,439.79,74.12,271.30,0.3964,-1,-1,-1
439,55,551.27,439.94,148.48,314.13,0.7898,-1,-1,-1
439,59,424.27,438.34,123.77,309.61,0.7600,-1,-1,-1
439,68,1155.05,333.26,417.47,701.52,0.7738,-1,-1,-1
439,70,706.82,437.79,85.28,273.61,0.4634,-1,-1,-1
440,26,999.35,423.40,146.06,435.19,0.7793,-1,-1,-1
440,47,773.86,439.07,88.17,277.76,0.5880,-1,-1,-1
440,51,709.80,439.39,81.72,271.74,0.5189,-1,-1,-1
440,55,552.21,440.81,148.10,313.46,0.7787,-1,-1,-1
440,59,428.72,438.34,124.37,306.40,0.7012,-1,-1,-1
440,68,1103.63,349.04,398.89,685.84,0.7388,-1,-1,-1
440,70,709.44,439.08,87.39,272.29,0.5189,-1,-1,-1
440,71,1832.89,466.14,65.09,179.84,0.4016,-1,-1,-1
441,26,999.81,431.62,140.04,407.99,0.4474,-1,-1,-1
441,47,776.64,436.15,86.42,276.64,0.5726,-1,-1,-1
441,51,712.28,445.50,94.05,265.99,0.5614,-1,-1,-1
441,55,552.95,441.07,147.05,312.74,0.7496,-1,-1,-1
441,59,436.07,438.79,118.45,302.86,0.6946,-1,-1,-1
441,68,1050.80,357.98,380.36,673.03,0.7499,-1,-1,-1
441,70,710.83,446.58,98.42,265.11,0.5614,-1,-1,-1
441,71,1833.43,466.32,68.94,181.95,0.4010,-1,-1,-1
441,69,1314.00,428.30,136.48,324.00,0.7004,-1,-1,-1
442,47,778.49,430.84,87.62,279.38,0.5490,-1,-1,-1
442,51,713.20,447.94,109.28,264.13,0.5512,-1,-1,-1
442,55,560.23,439.79,140.33,310.57,0.7673,-1,-1,-1
442,59,442.95,437.47,110.80,307.64,0.6990,-1,-1,-1
442,68,1004.15,364.73,363.50,659.81,0.7932,-1,-1,-1
442,70,711.30,449.09,113.42,263.17,0.5512,-1,-1,-1
442,71,1834.14,465.93,67.42,182.40,0.3564,-1,-1,-1
442,69,1310.41,432.29,149.25,325.17,0.7324,-1,-1,-1
443,47,783.98,428.44,82.56,281.97,0.6365,-1,-1,-1
443,51,712.76,444.49,114.64,267.07,0.5491,-1,-1,-1
443,55,566.92,438.42,134.55,310.98,0.7963,-1,-1,-1
443,59,450.18,439.94,106.11,303.11,0.7199,-1,-1,-1
443,68,960.00,364.59,351.73,654.13,0.8090,-1,-1,-1
443,70,710.68,445.13,118.33,266.52,0.5491,-1,-1,-1
443,69,1313.14,433.27,150.88,326.72,0.6966,-1,-1,-1
443,64,1230.19,426.51,122.16,401.66,0.6267,-1,-1,-1
444,47,787.17,430.76,84.39,279.73,0.5143,-1,-1,-1
444,51,712.12,443.59,127.42,267.51,0.5972,-1,-1,-1
444,55,578.54,437.16,123.10,308.59,0.7458,-1,-1,-1
444,59,461.09,436.49,99.67,304.28,0.7625,-1,-1,-1
444,68,917.25,363.45,338.80,651.46,0.8146,-1,-1,-1
444,70,710.11,444.09,130.76,267.07,0.5972,-1,-1,-1
444,69,1315.68,434.04,148.70,329.45,0.6652,-1,-1,-1
444,64,1235.39,429.37,120.99,413.32,0.5236,-1,-1,-1
445,47,785.57,436.35,89.81,275.93,0.5037,-1,-1,-1
445,51,712.31,445.56,107.65,263.48,0.4197,-1,-1,-1
445,55,587.24,437.76,114.60,306.85,0.7547,-1,-1,-1
445,59,468.77,434.55,99.68,301.13,0.7623,-1,-1,-1
445,68,875.89,354.26,338.98,657.40,0.7807,-1,-1,-1
445,70,710.35,446.06,110.43,262.96,0.4197,-1,-1,-1
445,69,1324.59,434.27,139.81,328.82,0.7328,-1,-1,-1
445,64,1237.78,429.59,127.08,387.98,0.4106,-1,-1,-1
445,11,1140.11,409.36,206.01,503.54,0.5942,-1,-1,-1
446,47,790.53,429.83,88.28,281.75,0.5672,-1,-1,-1
446,51,713.27,450.70,109.64,258.23,0.4570,-1,-1,-1
446,55,603.29,438.75,99.38,303.75,0.6876,-1,-1,-1
446,59,471.28,434.66,103.72,294.64,0.7216,-1,-1,-1
446,68,842.36,345.81,329.77,654.94,0.7819,-1,-1,-1
446,70,711.71,451.26,111.59,257.66,0.4570,-1,-1,-1
446,69,1333.43,433.70,130.12,329.30,0.7053,-1,-1,-1
446,64,1241.10,428.88,126.95,403.98,0.4986,-1,-1,-1
446,11,1138.71,420.95,202.31,593.11,0.7607,-1,-1,-1
446,71,1832.30,469.53,70.64,178.74,0.3500,-1,-1,-1
447,51,716.59,451.46,106.61,256.31,0.3909,-1,-1,-1
447,55,610.67,433.68,95.87,308.21,0.6744,-1,-1,-1
447,59,474.62,431.20,105.79,295.58,0.6849,-1,-1,-1
447,68,801.03,336.55,333.26,654.20,0.7790,-1,-1,-1
447,70,715.16,451.93,108.22,255.81,0.3909,-1,-1,-1
447,69,1340.67,432.50,123.43,329.82,0.6711,-1,-1,-1
447,64,1238.79,423.74,127.52,417.19,0.3027,-1,-1,-1
447,11,1136.96,416.14,197.89,636.65,0.7875,-1,-1,-1
447,26,1064.58,420.50,117.01,358.35,0.4473,-1,-1,-1
448,51,724.07,445.67,122.81,262.97,0.4139,-1,-1,-1
448,55,606.70,434.51,104.17,308.78,0.6113,-1,-1,-1
448,59,482.84,434.08,103.08,285.28,0.5846,-1,-1,-1
448,68,766.06,333.26,334.30,646.27,0.7763,-1,-1,-1
448,70,722.86,445.95,124.26,262.68,0.4139,-1,-1,-1
448,69,1346.41,424.86,120.16,339.01,0.7804,-1,-1,-1
448,64,1243.36,422.37,126.44,379.23,0.3710,-1,-1,-1
448,11,1139.17,418.83,198.20,650.27,0.7742,-1,-1,-1
448,26,1058.57,420.69,129.73,472.35,0.5337,-1,-1,-1
449,55,625.82,434.77,93.74,308.07,0.5934,-1,-1,-1
449,59,485.15,436.82,105.63,282.99,0.7029,-1,-1,-1
449,68,729.86,332.22,333.83,646.30,0.7322,-1,-1,-1
449,69,1350.53,422.74,116.75,340.64,0.7502,-1,-1,-1
449,64,1245.61,419.38,123.57,343.76,0.5109,-1,-1,-1
449,11,1142.61,423.88,192.89,649.32,0.7307,-1,-1,-1
449,26,1042.13,420.06,147.42,514.25,0.8011,-1,-1,-1
449,71,1831.15,469.78,73.08,179.37,0.3388,-1,-1,-1
450,55,635.35,434.80,87.53,303.48,0.6594,-1,-1,-1
450,59,486.57,435.78,106.67,285.30,0.6995,-1,-1,-1
450,68,695.71,335.47,331.11,635.42,0.7551,-1,-1,-1
450,69,1353.22,421.74,118.99,340.88,0.7539,-1,-1,-1
450,11,1143.88,420.75,210.83,651.30,0.8143,-1,-1,-1
450,26,1037.68,415.45,155.68,540.47,0.7719,-1,-1,-1
450,71,1831.76,468.68,74.76,180.34,0.3340,-1,-1,-1
451,55,644.81,437.97,81.00,300.50,0.6660,-1,-1,-1
451,59,489.54,434.29,118.57,289.35,0.6385,-1,-1,-1
451,68,660.43,339.49,333.42,638.60,0.7166,-1,-1,-1
451,69,1353.65,419.11,124.55,345.47,0.7262,-1,-1,-1
451,11,1136.59,418.77,248.63,654.77,0.8218,-1,-1,-1
451,26,1037.39,412.49,158.88,551.99,0.7849,-1,-1,-1
452,59,490.03,433.75,127.32,290.08,0.7214,-1,-1,-1
452,68,634.20,346.98,323.87,635.82,0.7140,-1,-1,-1
452,69,1359.03,418.23,127.13,347.08,0.7836,-1,-1,-1
452,11,1107.02,416.40,293.98,657.33,0.7162,-1,-1,-1
452,26,1040.40,413.28,160.04,553.59,0.7996,-1,-1,-1
453,59,495.97,436.26,125.57,286.74,0.7165,-1,-1,-1
453,68,586.72,358.21,347.02,668.45,0.5383,-1,-1,-1
453,69,1365.85,418.17,125.31,346.74,0.8185,-1,-1,-1
453,11,1135.72,415.91,294.64,652.82,0.8062,-1,-1,-1
453,26,1046.39,413.99,153.78,551.09,0.7941,-1,-1,-1
454,59,504.38,437.62,111.68,284.69,0.7770,-1,-1,-1
454,68,541.88,368.41,362.42,657.69,0.6765,-1,-1,-1
454,69,1370.18,418.08,126.43,349.37,0.8183,-1,-1,-1
454,11,1144.64,410.45,303.44,662.87,0.7957,-1,-1,-1
454,26,1048.54,415.02,155.77,546.64,0.7732,-1,-1,-1
454,47,820.64,423.48,69.80,270.91,0.4522,-1,-1,-1
455,59,513.88,449.28,94.41,268.58,0.6621,-1,-1,-1
455,68,499.08,384.49,370.10,631.79,0.6364,-1,-1,-1
455,69,1373.12,418.73,129.00,349.63,0.8235,-1,-1,-1
455,11,1149.00,417.14,304.37,661.39,0.7102,-1,-1,-1
455,26,1052.19,417.35,168.09,547.19,0.7695,-1,-1,-1
455,78,243.80,517.24,90.98,123.19,0.5262,-1,-1,-1
455,47,820.91,421.20,74.84,283.07,0.6186,-1,-1,-1
456,68,460.34,391.88,376.50,647.07,0.7103,-1,-1,-1
456,69,1376.68,419.80,131.42,353.29,0.8204,-1,-1,-1
456,11,1151.04,421.87,309.89,659.15,0.7531,-1,-1,-1
456,26,1056.18,419.57,169.77,545.56,0.7770,-1,-1,-1
456,47,814.83,420.22,86.06,287.81,0.5994,-1,-1,-1
457,68,411.74,395.68,382.78,646.11,0.6783,-1,-1,-1
457,69,1379.38,420.58,135.05,357.29,0.8460,-1,-1,-1
457,11,1152.50,414.92,298.29,665.16,0.8218,-1,-1,-1
457,26,1061.16,420.38,167.23,545.55,0.8056,-1,-1,-1
457,47,809.35,414.01,95.32,294.87,0.6822,-1,-1,-1
457,80,415.70,470.95,42.48,100.97,0.3416,-1,-1,-1
457,55,687.65,440.72,69.86,218.44,0.3440,-1,-1,-1
457,78,230.12,514.32,93.62,115.61,0.3939,-1,-1,-1
458,68,375.14,394.23,390.99,666.67,0.7580,-1,-1,-1
458,69,1386.31,421.78,134.81,359.30,0.8286,-1,-1,-1
458,11,1153.33,414.90,303.37,664.31,0.8404,-1,-1,-1
458,26,1068.22,419.37,161.55,543.17,0.8053,-1,-1,-1
458,47,809.02,415.44,97.71,292.89,0.6736,-1,-1,-1
458,55,688.79,441.46,81.66,271.91,0.4973,-1,-1,-1
458,78,220.65,517.66,94.12,117.30,0.4044,-1,-1,-1
459,68,339.84,390.36,395.57,680.42,0.8430,-1,-1,-1
459,69,1391.62,423.57,144.39,361.40,0.8361,-1,-1,-1
459,11,1154.83,414.77,314.07,664.28,0.8346,-1,-1,-1
459,26,1075.52,418.54,157.60,546.47,0.7696,-1,-1,-1
459,47,816.65,419.13,88.31,285.94,0.5968,-1,-1,-1
459,55,688.15,442.80,103.06,284.22,0.4899,-1,-1,-1
459,78,210.09,520.66,96.11,123.25,0.3800,-1,-1,-1
460,68,302.43,388.38,405.30,678.29,0.6816,-1,-1,-1
460,69,1397.49,424.06,156.64,363.47,0.8446,-1,-1,-1
460,11,1158.26,412.72,311.54,664.43,0.8425,-1,-1,-1
460,26,1085.49,418.62,152.55,548.36,0.7160,-1,-1,-1
460,47,820.83,422.06,88.25,280.18,0.5387,-1,-1,-1
460,55,677.97,441.46,122.30,291.89,0.6885,-1,-1,-1
460,78,202.18,521.59,95.68,117.41,0.4019,-1,-1,-1
461,68,274.10,375.09,404.54,698.79,0.8019,-1,-1,-1
461,69,1401.25,425.53,163.72,365.02,0.8552,-1,-1,-1
461,11,1160.27,411.08,310.20,667.71,0.8620,-1,-1,-1
461,26,1097.30,421.51,151.20,553.49,0.7146,-1,-1,-1
461,47,818.45,416.67,96.90,284.73,0.5821,-1,-1,-1
461,55,662.51,440.14,141.84,297.11,0.7447,-1,-1,-1
462,68,249.36,369.93,396.43,705.04,0.7662,-1,-1,-1
462,69,1403.58,426.30,167.10,366.42,0.8153,-1,-1,-1
462,11,1158.56,405.76,313.26,672.38,0.8665,-1,-1,-1
462,26,1098.83,420.14,157.24,556.55,0.7318,-1,-1,-1
462,47,813.15,413.24,102.78,289.25,0.6093,-1,-1,-1
462,55,665.21,439.89,138.08,298.42,0.6932,-1,-1,-1
462,59,563.96,434.81,88.35,276.02,0.5542,-1,-1,-1
463,68,243.47,363.35,382.03,711.22,0.7795,-1,-1,-1
463,69,1405.40,430.40,171.08,367.22,0.8300,-1,-1,-1
463,11,1160.95,403.41,310.40,674.78,0.8029,-1,-1,-1
463,26,1102.44,417.18,157.21,558.30,0.7729,-1,-1,-1
463,47,810.10,411.55,109.56,290.88,0.5970,-1,-1,-1
463,55,672.04,439.24,126.15,297.80,0.6769,-1,-1,-1
463,59,567.04,432.70,91.79,276.93,0.7023,-1,-1,-1
463,61,774.37,446.68,46.99,141.06,0.4049,-1,-1,-1
464,68,221.00,358.78,384.90,714.70,0.8128,-1,-1,-1
464,69,1413.21,427.72,165.99,372.87,0.8497,-1,-1,-1
464,11,1167.02,401.94,303.27,675.26,0.7972,-1,-1,-1
464,26,1104.74,413.43,162.08,564.46,0.7789,-1,-1,-1
464,47,809.18,411.75,114.78,291.93,0.6323,-1,-1,-1
464,55,680.65,438.67,117.19,294.53,0.6815,-1,-1,-1
464,59,572.21,432.06,91.62,275.63,0.6958,-1,-1,-1
464,61,772.89,446.07,46.93,140.33,0.5095,-1,-1,-1
465,68,195.65,360.42,393.31,710.32,0.7817,-1,-1,-1
465,69,1421.58,424.83,158.43,378.43,0.8427,-1,-1,-1
465,11,1183.21,402.00,286.27,677.07,0.8340,-1,-1,-1
465,26,1108.10,416.18,159.54,561.76,0.7699,-1,-1,-1
465,47,817.02,412.32,108.47,291.71,0.6268,-1,-1,-1
465,55,685.66,438.94,113.87,293.53,0.6239,-1,-1,-1
465,59,568.01,430.82,99.80,276.64,0.6813,-1,-1,-1
466,68,157.88,365.12,399.43,707.35,0.7488,-1,-1,-1
466,69,1432.81,421.85,147.09,382.99,0.8452,-1,-1,-1
466,11,1195.73,402.61,274.47,676.12,0.8166,-1,-1,-1
466,26,1107.68,420.24,165.23,555.54,0.7763,-1,-1,-1
466,47,822.45,409.70,106.40,295.40,0.6719,-1,-1,-1
466,55,704.18,438.57,108.29,293.00,0.6412,-1,-1,-1
466,59,564.58,430.15,106.12,278.08,0.6882,-1,-1,-1
466,81,512.16,448.53,75.11,193.41,0.3998,-1,-1,-1
467,68,129.58,369.20,402.31,703.80,0.8543,-1,-1,-1
467,69,1447.83,421.08,135.48,385.48,0.8018,-1,-1,-1
467,11,1216.26,404.52,259.60,667.70,0.7361,-1,-1,-1
467,26,1108.71,426.01,171.46,550.07,0.7268,-1,-1,-1
467,47,827.44,407.98,100.54,297.71,0.6769,-1,-1,-1
467,55,718.53,440.03,97.89,292.29,0.6693,-1,-1,-1
467,59,568.53,428.66,103.53,279.87,0.6877,-1,-1,-1
467,81,501.98,456.11,78.95,183.33,0.3585,-1,-1,-1
468,68,113.41,371.99,391.00,702.30,0.8188,-1,-1,-1
468,69,1459.69,416.30,131.52,389.08,0.8164,-1,-1,-1
468,11,1239.03,405.56,244.04,655.02,0.6429,-1,-1,-1
468,26,1112.59,423.88,176.30,561.96,0.7788,-1,-1,-1
468,47,830.55,406.97,97.25,298.39,0.6697,-1,-1,-1
468,55,713.50,439.54,101.39,293.16,0.6053,-1,-1,-1
468,59,572.39,432.39,99.11,272.87,0.7036,-1,-1,-1
469,68,78.72,379.67,388.30,689.90,0.7289,-1,-1,-1
469,69,1471.52,414.26,123.27,391.19,0.7870,-1,-1,-1
469,11,1253.47,403.35,242.72,665.75,0.7933,-1,-1,-1
469,26,1116.53,422.62,173.69,574.11,0.7742,-1,-1,-1
469,47,833.62,407.06,93.58,298.72,0.6873,-1,-1,-1
469,55,711.56,437.55,106.10,295.12,0.6255,-1,-1,-1
469,59,575.93,435.62,97.30,269.00,0.7121,-1,-1,-1
469,81,492.34,457.79,81.94,192.70,0.3647,-1,-1,-1
470,68,49.07,388.96,392.56,679.48,0.7838,-1,-1,-1
470,69,1481.44,412.31,119.70,391.51,0.8235,-1,-1,-1
470,11,1270.79,405.88,236.21,667.59,0.6420,-1,-1,-1
470,26,1123.15,422.13,178.14,583.61,0.7597,-1,-1,-1
470,47,833.32,407.98,92.99,299.09,0.7193,-1,-1,-1
470,55,712.90,437.37,118.59,293.34,0.6062,-1,-1,-1
470,59,579.69,438.77,95.00,267.58,0.7096,-1,-1,-1
470,81,488.55,470.23,75.60,177.27,0.3062,-1,-1,-1
471,68,18.97,395.50,408.78,673.59,0.8302,-1,-1,-1
471,69,1489.80,410.42,116.66,393.00,0.8151,-1,-1,-1
471,11,1289.67,401.64,213.32,673.34,0.5577,-1,-1,-1
471,26,1129.91,421.90,173.21,588.00,0.7716,-1,-1,-1
471,47,837.09,412.88,90.52,293.10,0.7531,-1,-1,-1
471,55,730.38,433.10,116.90,298.99,0.5846,-1,-1,-1
471,59,581.83,446.01,94.69,262.65,0.6995,-1,-1,-1
472,68,-2.64,401.31,398.78,665.09,0.7826,-1,-1,-1
472,69,1494.90,409.60,117.83,395.53,0.8315,-1,-1,-1
472,11,1290.40,399.19,207.73,674.59,0.6532,-1,-1,-1
472,26,1133.75,418.60,178.73,593.37,0.8032,-1,-1,-1
472,47,838.17,412.83,89.53,292.46,0.7329,-1,-1,-1
472,55,738.54,432.43,119.16,299.56,0.6447,-1,-1,-1
472,59,584.35,446.11,96.10,262.35,0.7329,-1,-1,-1
472,84,408.56,486.69,62.37,138.08,0.3858,-1,-1,-1
472,81,484.16,472.17,64.51,169.24,0.3567,-1,-1,-1
473,68,-11.34,402.90,394.34,663.67,0.6320,-1,-1,-1
473,69,1500.48,410.36,118.56,393.03,0.8029,-1,-1,-1
473,11,1310.56,399.19,201.71,669.82,0.6614,-1,-1,-1
473,26,1138.44,421.63,171.49,590.47,0.7926,-1,-1,-1
473,47,840.08,415.99,89.68,289.43,0.6987,-1,-1,-1
473,55,742.12,435.02,119.06,296.07,0.6692,-1,-1,-1
473,59,587.10,441.88,97.52,266.51,0.7315,-1,-1,-1
473,84,409.41,488.08,54.34,127.15,0.3492,-1,-1,-1
473,81,470.65,474.00,72.26,175.03,0.3435,-1,-1,-1
474,68,-13.57,401.11,364.84,670.01,0.5938,-1,-1,-1
474,69,1504.00,411.10,123.70,391.81,0.7798,-1,-1,-1
474,11,1323.96,399.68,202.01,666.54,0.7211,-1,-1,-1
474,26,1143.77,422.03,166.77,589.93,0.8007,-1,-1,-1
474,47,839.32,414.48,86.37,290.26,0.6225,-1,-1,-1
474,55,741.96,437.81,119.66,292.30,0.6532,-1,-1,-1
474,59,589.82,440.18,98.32,267.88,0.7394,-1,-1,-1
474,81,453.22,474.95,88.81,182.00,0.4081,-1,-1,-1
475,68,-12.32,398.85,346.44,674.04,0.7463,-1,-1,-1
475,69,1508.79,410.46,130.43,392.86,0.7779,-1,-1,-1
475,11,1326.34,400.98,205.70,666.12,0.7505,-1,-1,-1
475,26,1147.52,422.08,167.16,589.97,0.8165,-1,-1,-1
475,47,845.75,415.52,90.87,287.92,0.5108,-1,-1,-1
475,55,743.65,436.78,118.54,293.76,0.6513,-1,-1,-1
475,59,592.72,441.79,98.69,265.74,0.7414,-1,-1,-1
475,81,453.44,475.47,86.07,186.76,0.3747,-1,-1,-1
475,51,843.67,426.72,74.72,277.18,0.3545,-1,-1,-1
476,68,-10.24,394.48,324.97,674.53,0.3974,-1,-1,-1
476,69,1513.69,411.54,145.54,392.97,0.7606,-1,-1,-1
476,11,1328.77,397.81,212.95,673.19,0.6740,-1,-1,-1
476,26,1149.77,421.53,167.31,590.30,0.8137,-1,-1,-1
476,47,846.89,416.54,83.52,287.57,0.5583,-1,-1,-1
476,55,744.04,436.66,118.19,294.31,0.7016,-1,-1,-1
476,59,595.57,444.39,100.86,261.80,0.7923,-1,-1,-1
476,81,442.96,478.09,89.25,184.20,0.5482,-1,-1,-1
476,51,846.62,419.74,78.49,284.50,0.5583,-1,-1,-1
477,68,-8.60,390.49,302.62,679.61,0.7831,-1,-1,-1
477,69,1517.09,411.11,165.63,398.64,0.8324,-1,-1,-1
477,11,1335.27,396.84,199.01,665.37,0.3971,-1,-1,-1
477,26,1151.63,421.21,170.71,590.67,0.8250,-1,-1,-1
477,47,847.26,416.84,77.07,285.55,0.5528,-1,-1,-1
477,55,745.53,437.47,116.41,293.71,0.7030,-1,-1,-1
477,59,600.19,444.63,100.36,260.93,0.7704,-1,-1,-1
477,81,432.54,474.96,92.47,188.11,0.4174,-1,-1,-1
477,51,847.72,417.43,75.30,285.02,0.5528,-1,-1,-1
478,68,-6.85,383.06,282.41,685.14,0.4152,-1,-1,-1
478,69,1523.57,408.31,180.49,401.42,0.8257,-1,-1,-1
478,11,1338.38,398.19,202.06,660.28,0.6572,-1,-1,-1
478,26,1157.55,421.03,169.07,590.68,0.8188,-1,-1,-1
478,47,848.76,415.61,75.35,286.22,0.4893,-1,-1,-1
478,55,747.47,437.44,113.53,294.89,0.6313,-1,-1,-1
478,59,611.03,445.38,94.02,258.66,0.6862,-1,-1,-1
478,81,422.54,474.75,97.32,190.39,0.4568,-1,-1,-1
478,51,852.19,423.76,124.49,273.90,0.3467,-1,-1,-1
478,88,1307.58,418.27,86.74,511.22,0.4051,-1,-1,-1
479,68,-4.95,382.12,261.71,686.92,0.7240,-1,-1,-1
479,69,1530.00,409.43,193.69,404.30,0.8491,-1,-1,-1
479,11,1345.10,398.17,212.13,669.10,0.7608,-1,-1,-1
479,26,1162.44,420.14,168.40,590.97,0.8017,-1,-1,-1
479,47,851.33,414.18,70.33,286.02,0.5195,-1,-1,-1
479,55,755.64,438.49,106.75,293.92,0.6153,-1,-1,-1
479,59,609.61,444.44,101.04,258.73,0.6578,-1,-1,-1
479,51,879.87,431.55,118.08,260.13,0.4881,-1,-1,-1
479,88,1316.03,413.41,94.32,529.13,0.4341,-1,-1,-1
480,68,-3.73,389.87,241.43,679.45,0.3583,-1,-1,-1
480,69,1536.56,412.81,199.56,408.37,0.8577,-1,-1,-1
480,11,1348.17,401.72,226.52,670.21,0.8131,-1,-1,-1
480,26,1168.18,420.50,166.02,590.01,0.8060,-1,-1,-1
480,47,852.10,412.93,69.58,286.88,0.5702,-1,-1,-1
480,55,763.64,437.42,100.41,292.32,0.6541,-1,-1,-1
480,59,618.65,439.23,92.89,262.06,0.6059,-1,-1,-1
480,51,894.69,435.90,114.00,250.65,0.5523,-1,-1,-1
480,88,1323.79,411.26,93.78,542.16,0.4473,-1,-1,-1
481,68,-3.00,406.63,221.70,664.82,0.7640,-1,-1,-1
481,69,1542.19,417.73,203.79,407.09,0.8479,-1,-1,-1
481,11,1349.40,399.23,243.91,676.94,0.8316,-1,-1,-1
481,26,1173.06,419.48,165.07,590.48,0.8083,-1,-1,-1
481,47,853.29,413.19,67.69,286.17,0.5483,-1,-1,-1
481,55,773.11,439.43,96.24,286.28,0.6125,-1,-1,-1
481,59,625.97,436.11,92.56,263.59,0.6030,-1,-1,-1
481,51,902.19,439.29,109.96,244.56,0.6320,-1,-1,-1
481,88,1328.61,407.64,90.96,554.92,0.3934,-1,-1,-1
481,81,406.94,478.52,85.97,186.50,0.5196,-1,-1,-1
482,68,-2.48,453.10,202.44,618.89,0.7681,-1,-1,-1
482,69,1547.83,418.61,205.97,409.50,0.8333,-1,-1,-1
482,11,1354.45,396.90,254.38,680.48,0.8511,-1,-1,-1
482,26,1177.27,419.12,164.04,592.97,0.7925,-1,-1,-1
482,47,854.45,413.35,66.61,284.22,0.5303,-1,-1,-1
482,55,780.91,438.75,92.21,284.16,0.5800,-1,-1,-1
482,59,632.01,434.71,88.92,265.44,0.5774,-1,-1,-1
482,51,906.71,442.77,107.15,239.89,0.6762,-1,-1,-1
482,88,1330.70,406.42,97.15,551.13,0.3446,-1,-1,-1
482,81,404.67,477.69,83.37,191.70,0.4567,-1,-1,-1
483,68,-1.99,500.92,184.37,570.14,0.7446,-1,-1,-1
483,69,1555.21,418.46,199.50,413.03,0.8255,-1,-1,-1
483,11,1358.77,394.78,263.14,681.99,0.8279,-1,-1,-1
483,26,1183.40,418.61,162.06,593.35,0.7928,-1,-1,-1
483,47,855.70,415.25,66.91,283.93,0.5269,-1,-1,-1
483,55,792.74,437.12,82.31,287.94,0.6331,-1,-1,-1
483,59,631.12,433.75,94.96,264.33,0.6164,-1,-1,-1
483,51,910.35,445.28,102.56,237.09,0.6639,-1,-1,-1
483,88,1332.32,401.36,102.96,558.95,0.4050,-1,-1,-1
483,81,399.29,476.63,87.74,193.10,0.4749,-1,-1,-1
484,68,-1.30,544.37,163.27,454.80,0.3872,-1,-1,-1
484,69,1563.13,416.42,193.60,418.84,0.8216,-1,-1,-1
484,11,1360.58,393.98,272.22,683.75,0.8717,-1,-1,-1
484,26,1188.88,417.68,161.44,594.88,0.7880,-1,-1,-1
484,47,859.15,428.43,65.23,270.97,0.5167,-1,-1,-1
484,55,797.71,437.87,78.02,289.76,0.6599,-1,-1,-1
484,59,633.12,435.09,100.20,261.96,0.6559,-1,-1,-1
484,51,913.32,445.78,98.82,237.40,0.6518,-1,-1,-1
484,88,1336.03,405.75,101.42,557.31,0.4310,-1,-1,-1
484,81,384.79,476.00,100.56,195.06,0.4640,-1,-1,-1
485,68,-1.04,564.59,143.88,488.68,0.4238,-1,-1,-1
485,69,1573.66,411.71,184.84,426.06,0.8338,-1,-1,-1
485,11,1361.21,395.41,278.44,681.69,0.8567,-1,-1,-1
485,26,1193.91,419.63,162.92,593.53,0.7823,-1,-1,-1
485,47,861.72,425.34,61.01,271.11,0.4659,-1,-1,-1
485,55,801.13,438.75,83.10,286.68,0.6579,-1,-1,-1
485,59,632.56,434.88,110.19,261.90,0.6880,-1,-1,-1
485,51,914.45,442.59,97.70,239.54,0.6780,-1,-1,-1
485,88,1338.34,417.87,101.25,543.63,0.5510,-1,-1,-1
485,81,368.50,477.10,109.93,198.23,0.3479,-1,-1,-1
486,68,-0.49,580.16,116.71,427.10,0.5680,-1,-1,-1
486,69,1582.50,412.08,178.38,427.57,0.8356,-1,-1,-1
486,11,1360.78,396.56,283.69,679.87,0.8409,-1,-1,-1
486,26,1198.94,419.93,163.49,592.79,0.7762,-1,-1,-1
486,47,864.68,430.02,59.49,251.51,0.3564,-1,-1,-1
486,55,802.19,438.71,95.08,285.86,0.5761,-1,-1,-1
486,59,633.27,434.54,118.10,262.33,0.7144,-1,-1,-1
486,51,913.72,441.79,97.03,239.58,0.6945,-1,-1,-1
486,88,1339.44,415.55,105.28,549.10,0.6093,-1,-1,-1
486,81,356.82,478.68,107.50,193.46,0.3277,-1,-1,-1
487,68,-0.26,553.69,92.86,434.63,0.4663,-1,-1,-1
487,69,1590.00,415.31,169.92,425.11,0.7894,-1,-1,-1
487,11,1361.84,396.47,283.59,679.60,0.8439,-1,-1,-1
487,26,1201.61,419.22,175.70,593.64,0.7764,-1,-1,-1
487,47,863.96,429.47,61.38,260.36,0.4202,-1,-1,-1
487,55,804.11,437.97,93.40,285.39,0.4917,-1,-1,-1
487,59,633.85,435.34,125.26,261.34,0.6701,-1,-1,-1
487,51,918.08,441.94,93.49,239.88,0.6628,-1,-1,-1
487,88,1345.40,413.31,104.34,533.61,0.5813,-1,-1,-1
487,81,353.66,478.29,105.99,197.02,0.4731,-1,-1,-1
488,68,0.00,628.21,70.51,337.87,0.5588,-1,-1,-1
488,69,1598.43,417.92,164.67,422.14,0.7656,-1,-1,-1
488,11,1361.71,399.54,288.32,676.57,0.8192,-1,-1,-1
488,26,1203.22,419.59,181.48,592.77,0.7843,-1,-1,-1
488,47,856.30,435.77,74.25,279.29,0.3351,-1,-1,-1
488,55,805.59,434.48,115.62,290.21,0.5851,-1,-1,-1
488,59,636.01,435.44,126.50,261.05,0.6730,-1,-1,-1
488,51,921.33,447.73,90.63,233.91,0.5542,-1,-1,-1
488,88,1349.21,416.97,106.42,514.33,0.5109,-1,-1,-1
488,81,348.93,476.01,105.31,201.78,0.4939,-1,-1,-1
489,69,1607.63,414.29,156.83,428.07,0.7449,-1,-1,-1
489,11,1362.34,395.01,290.76,678.30,0.7880,-1,-1,-1
489,26,1205.76,415.10,185.49,595.04,0.8260,-1,-1,-1
489,47,854.01,436.82,81.74,287.32,0.4583,-1,-1,-1
489,55,806.91,432.40,127.71,292.18,0.5715,-1,-1,-1
489,59,640.73,436.05,125.31,260.03,0.6960,-1,-1,-1
489,51,923.94,441.48,89.62,239.70,0.6094,-1,-1,-1
489,88,1351.13,421.51,110.24,484.29,0.5551,-1,-1,-1
489,81,340.42,460.35,101.14,219.70,0.5010,-1,-1,-1
489,95,-0.32,534.49,64.79,130.32,0.5446,-1,-1,-1
490,69,1615.78,412.34,149.65,431.73,0.7323,-1,-1,-1
490,11,1366.83,396.58,274.06,675.77,0.7451,-1,-1,-1
490,26,1205.91,416.70,187.86,594.56,0.8008,-1,-1,-1
490,47,823.07,438.01,116.50,287.56,0.5803,-1,-1,-1
490,55,807.10,435.36,134.40,289.26,0.5803,-1,-1,-1
490,59,643.32,435.42,124.54,261.98,0.7904,-1,-1,-1
490,51,933.38,439.98,81.14,240.12,0.6166,-1,-1,-1
490,88,1355.06,420.22,113.08,477.21,0.6121,-1,-1,-1
490,81,332.17,460.63,97.61,220.32,0.5006,-1,-1,-1
490,95,-0.46,541.89,53.17,112.91,0.3636,-1,-1,-1
491,69,1620.84,409.75,133.60,432.51,0.7353,-1,-1,-1
491,11,1369.20,399.17,260.80,670.68,0.6710,-1,-1,-1
491,26,1206.56,417.43,188.34,594.45,0.8076,-1,-1,-1
491,47,812.79,438.09,129.73,287.92,0.5251,-1,-1,-1
491,55,808.53,436.44,137.03,288.24,0.5251,-1,-1,-1
491,59,647.18,435.07,122.53,263.78,0.7892,-1,-1,-1
491,51,944.84,437.34,72.64,241.10,0.5935,-1,-1,-1
491,88,1361.34,418.78,114.36,473.53,0.5507,-1,-1,-1
491,81,321.47,482.36,101.57,199.81,0.4786,-1,-1,-1
492,69,1631.68,409.77,120.26,436.90,0.7097,-1,-1,-1
492,11,1373.22,394.90,298.51,668.02,0.4253,-1,-1,-1
492,26,1206.49,414.33,194.19,596.07,0.8157,-1,-1,-1
492,47,808.04,443.19,138.66,283.18,0.6685,-1,-1,-1
492,55,808.88,442.06,141.09,282.94,0.6685,-1,-1,-1
492,59,648.58,433.55,123.71,266.85,0.7643,-1,-1,-1
492,51,953.35,439.39,71.14,238.48,0.6241,-1,-1,-1
492,88,1366.37,413.47,164.35,569.63,0.3788,-1,-1,-1
492,81,315.49,482.47,97.80,200.75,0.5227,-1,-1,-1
492,97,723.84,444.43,46.76,132.02,0.3466,-1,-1,-1
492,98,565.67,440.54,32.49,89.82,0.3618,-1,-1,-1
492,64,1367.80,411.34,122.19,470.23,0.5256,-1,-1,-1
492,95,-0.26,559.24,35.07,89.59,0.3578,-1,-1,-1
493,69,1636.70,409.92,120.81,434.95,0.6401,-1,-1,-1
493,11,1411.38,392.08,258.59,665.97,0.3621,-1,-1,-1
493,26,1206.92,416.40,198.13,593.72,0.8290,-1,-1,-1
493,47,807.44,446.02,142.16,279.54,0.6881,-1,-1,-1
493,55,810.30,445.16,142.45,279.13,0.6881,-1,-1,-1
493,59,651.78,439.37,120.97,262.41,0.7729,-1,-1,-1
493,51,958.04,440.13,73.64,238.71,0.7063,-1,-1,-1
493,88,1372.02,397.54,208.36,636.16,0.4734,-1,-1,-1
493,81,306.73,486.66,101.07,194.08,0.4879,-1,-1,-1
493,97,727.77,444.27,42.06,130.11,0.3713,-1,-1,-1
493,98,563.81,439.07,34.93,92.42,0.3295,-1,-1,-1
493,64,1373.06,410.20,121.29,489.36,0.5388,-1,-1,-1
494,69,1637.31,410.06,129.29,410.40,0.6720,-1,-1,-1
494,11,1390.71,389.24,283.92,661.39,0.4989,-1,-1,-1
494,26,1207.04,419.66,205.12,590.43,0.8281,-1,-1,-1
494,47,807.52,446.51,144.66,279.78,0.7111,-1,-1,-1
494,55,810.96,445.80,144.13,279.36,0.7111,-1,-1,-1
494,59,654.49,441.50,119.72,260.56,0.7828,-1,-1,-1
494,51,958.57,441.37,77.58,238.30,0.6563,-1,-1,-1
494,88,1377.71,402.78,163.13,576.73,0.6173,-1,-1,-1
494,81,301.33,479.21,103.69,200.76,0.3785,-1,-1,-1
494,98,564.08,439.54,35.02,92.56,0.3095,-1,-1,-1
494,64,1378.16,408.17,122.14,518.78,0.6173,-1,-1,-1
495,69,1638.37,406.75,154.32,441.88,0.6937,-1,-1,-1
495,11,1383.95,384.86,284.97,663.71,0.4453,-1,-1,-1
495,26,1207.73,421.02,212.23,589.95,0.8145,-1,-1,-1
495,47,813.64,444.47,139.70,281.39,0.6833,-1,-1,-1
495,55,817.24,443.86,138.71,281.00,0.6833,-1,-1,-1
495,59,655.21,438.64,118.55,263.28,0.7628,-1,-1,-1
495,51,961.36,441.81,86.61,238.97,0.6633,-1,-1,-1
495,88,1378.71,404.91,140.35,566.91,0.5724,-1,-1,-1
495,81,295.13,474.13,100.52,214.94,0.3151,-1,-1,-1
495,98,564.10,440.99,35.44,92.54,0.3224,-1,-1,-1
495,64,1378.75,407.06,124.65,546.84,0.5724,-1,-1,-1
496,69,1641.98,404.51,168.89,417.48,0.4882,-1,-1,-1
496,11,1389.94,377.34,279.99,684.31,0.5698,-1,-1,-1
496,26,1208.17,420.34,219.10,591.11,0.8325,-1,-1,-1
496,47,818.29,442.38,136.41,284.66,0.7018,-1,-1,-1
496,55,821.64,441.85,135.32,284.31,0.7018,-1,-1,-1
496,59,657.24,438.07,116.18,263.85,0.7864,-1,-1,-1
496,51,961.21,442.77,99.71,238.73,0.7297,-1,-1,-1
496,88,1382.44,409.99,134.86,566.93,0.6484,-1,-1,-1
496,81,291.58,463.20,92.11,224.34,0.3580,-1,-1,-1
496,98,566.31,441.68,33.84,91.92,0.3875,-1,-1,-1
496,64,1382.27,410.77,128.29,561.29,0.6484,-1,-1,-1
497,69,1646.13,405.36,160.64,454.38,0.8001,-1,-1,-1
497,11,1396.09,377.29,288.56,692.24,0.6531,-1,-1,-1
497,26,1209.22,420.48,223.55,590.53,0.8528,-1,-1,-1
497,47,825.74,443.10,129.46,285.49,0.7342,-1,-1,-1
497,55,828.86,442.64,128.31,285.16,0.7342,-1,-1,-1
497,59,663.09,435.09,109.56,267.11,0.7761,-1,-1,-1
497,51,963.64,442.40,108.87,239.46,0.7281,-1,-1,-1
497,88,1389.71,415.65,132.87,498.35,0.6543,-1,-1,-1
497,81,262.90,467.96,109.38,224.18,0.4462,-1,-1,-1
497,98,567.08,442.25,33.11,91.19,0.3681,-1,-1,-1
497,64,1389.45,415.91,129.61,499.57,0.6543,-1,-1,-1
498,69,1651.63,408.41,160.16,463.05,0.7418,-1,-1,-1
498,11,1409.70,376.67,280.03,693.81,0.6498,-1,-1,-1
498,26,1213.04,418.25,223.28,592.87,0.8473,-1,-1,-1
498,47,835.24,444.09,120.44,283.61,0.6812,-1,-1,-1
498,55,838.06,443.70,119.30,283.31,0.6812,-1,-1,-1
498,59,669.40,432.99,102.17,269.31,0.7723,-1,-1,-1
498,51,967.76,440.61,113.46,241.41,0.7380,-1,-1,-1
498,88,1392.29,413.24,136.96,519.96,0.6521,-1,-1,-1
498,81,256.34,474.80,111.36,223.81,0.4573,-1,-1,-1
498,98,567.07,441.70,33.53,92.00,0.3902,-1,-1,-1
498,64,1392.06,413.42,135.03,521.79,0.6521,-1,-1,-1
499,69,1654.48,406.73,190.95,469.08,0.8522,-1,-1,-1
499,11,1422.19,377.67,272.50,693.75,0.6667,-1,-1,-1
499,26,1220.06,415.71,216.21,596.13,0.8361,-1,-1,-1
499,47,849.01,443.66,107.40,284.94,0.7000,-1,-1,-1
499,55,851.54,443.32,106.27,284.68,0.7000,-1,-1,-1
499,59,673.36,435.36,98.13,265.96,0.7669,-1,-1,-1
499,51,970.41,440.70,119.20,242.06,0.6979,-1,-1,-1
499,88,1393.55,407.94,143.90,531.49,0.6557,-1,-1,-1
499,81,244.92,480.68,111.16,220.28,0.5495,-1,-1,-1
499,98,567.25,442.26,32.74,91.61,0.3973,-1,-1,-1
499,64,1393.34,408.13,142.53,533.70,0.6557,-1,-1,-1
500,69,1661.10,410.60,205.91,473.09,0.8427,-1,-1,-1
500,11,1443.60,377.88,263.18,693.12,0.5802,-1,-1,-1
500,26,1228.42,416.52,209.89,595.95,0.7888,-1,-1,-1
500,47,854.39,440.38,103.77,286.95,0.6592,-1,-1,-1
500,55,856.41,440.09,102.87,286.71,0.6592,-1,-1,-1
500,59,676.27,433.97,95.96,267.05,0.7473,-1,-1,-1
500,51,971.24,442.94,120.69,240.11,0.6807,-1,-1,-1
500,88,1390.79,409.01,154.74,544.45,0.6766,-1,-1,-1
500,81,237.39,481.38,104.15,222.76,0.6091,-1,-1,-1
500,98,568.40,442.67,32.00,91.07,0.3358,-1,-1,-1
500,64,1390.59,409.15,153.64,546.59,0.6766,-1,-1,-1
501,69,1671.65,415.16,218.53,472.31,0.8534,-1,-1,-1
501,11,1477.01,375.00,232.77,611.55,0.6121,-1,-1,-1
501,26,1239.75,414.88,202.53,598.22,0.7920,-1,-1,-1
501,47,857.75,438.61,103.28,287.75,0.6994,-1,-1,-1
501,55,859.47,438.35,102.54,287.54,0.6994,-1,-1,-1
501,59,682.34,433.78,91.17,266.34,0.6852,-1,-1,-1
501,51,970.54,451.02,120.73,231.83,0.7069,-1,-1,-1
501,88,1394.25,411.61,154.29,543.40,0.6843,-1,-1,-1
501,81,226.62,481.35,107.19,222.29,0.6272,-1,-1,-1
501,98,570.87,445.03,29.86,88.89,0.3177,-1,-1,-1
501,64,1394.08,411.70,153.32,545.49,0.6843,-1,-1,-1
502,69,1683.00,415.15,217.71,474.65,0.8443,-1,-1,-1
502,11,1496.07,376.20,225.89,662.20,0.6170,-1,-1,-1
502,26,1252.98,414.93,195.95,599.41,0.7968,-1,-1,-1
502,47,860.55,439.96,104.28,286.61,0.6563,-1,-1,-1
502,55,862.04,439.74,103.66,286.42,0.6563,-1,-1,-1
502,59,691.61,435.45,83.57,263.62,0.6774,-1,-1,-1
502,51,972.87,451.20,117.58,231.59,0.7336,-1,-1,-1
502,88,1390.51,407.42,162.48,554.44,0.7129,-1,-1,-1
502,81,217.92,483.58,112.72,219.39,0.6012,-1,-1,-1
502,98,572.19,449.13,28.48,84.26,0.3031,-1,-1,-1
502,64,1390.37,407.53,161.66,556.26,0.7129,-1,-1,-1
503,69,1691.73,413.08,216.07,481.33,0.8554,-1,-1,-1
503,11,1508.67,374.13,218.01,681.50,0.7257,-1,-1,-1
503,26,1276.50,411.43,178.72,605.16,0.7669,-1,-1,-1
503,47,865.95,440.34,105.29,285.79,0.6734,-1,-1,-1
503,55,867.27,440.15,104.75,285.62,0.6734,-1,-1,-1
503,59,691.97,434.71,86.41,265.00,0.6962,-1,-1,-1
503,51,979.74,448.25,110.93,234.42,0.7196,-1,-1,-1
503,88,1386.43,409.96,170.21,555.43,0.6207,-1,-1,-1
503,81,205.69,481.76,118.46,230.13,0.5359,-1,-1,-1
503,98,572.27,447.77,28.44,86.40,0.3503,-1,-1,-1
503,64,1386.31,410.04,169.47,557.08,0.6207,-1,-1,-1
503,101,0.07,914.29,111.29,165.73,0.4085,-1,-1,-1
504,69,1698.19,411.03,218.75,492.82,0.8656,-1,-1,-1
504,11,1518.21,372.77,216.53,690.40,0.7002,-1,-1,-1
504,26,1292.62,411.83,168.59,606.89,0.8043,-1,-1,-1
504,47,863.91,424.82,76.06,291.23,0.3592,-1,-1,-1
504,55,873.28,440.47,105.87,284.62,0.5696,-1,-1,-1
504,59,693.83,435.36,86.78,265.00,0.6868,-1,-1,-1
504,51,989.08,448.01,99.81,234.67,0.6597,-1,-1,-1
504,88,1390.02,410.49,170.63,555.86,0.6973,-1,-1,-1
504,81,192.34,482.06,119.02,234.93,0.6460,-1,-1,-1
504,98,572.10,447.32,28.47,87.44,0.4039,-1,-1,-1
504,64,1389.93,410.55,169.95,557.34,0.6973,-1,-1,-1
504,101,0.35,929.50,92.84,149.28,0.3494,-1,-1,-1
505,69,1708.39,408.11,212.60,500.85,0.8851,-1,-1,-1
505,11,1525.07,372.80,219.61,698.03,0.7683,-1,-1,-1
505,26,1302.47,410.53,165.28,613.21,0.8282,-1,-1,-1
505,47,867.19,425.88,64.45,283.82,0.4617,-1,-1,-1
505,55,882.29,442.84,113.79,281.04,0.5835,-1,-1,-1
505,59,694.36,436.70,89.71,264.40,0.7823,-1,-1,-1
505,51,1000.17,453.86,87.61,229.10,0.6443,-1,-1,-1
505,88,1401.07,420.83,164.40,547.53,0.6624,-1,-1,-1
505,81,182.01,482.40,114.45,235.94,0.6029,-1,-1,-1
505,98,572.01,448.96,28.44,85.81,0.4043,-1,-1,-1
505,64,1401.00,420.85,163.79,548.88,0.6624,-1,-1,-1
506,69,1718.10,403.53,204.84,507.29,0.8852,-1,-1,-1
506,11,1529.58,372.04,218.19,701.30,0.7570,-1,-1,-1
506,26,1309.28,411.24,163.98,622.88,0.7935,-1,-1,-1
506,47,869.26,416.83,67.42,287.44,0.5856,-1,-1,-1
506,55,893.91,449.06,117.82,273.58,0.6528,-1,-1,-1
506,59,699.10,435.44,90.19,266.35,0.7433,-1,-1,-1
506,51,1010.78,459.09,78.85,223.41,0.6267,-1,-1,-1
506,88,1430.72,422.89,138.15,534.35,0.7062,-1,-1,-1
506,81,168.35,484.01,114.23,234.29,0.6548,-1,-1,-1
506,98,571.83,448.39,28.91,85.83,0.4102,-1,-1,-1
506,64,1430.67,422.91,137.61,535.57,0.7062,-1,-1,-1
507,69,1732.67,399.93,190.45,512.88,0.8765,-1,-1,-1
507,11,1532.25,374.26,220.19,701.08,0.7412,-1,-1,-1
507,26,1314.84,411.96,162.03,631.94,0.8117,-1,-1,-1
507,47,870.08,414.00,67.41,288.56,0.6053,-1,-1,-1
507,55,899.95,450.76,120.68,270.81,0.6702,-1,-1,-1
507,59,702.35,435.46,95.25,266.10,0.7236,-1,-1,-1
507,51,1017.37,452.71,79.44,228.82,0.5339,-1,-1,-1
507,88,1444.43,418.91,126.95,541.41,0.6953,-1,-1,-1
507,81,153.24,482.50,116.24,242.43,0.6776,-1,-1,-1
507,98,572.24,447.34,28.70,86.89,0.3942,-1,-1,-1
507,64,1444.37,418.94,126.55,542.44,0.6953,-1,-1,-1
508,69,1743.22,397.80,179.00,514.83,0.8460,-1,-1,-1
508,11,1531.94,373.85,227.21,699.34,0.7468,-1,-1,-1
508,26,1319.34,414.76,178.72,637.69,0.7755,-1,-1,-1
508,47,870.03,412.46,67.88,286.49,0.6057,-1,-1,-1
508,55,901.38,452.36,133.17,269.09,0.7103,-1,-1,-1
508,59,712.29,435.76,92.03,264.46,0.6848,-1,-1,-1
508,51,1026.13,450.02,73.50,230.18,0.5331,-1,-1,-1
508,88,1453.89,413.74,121.47,537.45,0.6746,-1,-1,-1
508,81,139.37,483.39,120.33,244.62,0.6713,-1,-1,-1
508,98,571.29,446.95,29.21,88.14,0.4387,-1,-1,-1
508,64,1453.82,413.78,121.16,538.38,0.6746,-1,-1,-1
509,69,1751.72,396.11,170.15,514.34,0.7911,-1,-1,-1
509,11,1532.80,373.84,225.68,695.08,0.7010,-1,-1,-1
509,26,1324.81,413.59,199.10,643.79,0.8279,-1,-1,-1
509,47,873.28,419.03,64.66,280.20,0.5876,-1,-1,-1
509,55,902.46,448.97,138.71,274.25,0.7371,-1,-1,-1
509,59,715.71,438.03,96.23,262.15,0.6717,-1,-1,-1
509,51,1032.26,460.87,68.09,218.10,0.4934,-1,-1,-1
509,88,1461.74,407.77,120.79,558.24,0.5879,-1,-1,-1
509,81,127.53,479.42,120.66,245.44,0.6709,-1,-1,-1
509,98,570.87,446.47,29.86,89.03,0.4296,-1,-1,-1
509,64,1461.67,407.80,120.53,559.02,0.5879,-1,-1,-1
510,69,1767.83,393.46,153.81,503.90,0.8242,-1,-1,-1
510,11,1545.16,375.73,237.95,697.89,0.6137,-1,-1,-1
510,26,1326.88,413.27,217.50,644.98,0.8406,-1,-1,-1
510,47,875.15,413.49,65.40,284.11,0.5884,-1,-1,-1
510,55,902.40,446.78,139.79,277.89,0.7513,-1,-1,-1
510,59,715.50,436.28,109.14,263.79,0.7045,-1,-1,-1
510,51,1036.73,465.37,69.93,210.38,0.4969,-1,-1,-1
510,88,1468.66,405.33,121.13,570.09,0.7084,-1,-1,-1
510,81,110.02,477.49,125.74,247.82,0.6634,-1,-1,-1
510,98,570.35,445.69,29.92,88.88,0.4343,-1,-1,-1
510,64,1468.59,405.35,120.92,570.79,0.7084,-1,-1,-1
511,69,1778.94,393.63,142.56,497.36,0.8074,-1,-1,-1
511,11,1545.18,371.13,262.32,703.81,0.7180,-1,-1,-1
511,26,1326.19,414.56,233.33,645.42,0.8385,-1,-1,-1
511,47,875.37,420.87,66.67,274.59,0.4941,-1,-1,-1
511,55,901.39,446.49,150.31,278.80,0.7629,-1,-1,-1
511,59,715.92,438.28,114.21,261.53,0.7251,-1,-1,-1
511,51,1037.38,461.80,75.81,213.24,0.5458,-1,-1,-1
511,88,1475.07,405.17,119.93,559.02,0.6675,-1,-1,-1
511,81,98.06,477.12,127.15,251.47,0.5584,-1,-1,-1
511,98,570.19,446.06,29.81,88.04,0.4667,-1,-1,-1
511,64,1475.01,405.19,119.74,559.67,0.6675,-1,-1,-1
512,69,1786.27,393.63,134.75,497.86,0.8065,-1,-1,-1
512,11,1548.63,373.65,242.51,694.50,0.5764,-1,-1,-1
512,26,1324.42,417.62,241.57,644.53,0.8451,-1,-1,-1
512,47,875.07,414.49,71.68,280.62,0.5619,-1,-1,-1
512,55,901.33,444.42,153.24,281.20,0.7578,-1,-1,-1
512,59,718.37,437.20,113.74,261.92,0.7390,-1,-1,-1
512,51,1039.70,456.25,83.30,220.36,0.6053,-1,-1,-1
512,88,1477.06,407.61,119.78,541.91,0.6394,-1,-1,-1
512,98,570.46,446.85,29.27,87.14,0.4566,-1,-1,-1
512,64,1477.01,407.62,119.62,542.48,0.6394,-1,-1,-1
513,69,1802.08,390.69,118.83,507.78,0.7984,-1,-1,-1
513,11,1551.85,372.56,234.17,622.14,0.4816,-1,-1,-1
513,26,1323.64,418.46,248.32,647.26,0.8471,-1,-1,-1
513,47,876.08,412.76,74.34,283.18,0.5147,-1,-1,-1
513,55,901.41,443.95,155.42,281.76,0.7508,-1,-1,-1
513,59,719.93,436.46,117.19,262.88,0.7424,-1,-1,-1
513,51,1042.49,447.99,89.88,229.12,0.6052,-1,-1,-1
513,88,1480.44,411.97,120.14,550.78,0.6535,-1,-1,-1
513,98,570.60,446.26,29.29,87.73,0.4767,-1,-1,-1
513,64,1480.40,411.98,120.00,551.26,0.6535,-1,-1,-1
513,81,66.44,476.73,138.85,256.99,0.6031,-1,-1,-1
514,69,1809.34,390.25,111.50,512.12,0.8036,-1,-1,-1
514,11,1557.65,371.62,226.64,592.01,0.5669,-1,-1,-1
514,26,1323.38,418.60,251.83,648.42,0.8434,-1,-1,-1
514,47,877.92,412.55,75.82,284.25,0.5096,-1,-1,-1
514,55,902.24,444.30,155.99,280.74,0.7015,-1,-1,-1
514,59,722.36,439.01,115.18,258.96,0.7478,-1,-1,-1
514,51,1043.59,445.63,99.02,231.28,0.6227,-1,-1,-1
514,88,1485.21,415.36,119.99,538.45,0.5939,-1,-1,-1
514,98,570.19,446.03,29.67,87.47,0.5261,-1,-1,-1
514,64,1485.18,415.36,119.86,538.89,0.5939,-1,-1,-1
514,81,50.91,476.72,142.53,258.06,0.6566,-1,-1,-1
515,69,1819.62,388.78,101.09,517.41,0.7930,-1,-1,-1
515,11,1563.68,371.97,243.04,661.09,0.5284,-1,-1,-1
515,26,1324.18,418.00,253.58,650.07,0.8440,-1,-1,-1
515,47,877.09,417.63,74.71,279.66,0.5767,-1,-1,-1
515,55,903.53,443.48,156.78,280.81,0.7434,-1,-1,-1
515,59,725.82,439.18,112.89,257.31,0.7252,-1,-1,-1
515,51,1046.03,449.12,103.81,228.06,0.6782,-1,-1,-1
515,88,1489.48,415.37,124.95,524.89,0.5208,-1,-1,-1
515,98,569.80,446.16,30.30,87.66,0.4838,-1,-1,-1
515,64,1489.45,415.38,124.84,525.28,0.5208,-1,-1,-1
515,81,37.79,477.59,145.11,259.18,0.6999,-1,-1,-1
515,104,693.68,451.75,39.06,124.52,0.4617,-1,-1,-1
516,69,1824.34,387.62,95.72,525.22,0.7578,-1,-1,-1
516,11,1564.10,374.02,269.11,676.04,0.6070,-1,-1,-1
516,26,1324.09,421.43,257.16,648.48,0.8307,-1,-1,-1
516,47,877.78,417.76,78.34,282.27,0.5693,-1,-1,-1
516,55,906.66,439.39,154.31,282.70,0.7599,-1,-1,-1
516,59,730.85,436.33,109.35,259.23,0.7486,-1,-1,-1
516,51,1049.37,449.75,100.52,226.06,0.5778,-1,-1,-1
516,88,1495.48,415.02,128.02,515.99,0.4172,-1,-1,-1
516,98,569.28,445.69,31.25,89.20,0.5026,-1,-1,-1
516,64,1495.45,415.03,127.92,516.32,0.4172,-1,-1,-1
516,81,22.81,478.62,148.37,259.68,0.7055,-1,-1,-1
516,104,692.67,450.06,38.43,126.29,0.4893,-1,-1,-1
517,69,1833.95,390.58,86.03,517.27,0.6984,-1,-1,-1
517,11,1572.23,376.90,274.70,686.60,0.4324,-1,-1,-1
517,26,1324.20,423.70,261.28,646.73,0.8206,-1,-1,-1
517,47,879.29,422.39,82.28,280.66,0.5799,-1,-1,-1
517,55,910.24,437.88,149.69,284.17,0.7691,-1,-1,-1
517,59,734.95,438.83,106.91,255.80,0.7291,-1,-1,-1
517,51,1050.42,449.87,101.44,226.25,0.5539,-1,-1,-1
517,88,1501.43,411.10,130.44,508.37,0.3996,-1,-1,-1
517,98,568.37,444.72,31.84,90.97,0.4719,-1,-1,-1
517,64,1501.40,411.11,130.35,508.66,0.3996,-1,-1,-1
517,81,14.00,489.74,148.18,248.68,0.5803,-1,-1,-1
517,104,686.11,446.46,43.12,129.71,0.4904,-1,-1,-1
518,69,1842.44,393.18,77.46,514.11,0.6631,-1,-1,-1
518,11,1576.97,377.80,275.63,690.81,0.4232,-1,-1,-1
518,26,1327.53,419.77,263.65,649.73,0.8203,-1,-1,-1
518,47,879.50,418.11,80.88,285.96,0.6182,-1,-1,-1
518,55,913.90,435.62,145.91,286.92,0.7867,-1,-1,-1
518,59,740.15,433.83,102.30,259.69,0.7801,-1,-1,-1
518,51,1050.29,457.27,103.73,219.77,0.5714,-1,-1,-1
518,88,1506.32,412.87,132.94,477.74,0.3561,-1,-1,-1
518,98,569.55,446.19,30.88,89.01,0.4535,-1,-1,-1
518,64,1509.03,411.29,131.10,597.81,0.3613,-1,-1,-1
518,81,2.76,483.71,150.10,255.84,0.6831,-1,-1,-1
518,104,682.10,447.82,44.85,126.19,0.4472,-1,-1,-1
519,69,1852.34,393.57,67.44,497.44,0.5248,-1,-1,-1
519,11,1577.51,380.34,301.78,690.28,0.6567,-1,-1,-1
519,26,1330.14,420.47,263.31,648.24,0.7950,-1,-1,-1
519,47,880.06,428.05,79.26,273.24,0.5930,-1,-1,-1
519,55,917.37,439.18,142.41,281.50,0.6554,-1,-1,-1
519,59,743.82,432.64,100.62,260.06,0.7720,-1,-1,-1
519,51,1051.11,451.41,102.98,226.13,0.5341,-1,-1,-1
519,88,1515.30,413.22,126.95,589.92,0.4688,-1,-1,-1
519,98,570.45,448.99,30.04,86.48,0.4611,-1,-1,-1
519,64,1516.34,412.53,126.17,630.16,0.4688,-1,-1,-1
519,81,-2.84,488.73,147.96,251.27,0.6147,-1,-1,-1
519,104,678.62,447.61,45.85,126.00,0.5498,-1,-1,-1
520,69,1866.63,395.55,53.16,483.43,0.5437,-1,-1,-1
520,11,1580.71,380.27,269.47,691.77,0.5518,-1,-1,-1
520,26,1334.53,418.69,258.18,649.76,0.7825,-1,-1,-1
520,47,881.35,433.20,78.65,266.35,0.6393,-1,-1,-1
520,55,927.91,443.92,135.82,276.07,0.6576,-1,-1,-1
520,59,749.55,430.79,95.13,260.31,0.7282,-1,-1,-1
520,51,1051.37,454.43,102.21,222.87,0.5677,-1,-1,-1
520,88,1521.79,417.20,130.22,547.65,0.4475,-1,-1,-1
520,98,570.92,449.39,29.68,86.45,0.4251,-1,-1,-1
520,64,1522.15,417.04,129.90,561.63,0.4475,-1,-1,-1
520,81,-4.75,482.89,149.89,260.36,0.5356,-1,-1,-1
520,104,679.02,448.06,44.78,124.62,0.5484,-1,-1,-1
521,69,1868.45,391.27,51.19,458.58,0.3688,-1,-1,-1
521,11,1580.27,380.85,313.78,686.94,0.6121,-1,-1,-1
521,26,1339.33,415.94,250.63,651.68,0.8273,-1,-1,-1
521,47,881.97,432.54,80.08,267.42,0.6337,-1,-1,-1
521,55,936.34,444.73,130.43,275.01,0.6328,-1,-1,-1
521,59,756.30,430.88,89.41,259.62,0.7425,-1,-1,-1
521,51,1052.82,443.38,99.80,234.20,0.6212,-1,-1,-1
521,88,1526.90,419.05,135.85,530.02,0.4991,-1,-1,-1
521,98,571.44,452.39,29.11,82.62,0.4258,-1,-1,-1
521,64,1527.02,419.00,135.70,534.21,0.4991,-1,-1,-1
521,81,-4.88,481.25,135.38,266.58,0.4947,-1,-1,-1
521,104,679.18,450.15,43.04,122.92,0.5129,-1,-1,-1
522,11,1601.99,378.37,305.80,606.48,0.6272,-1,-1,-1
522,26,1345.01,413.15,249.69,653.67,0.8023,-1,-1,-1
522,47,880.72,431.91,84.11,268.99,0.6426,-1,-1,-1
522,55,948.01,442.15,121.97,277.22,0.6703,-1,-1,-1
522,59,765.68,432.53,80.73,256.06,0.7150,-1,-1,-1
522,51,1054.52,443.15,98.12,234.54,0.6241,-1,-1,-1
522,88,1531.66,416.98,142.95,536.18,0.4887,-1,-1,-1
522,98,572.32,454.17,28.52,80.58,0.3788,-1,-1,-1
522,64,1531.68,416.93,142.87,537.29,0.4887,-1,-1,-1
522,81,-4.42,478.56,114.57,268.49,0.4966,-1,-1,-1
522,104,677.48,449.10,44.00,124.14,0.5585,-1,-1,-1
523,11,1589.06,379.09,330.66,664.08,0.6021,-1,-1,-1
523,26,1352.02,412.21,246.81,655.04,0.7313,-1,-1,-1
523,47,881.20,422.81,89.39,279.78,0.6482,-1,-1,-1
523,55,952.81,442.22,115.68,278.30,0.6813,-1,-1,-1
523,59,766.02,432.84,85.53,256.45,0.7169,-1,-1,-1
523,51,1055.56,452.56,98.34,225.18,0.6443,-1,-1,-1
523,88,1538.35,413.30,151.69,543.40,0.5181,-1,-1,-1
523,98,572.71,454.11,28.70,80.95,0.4002,-1,-1,-1
523,64,1538.34,413.24,151.63,543.41,0.5181,-1,-1,-1
523,81,-3.44,503.22,107.65,250.71,0.3593,-1,-1,-1
523,104,675.38,448.46,45.48,125.58,0.5925,-1,-1,-1
524,11,1589.09,375.44,335.25,684.36,0.7976,-1,-1,-1
524,26,1363.14,411.34,238.47,655.39,0.7130,-1,-1,-1
524,47,880.51,419.44,94.09,283.32,0.6633,-1,-1,-1
524,55,964.86,443.01,104.86,276.62,0.6237,-1,-1,-1
524,59,768.26,431.31,87.85,258.47,0.7390,-1,-1,-1
524,51,1059.15,455.73,95.88,221.66,0.6085,-1,-1,-1
524,88,1546.63,412.15,150.94,557.03,0.4793,-1,-1,-1
524,98,573.43,453.99,29.24,82.01,0.4090,-1,-1,-1
524,64,1489.56,412.20,200.87,616.05,0.4408,-1,-1,-1
524,104,673.99,448.67,46.25,124.76,0.6100,-1,-1,-1
525,11,1594.38,370.95,330.95,697.68,0.6824,-1,-1,-1
525,26,1380.06,411.14,224.94,656.70,0.7223,-1,-1,-1
525,47,885.49,413.36,93.58,291.07,0.6533,-1,-1,-1
525,55,971.79,443.94,97.32,275.73,0.6576,-1,-1,-1
525,59,767.92,430.40,91.35,259.46,0.7486,-1,-1,-1
525,51,1061.10,459.45,97.33,218.63,0.6289,-1,-1,-1
525,88,1546.52,409.35,157.28,580.75,0.5921,-1,-1,-1
525,98,573.89,452.51,29.42,82.39,0.4421,-1,-1,-1
525,64,1488.12,412.10,210.47,643.43,0.4052,-1,-1,-1
525,104,673.85,451.26,44.77,121.55,0.6309,-1,-1,-1
526,11,1598.91,363.48,325.94,707.88,0.8159,-1,-1,-1
526,26,1401.75,410.57,207.88,654.20,0.6754,-1,-1,-1
526,47,893.55,411.65,88.42,294.32,0.6754,-1,-1,-1
526,55,985.62,444.85,81.78,277.15,0.6581,-1,-1,-1
526,59,767.85,434.24,95.71,255.19,0.7176,-1,-1,-1
526,51,1064.32,461.86,97.74,215.32,0.6345,-1,-1,-1
526,88,1549.29,408.99,160.77,587.94,0.5770,-1,-1,-1
526,98,573.87,451.68,29.96,82.54,0.4092,-1,-1,-1
526,64,1436.28,412.87,263.76,654.66,0.3160,-1,-1,-1
526,104,671.15,451.21,46.97,120.98,0.5834,-1,-1,-1
526,107,715.05,450.34,33.86,89.08,0.4108,-1,-1,-1
527,11,1600.98,365.99,322.79,706.46,0.6972,-1,-1,-1
527,26,1422.05,412.93,197.36,653.89,0.7510,-1,-1,-1
527,47,898.08,408.44,85.97,297.63,0.7361,-1,-1,-1
527,55,994.28,447.99,77.41,274.61,0.7055,-1,-1,-1
527,59,770.51,435.74,104.32,253.66,0.6896,-1,-1,-1
527,51,1069.12,460.00,97.77,215.82,0.6218,-1,-1,-1
527,88,1561.14,408.80,156.69,590.84,0.6803,-1,-1,-1
527,98,573.88,451.25,29.64,82.47,0.4244,-1,-1,-1
527,64,1429.95,413.74,227.10,657.74,0.7510,-1,-1,-1
527,104,668.98,454.15,48.09,117.84,0.5885,-1,-1,-1
527,107,715.03,449.97,33.59,89.27,0.4905,-1,-1,-1
528,11,1603.51,383.02,320.80,689.98,0.7341,-1,-1,-1
528,26,1436.73,412.07,184.18,653.73,0.6920,-1,-1,-1
528,47,903.34,410.82,81.35,295.58,0.7283,-1,-1,-1
528,55,997.29,446.07,82.19,278.32,0.7124,-1,-1,-1
528,59,783.93,437.07,96.96,250.79,0.5981,-1,-1,-1
528,51,1075.86,454.62,90.02,220.45,0.6413,-1,-1,-1
528,88,1569.55,410.09,162.46,591.40,0.7154,-1,-1,-1
528,98,573.77,450.72,30.56,83.69,0.4257,-1,-1,-1
528,64,1434.79,412.40,199.00,658.52,0.6920,-1,-1,-1
528,104,668.51,455.95,47.64,115.05,0.6125,-1,-1,-1
528,107,714.45,451.16,34.44,87.77,0.4952,-1,-1,-1
528,108,0.08,546.98,56.78,114.14,0.3467,-1,-1,-1
529,11,1664.33,384.15,258.73,604.73,0.5823,-1,-1,-1
529,26,1445.01,412.61,181.59,654.70,0.7819,-1,-1,-1
529,47,912.18,407.01,74.84,299.22,0.7329,-1,-1,-1
529,55,1000.65,443.48,90.02,279.13,0.7068,-1,-1,-1
529,59,782.32,436.18,118.44,251.92,0.6293,-1,-1,-1
529,51,1084.50,451.61,78.07,222.34,0.5330,-1,-1,-1
529,88,1577.47,411.76,164.47,592.64,0.7311,-1,-1,-1
529,98,573.61,450.17,31.02,84.47,0.4560,-1,-1,-1
529,64,1440.20,412.74,189.86,659.47,0.7819,-1,-1,-1
529,104,665.78,454.25,52.41,116.90,0.5693,-1,-1,-1
529,107,712.70,450.80,29.55,88.14,0.4921,-1,-1,-1
529,108,0.01,545.80,44.70,112.54,0.3698,-1,-1,-1
530,11,1694.73,371.13,227.20,584.96,0.5900,-1,-1,-1
530,26,1450.41,413.83,180.31,654.57,0.7935,-1,-1,-1
530,47,916.88,404.59,72.30,301.75,0.7548,-1,-1,-1
530,55,1003.82,440.61,94.94,279.27,0.7167,-1,-1,-1
530,59,789.58,435.23,115.07,252.00,0.6857,-1,-1,-1
530,51,1092.01,448.77,71.10,225.54,0.5651,-1,-1,-1
530,88,1581.02,411.89,164.69,596.43,0.6785,-1,-1,-1
530,98,573.51,449.20,31.17,86.14,0.4592,-1,-1,-1
530,64,1444.93,413.89,186.01,659.03,0.7935,-1,-1,-1
530,104,663.69,454.78,52.33,115.86,0.5688,-1,-1,-1
530,107,711.50,450.21,29.32,88.36,0.4387,-1,-1,-1
531,11,1647.70,374.15,274.24,662.67,0.4349,-1,-1,-1
531,26,1452.57,413.41,188.05,653.94,0.8099,-1,-1,-1
531,47,919.46,402.91,72.36,303.89,0.7635,-1,-1,-1
531,55,1007.25,442.60,99.56,276.06,0.7752,-1,-1,-1
531,59,787.34,434.47,116.77,252.84,0.7536,-1,-1,-1
531,51,1093.31,450.53,71.63,225.43,0.5846,-1,-1,-1
531,88,1586.90,413.42,162.20,599.37,0.7199,-1,-1,-1
531,98,573.04,448.58,31.50,87.87,0.4670,-1,-1,-1
531,64,1447.36,413.46,192.19,658.00,0.8099,-1,-1,-1
531,104,662.90,454.65,50.11,114.24,0.5487,-1,-1,-1
531,107,712.17,450.24,29.96,89.09,0.3998,-1,-1,-1
532,11,1645.31,369.09,276.77,692.57,0.7790,-1,-1,-1
532,26,1454.87,412.45,199.30,654.65,0.7968,-1,-1,-1
532,47,922.44,401.79,74.19,303.60,0.7298,-1,-1,-1
532,55,1009.08,443.49,106.42,275.23,0.8031,-1,-1,-1
532,59,788.69,435.22,117.89,252.26,0.7542,-1,-1,-1
532,51,1096.61,451.91,63.58,224.37,0.5171,-1,-1,-1
532,88,1590.13,410.65,166.78,612.53,0.7535,-1,-1,-1
532,98,572.13,448.13,32.15,88.96,0.4831,-1,-1,-1
532,64,1449.99,412.50,202.62,658.27,0.7968,-1,-1,-1
532,104,663.69,452.66,46.13,116.67,0.5465,-1,-1,-1
532,107,713.64,450.65,30.25,89.47,0.4131,-1,-1,-1
533,11,1657.93,367.51,263.92,706.34,0.8247,-1,-1,-1
533,26,1456.76,411.50,208.63,654.90,0.8243,-1,-1,-1
533,47,922.58,402.99,79.71,302.11,0.7079,-1,-1,-1
533,55,1006.82,444.92,114.01,273.01,0.7603,-1,-1,-1
533,59,793.18,435.46,114.67,251.85,0.7412,-1,-1,-1
533,51,1099.04,447.17,65.67,230.84,0.5591,-1,-1,-1
533,88,1596.30,407.98,175.25,623.17,0.7709,-1,-1,-1
533,98,572.78,447.07,33.02,90.18,0.3915,-1,-1,-1
533,64,1452.26,411.55,211.52,658.13,0.8243,-1,-1,-1
533,104,663.54,452.25,42.44,117.68,0.5588,-1,-1,-1
533,107,715.80,452.21,28.34,88.41,0.3784,-1,-1,-1
534,11,1703.23,368.79,218.64,655.22,0.6670,-1,-1,-1
534,26,1457.61,410.96,212.53,655.53,0.8335,-1,-1,-1
534,47,921.30,406.13,85.46,300.30,0.7237,-1,-1,-1
534,55,1007.77,448.74,124.86,270.10,0.7157,-1,-1,-1
534,59,799.56,435.96,115.17,251.42,0.7641,-1,-1,-1
534,51,1096.36,447.53,67.97,230.46,0.5676,-1,-1,-1
534,88,1598.67,410.95,188.02,618.37,0.7504,-1,-1,-1
534,98,574.58,447.29,34.41,90.22,0.4194,-1,-1,-1
534,64,1453.55,411.01,215.14,658.39,0.8335,-1,-1,-1
534,104,661.58,451.06,42.03,118.44,0.6098,-1,-1,-1
534,107,715.82,452.34,27.95,88.53,0.4158,-1,-1,-1
535,11,1714.47,372.03,206.93,686.43,0.6242,-1,-1,-1
535,26,1457.71,411.86,213.12,654.90,0.8323,-1,-1,-1
535,47,920.39,421.44,92.80,285.54,0.7383,-1,-1,-1
535,55,1008.39,444.88,131.63,276.86,0.6865,-1,-1,-1
535,59,799.34,437.77,119.51,249.49,0.7658,-1,-1,-1
535,51,1099.74,444.83,72.33,231.90,0.4569,-1,-1,-1
535,88,1606.14,409.62,184.21,615.86,0.7675,-1,-1,-1
535,98,575.09,445.74,35.14,91.74,0.4695,-1,-1,-1
535,64,1454.12,411.89,215.48,657.44,0.8323,-1,-1,-1
535,104,660.24,449.98,41.99,119.44,0.6463,-1,-1,-1
535,107,715.30,451.84,28.10,88.81,0.4227,-1,-1,-1
536,11,1739.05,369.07,181.83,701.15,0.8055,-1,-1,-1
536,26,1457.85,412.97,216.59,654.23,0.8186,-1,-1,-1
536,47,916.31,426.72,100.08,280.44,0.7413,-1,-1,-1
536,55,1007.37,448.36,137.80,272.73,0.7139,-1,-1,-1
536,59,801.56,436.94,117.96,249.33,0.7336,-1,-1,-1
536,51,1103.56,445.13,70.43,229.22,0.3851,-1,-1,-1
536,88,1610.02,408.47,182.72,620.39,0.7378,-1,-1,-1
536,98,576.01,450.26,34.13,88.16,0.3893,-1,-1,-1
536,64,1454.68,413.00,218.66,656.47,0.8186,-1,-1,-1
536,104,659.16,449.65,41.64,119.04,0.5694,-1,-1,-1
536,107,714.20,450.18,28.74,90.37,0.4317,-1,-1,-1
537,11,1758.10,369.85,162.28,705.51,0.8077,-1,-1,-1
537,26,1458.87,414.13,227.14,652.37,0.7857,-1,-1,-1
537,47,916.35,433.57,102.73,272.19,0.7106,-1,-1,-1
537,55,1006.99,452.93,141.69,268.05,0.6609,-1,-1,-1
537,59,804.07,436.52,116.13,249.91,0.7347,-1,-1,-1
537,51,1108.75,453.78,65.82,220.34,0.4648,-1,-1,-1
537,88,1614.75,407.39,184.15,626.57,0.5626,-1,-1,-1
537,98,578.40,455.78,31.92,82.72,0.3418,-1,-1,-1
537,64,1456.04,414.16,228.92,654.35,0.7857,-1,-1,-1
537,104,658.46,449.67,41.72,119.12,0.6083,-1,-1,-1
537,107,712.42,449.55,29.84,91.09,0.4631,-1,-1,-1
538,11,1768.10,370.24,152.08,707.58,0.8157,-1,-1,-1
538,26,1459.93,413.74,229.86,652.98,0.7970,-1,-1,-1
538,47,917.56,428.19,104.33,279.19,0.7381,-1,-1,-1
538,55,1009.82,450.97,138.71,270.21,0.7041,-1,-1,-1
538,59,804.95,435.25,117.53,250.98,0.7536,-1,-1,-1
538,51,1107.25,450.46,66.98,225.67,0.4773,-1,-1,-1
538,88,1618.93,408.57,189.77,624.02,0.6291,-1,-1,-1
538,98,579.58,457.74,31.51,80.95,0.3852,-1,-1,-1
538,64,1457.33,413.77,231.52,654.72,0.7970,-1,-1,-1
538,104,657.32,450.77,42.00,118.48,0.5810,-1,-1,-1
538,107,711.50,449.05,31.42,91.04,0.4799,-1,-1,-1
539,11,1777.86,378.85,142.24,700.18,0.7907,-1,-1,-1
539,26,1461.41,413.20,232.97,653.82,0.7981,-1,-1,-1
539,47,919.93,425.16,103.59,282.73,0.7462,-1,-1,-1
539,55,1011.09,443.56,137.18,277.68,0.7103,-1,-1,-1
539,59,807.78,434.34,116.36,253.25,0.7495,-1,-1,-1
539,51,1112.87,447.15,64.88,229.61,0.4287,-1,-1,-1
539,88,1623.49,408.58,195.68,618.21,0.6964,-1,-1,-1
539,98,579.98,458.48,31.41,79.98,0.3893,-1,-1,-1
539,64,1459.09,413.23,234.46,655.34,0.7981,-1,-1,-1
539,104,656.36,451.67,41.61,117.78,0.5730,-1,-1,-1
539,107,712.74,449.28,29.55,91.23,0.4758,-1,-1,-1
540,11,1784.17,404.08,135.73,673.21,0.7930,-1,-1,-1
540,26,1464.53,414.00,233.02,653.85,0.7923,-1,-1,-1
540,47,920.31,424.68,107.03,283.53,0.7698,-1,-1,-1
540,55,1012.17,440.38,136.02,281.48,0.6801,-1,-1,-1
540,59,812.81,433.56,112.25,252.94,0.7280,-1,-1,-1
540,51,1112.30,447.67,64.82,229.96,0.3890,-1,-1,-1
540,88,1631.91,408.37,192.66,612.29,0.7277,-1,-1,-1
540,98,578.50,458.54,32.99,79.96,0.4297,-1,-1,-1
540,64,1462.45,414.04,234.37,655.19,0.7923,-1,-1,-1
540,104,655.09,452.89,38.61,116.40,0.6165,-1,-1,-1
540,107,712.56,449.04,27.69,91.73,0.4971,-1,-1,-1
541,11,1789.43,393.15,130.71,686.03,0.7729,-1,-1,-1
541,26,1468.06,412.47,239.07,658.27,0.7715,-1,-1,-1
541,47,921.53,420.91,118.04,287.42,0.7211,-1,-1,-1
541,55,1020.36,437.42,127.16,285.16,0.6587,-1,-1,-1
541,59,815.43,432.61,111.74,254.06,0.7387,-1,-1,-1
541,51,1115.86,447.69,62.11,230.16,0.4592,-1,-1,-1
541,88,1639.59,407.15,191.31,613.53,0.7708,-1,-1,-1
541,98,577.91,458.72,33.27,80.05,0.3892,-1,-1,-1
541,64,1466.22,412.51,240.24,659.45,0.7715,-1,-1,-1
541,104,654.85,453.72,37.35,116.16,0.5567,-1,-1,-1
541,107,712.67,449.30,27.31,93.10,0.5290,-1,-1,-1
542,11,1797.84,388.35,122.31,691.68,0.7392,-1,-1,-1
542,26,1472.11,411.44,258.43,659.58,0.7631,-1,-1,-1
542,47,921.97,415.98,122.36,293.11,0.7281,-1,-1,-1
542,55,1028.42,434.15,117.68,288.04,0.6443,-1,-1,-1
542,59,819.80,433.78,108.85,253.08,0.7250,-1,-1,-1
542,51,1118.72,451.71,60.38,224.49,0.5020,-1,-1,-1
542,88,1644.50,405.92,191.81,615.61,0.6299,-1,-1,-1
542,98,578.26,459.25,33.50,79.71,0.4259,-1,-1,-1
542,64,1470.44,411.47,259.44,660.62,0.7631,-1,-1,-1
542,104,655.05,454.50,36.84,115.27,0.5632,-1,-1,-1
542,107,712.67,449.41,27.70,95.41,0.5132,-1,-1,-1
543,11,1806.07,388.45,114.04,692.52,0.6775,-1,-1,-1
543,26,1480.29,411.10,256.38,658.20,0.6022,-1,-1,-1
543,47,921.85,421.76,121.25,285.77,0.7431,-1,-1,-1
543,55,1060.02,433.63,93.61,276.16,0.4241,-1,-1,-1
543,59,825.28,432.68,103.91,253.54,0.6640,-1,-1,-1
543,51,1121.85,449.29,57.88,226.09,0.3828,-1,-1,-1
543,88,1648.17,404.49,194.34,614.68,0.5379,-1,-1,-1
543,98,577.59,458.55,33.38,80.35,0.3937,-1,-1,-1
543,64,1478.71,411.13,257.37,659.12,0.6022,-1,-1,-1
543,104,655.23,455.42,37.52,114.78,0.5965,-1,-1,-1
543,107,712.16,449.18,28.69,96.26,0.5183,-1,-1,-1
544,11,1812.49,394.26,107.74,686.56,0.5769,-1,-1,-1
544,26,1493.59,411.19,308.12,658.15,0.5399,-1,-1,-1
544,47,921.77,431.26,124.14,275.43,0.7078,-1,-1,-1
544,55,1055.56,435.37,95.91,280.59,0.5857,-1,-1,-1
544,59,834.22,433.36,96.46,252.15,0.6831,-1,-1,-1
544,51,1123.27,450.20,59.33,226.61,0.3416,-1,-1,-1
544,88,1646.18,405.58,200.09,621.78,0.4879,-1,-1,-1
544,98,577.63,456.99,33.44,81.37,0.4462,-1,-1,-1
544,64,1491.63,409.55,244.12,659.35,0.4813,-1,-1,-1
544,104,654.95,455.20,38.47,114.88,0.6250,-1,-1,-1
544,107,712.25,448.72,28.90,96.12,0.5110,-1,-1,-1
545,11,1815.68,452.92,103.97,626.39,0.5017,-1,-1,-1
545,26,1511.25,410.45,298.81,656.62,0.5706,-1,-1,-1
545,47,924.29,432.59,126.62,274.38,0.6998,-1,-1,-1
545,55,1065.94,434.61,92.35,284.82,0.4628,-1,-1,-1
545,59,844.66,435.18,89.39,247.53,0.6680,-1,-1,-1
545,88,1651.75,406.59,196.06,622.84,0.5734,-1,-1,-1
545,98,578.58,455.28,33.46,82.98,0.3948,-1,-1,-1
545,64,1511.00,409.84,274.15,657.49,0.5706,-1,-1,-1
545,104,655.00,453.28,41.01,115.75,0.5947,-1,-1,-1
545,107,711.88,448.13,30.55,96.91,0.5500,-1,-1,-1
545,112,1835.93,457.51,83.63,498.88,0.5113,-1,-1,-1
546,11,1821.00,472.66,98.52,606.50,0.5887,-1,-1,-1
546,26,1528.21,409.85,242.24,656.33,0.5448,-1,-1,-1
546,47,929.05,433.23,123.55,272.43,0.7097,-1,-1,-1
546,55,1075.51,435.50,83.49,281.83,0.5184,-1,-1,-1
546,59,860.04,433.95,78.25,246.70,0.7017,-1,-1,-1
546,88,1657.62,406.09,192.56,626.41,0.5455,-1,-1,-1
546,98,579.17,452.59,33.43,84.88,0.4171,-1,-1,-1
546,64,1527.98,410.24,295.49,657.45,0.4353,-1,-1,-1
546,104,655.14,453.21,40.02,115.11,0.5903,-1,-1,-1
546,107,712.75,448.06,30.28,97.45,0.5186,-1,-1,-1
546,112,1823.42,474.02,96.31,580.09,0.5887,-1,-1,-1
546,51,1124.72,453.57,64.97,227.22,0.3772,-1,-1,-1
547,11,1822.96,490.38,96.40,588.76,0.6470,-1,-1,-1
547,26,1541.65,408.31,213.84,655.37,0.6410,-1,-1,-1
547,47,934.74,429.36,118.83,276.82,0.6842,-1,-1,-1
547,55,1083.10,434.20,76.18,284.61,0.4558,-1,-1,-1
547,59,867.88,435.47,71.99,244.44,0.6621,-1,-1,-1
547,88,1664.06,410.66,189.48,608.42,0.6553,-1,-1,-1
547,98,579.32,452.36,33.71,85.23,0.4718,-1,-1,-1
547,64,1540.43,408.48,238.95,656.09,0.6410,-1,-1,-1
547,104,654.19,454.27,39.92,113.10,0.6220,-1,-1,-1
547,107,713.17,448.28,29.63,97.00,0.5017,-1,-1,-1
547,112,1819.99,491.11,99.60,593.89,0.6470,-1,-1,-1
547,113,544.45,449.14,30.56,87.21,0.3809,-1,-1,-1
547,51,1105.28,441.14,79.89,254.88,0.4565,-1,-1,-1
548,11,1829.71,462.24,89.53,617.95,0.5216,-1,-1,-1
548,26,1548.32,408.45,198.85,659.82,0.7218,-1,-1,-1
548,47,937.21,427.73,117.93,277.79,0.6612,-1,-1,-1
548,55,1090.37,433.31,88.60,279.15,0.4720,-1,-1,-1
548,59,871.49,435.10,70.31,242.79,0.6325,-1,-1,-1
548,88,1668.51,411.59,191.06,602.72,0.7374,-1,-1,-1
548,98,579.88,453.65,33.73,83.51,0.4928,-1,-1,-1
548,64,1547.56,408.53,207.58,660.36,0.7218,-1,-1,-1
548,104,653.67,454.04,37.92,112.39,0.6773,-1,-1,-1
548,107,713.85,448.43,28.86,96.79,0.4941,-1,-1,-1
548,112,1825.83,460.06,93.59,632.64,0.5216,-1,-1,-1
548,113,545.29,449.68,31.28,86.66,0.4365,-1,-1,-1
548,51,1096.04,435.69,90.00,269.42,0.4720,-1,-1,-1
549,11,1833.90,434.42,85.32,645.33,0.3140,-1,-1,-1
549,26,1551.25,408.47,196.88,656.46,0.7544,-1,-1,-1
549,47,943.90,425.99,111.51,278.20,0.6544,-1,-1,-1
549,55,1086.89,437.01,86.84,281.21,0.4026,-1,-1,-1
549,59,874.85,436.82,71.46,243.33,0.6224,-1,-1,-1
549,88,1675.95,413.06,188.46,600.92,0.7198,-1,-1,-1
549,98,580.13,452.16,33.85,85.18,0.4403,-1,-1,-1
549,64,1550.65,408.52,199.99,656.91,0.7544,-1,-1,-1
549,104,652.43,454.48,38.52,110.56,0.6687,-1,-1,-1
549,107,714.44,448.40,29.11,96.85,0.5574,-1,-1,-1
549,113,545.95,447.91,31.63,87.89,0.4120,-1,-1,-1
549,51,1073.49,436.62,113.35,275.09,0.3952,-1,-1,-1
550,26,1553.25,409.06,195.28,655.76,0.7736,-1,-1,-1
550,47,953.67,419.95,106.37,282.68,0.6230,-1,-1,-1
550,55,1099.59,436.58,87.53,269.72,0.3650,-1,-1,-1
550,59,876.69,437.60,76.22,243.66,0.6221,-1,-1,-1
550,88,1683.94,407.89,191.62,609.95,0.7344,-1,-1,-1
550,98,580.62,453.09,33.25,84.18,0.4521,-1,-1,-1
550,64,1552.77,409.09,196.49,656.13,0.7736,-1,-1,-1
550,104,652.58,455.01,37.60,109.13,0.6713,-1,-1,-1
550,107,714.72,449.89,31.27,96.00,0.5145,-1,-1,-1
550,113,546.69,448.01,31.62,87.51,0.4037,-1,-1,-1
550,51,1073.11,435.51,116.22,281.23,0.4615,-1,-1,-1
551,26,1555.89,409.69,199.00,658.70,0.7708,-1,-1,-1
551,47,961.57,414.89,99.98,286.24,0.6155,-1,-1,-1
551,55,1078.37,437.76,115.08,275.45,0.5120,-1,-1,-1
551,59,879.10,435.73,76.35,246.62,0.6450,-1,-1,-1
551,88,1690.62,404.99,192.51,610.55,0.7088,-1,-1,-1
551,98,580.81,453.73,33.04,83.55,0.5139,-1,-1,-1
551,64,1555.50,409.72,199.53,659.03,0.7708,-1,-1,-1
551,104,651.99,455.63,37.98,108.02,0.6457,-1,-1,-1
551,107,714.38,449.82,32.23,96.01,0.5347,-1,-1,-1
551,113,547.63,447.85,31.17,87.60,0.4031,-1,-1,-1
551,51,1066.88,436.95,125.94,281.29,0.5120,-1,-1,-1
552,26,1558.00,409.80,207.51,665.25,0.8022,-1,-1,-1
552,47,970.84,416.21,88.91,282.43,0.6093,-1,-1,-1
552,55,1081.63,436.96,118.54,281.41,0.5009,-1,-1,-1
552,59,884.57,433.35,75.45,250.07,0.6799,-1,-1,-1
552,88,1696.80,404.29,190.87,609.64,0.7359,-1,-1,-1
552,98,580.63,452.83,33.37,84.41,0.5235,-1,-1,-1
552,64,1557.66,409.82,207.78,665.54,0.8022,-1,-1,-1
552,104,650.75,455.48,40.69,109.03,0.6135,-1,-1,-1
552,107,714.83,449.68,32.77,96.26,0.5942,-1,-1,-1
552,113,547.67,445.94,31.35,89.12,0.4411,-1,-1,-1
552,51,1074.84,436.35,123.66,284.94,0.5009,-1,-1,-1
553,26,1560.73,409.35,212.12,666.61,0.7908,-1,-1,-1
553,47,984.18,418.75,78.47,276.84,0.6988,-1,-1,-1
553,55,1085.21,436.77,111.17,283.75,0.5001,-1,-1,-1
553,59,887.05,433.06,81.25,250.00,0.7234,-1,-1,-1
553,88,1702.04,403.50,196.51,614.77,0.6790,-1,-1,-1
553,98,580.30,452.60,33.82,84.92,0.5203,-1,-1,-1
553,64,1560.44,409.36,212.29,666.86,0.7908,-1,-1,-1
553,104,649.58,455.22,42.19,109.84,0.5780,-1,-1,-1
553,107,715.47,449.05,34.04,96.24,0.5780,-1,-1,-1
553,113,547.43,445.53,30.88,90.03,0.4166,-1,-1,-1
553,51,1080.73,436.26,113.70,286.28,0.5001,-1,-1,-1
554,26,1561.62,409.71,272.23,662.36,0.5406,-1,-1,-1
554,47,988.71,415.03,78.76,284.71,0.6596,-1,-1,-1
554,55,1109.51,438.07,93.08,265.65,0.3420,-1,-1,-1
554,59,887.94,431.93,86.54,251.31,0.7366,-1,-1,-1
554,98,580.60,449.96,33.46,87.45,0.5268,-1,-1,-1
554,64,1561.35,409.72,272.45,662.58,0.5406,-1,-1,-1
554,104,647.46,455.28,41.54,109.51,0.4868,-1,-1,-1
554,107,715.29,448.46,33.63,95.75,0.5864,-1,-1,-1
554,113,546.88,444.50,30.45,91.32,0.4492,-1,-1,-1
554,51,1078.42,435.36,121.23,287.30,0.5787,-1,-1,-1
555,26,1562.33,408.87,264.13,661.84,0.6172,-1,-1,-1
555,47,993.67,412.04,78.27,287.62,0.6793,-1,-1,-1
555,55,1088.57,435.19,116.56,279.90,0.5963,-1,-1,-1
555,59,888.07,431.91,88.44,251.45,0.7331,-1,-1,-1
555,98,580.90,447.63,33.61,89.76,0.5424,-1,-1,-1
555,64,1562.06,408.88,264.34,662.04,0.6172,-1,-1,-1
555,104,645.91,456.32,41.36,107.74,0.4909,-1,-1,-1
555,107,714.43,446.64,33.74,98.15,0.5748,-1,-1,-1
555,113,546.43,444.01,31.64,91.96,0.4761,-1,-1,-1
555,51,1077.05,434.05,126.07,288.58,0.5963,-1,-1,-1
555,88,1712.89,402.05,200.00,633.66,0.4143,-1,-1,-1
556,26,1561.82,407.20,270.43,660.82,0.5708,-1,-1,-1
556,47,999.83,411.23,80.21,288.17,0.7242,-1,-1,-1
556,55,1089.04,435.78,119.17,282.81,0.7180,-1,-1,-1
556,59,889.14,432.88,87.84,251.17,0.7684,-1,-1,-1
556,98,581.39,446.38,33.32,90.87,0.4999,-1,-1,-1
556,64,1561.59,407.21,270.60,660.99,0.5708,-1,-1,-1
556,104,644.16,457.00,42.17,107.18,0.5158,-1,-1,-1
556,107,714.59,446.28,33.65,99.66,0.5952,-1,-1,-1
556,113,546.31,442.27,32.76,93.63,0.4541,-1,-1,-1
556,51,1083.33,435.17,123.12,286.86,0.7180,-1,-1,-1
557,26,1560.83,407.20,263.48,661.76,0.6846,-1,-1,-1
557,47,996.93,420.65,88.05,275.88,0.6696,-1,-1,-1
557,55,1089.74,437.20,118.58,282.54,0.7481,-1,-1,-1
557,59,890.95,434.73,89.26,249.46,0.7571,-1,-1,-1
557,98,581.06,446.41,33.87,91.26,0.5235,-1,-1,-1
557,64,1560.62,407.21,263.62,661.91,0.6846,-1,-1,-1
557,104,643.58,457.63,41.66,106.59,0.5426,-1,-1,-1
557,107,714.05,445.96,34.21,101.31,0.6253,-1,-1,-1
557,113,546.02,440.94,33.67,95.90,0.4755,-1,-1,-1
557,51,1086.62,436.82,120.16,284.68,0.7481,-1,-1,-1
558,26,1560.59,405.23,288.86,667.81,0.8041,-1,-1,-1
558,47,991.38,430.69,98.82,265.60,0.7064,-1,-1,-1
558,55,1092.00,437.24,117.37,282.03,0.8019,-1,-1,-1
558,59,892.09,435.80,88.39,248.25,0.7478,-1,-1,-1
558,98,582.87,450.32,32.63,88.76,0.5486,-1,-1,-1
558,64,1560.41,405.24,288.99,667.94,0.8041,-1,-1,-1
558,104,643.00,459.38,40.94,105.08,0.5463,-1,-1,-1
558,107,712.79,445.32,35.72,102.34,0.6485,-1,-1,-1
558,113,546.36,442.11,34.60,94.80,0.5023,-1,-1,-1
558,51,1090.04,436.96,118.02,283.37,0.8019,-1,-1,-1
559,26,1561.57,405.28,295.14,665.81,0.8006,-1,-1,-1
559,47,992.81,430.91,102.41,265.95,0.6418,-1,-1,-1
559,55,1092.63,434.94,119.91,283.45,0.8026,-1,-1,-1
559,59,891.56,436.81,90.49,247.30,0.7451,-1,-1,-1
559,98,583.75,452.35,32.03,87.09,0.5578,-1,-1,-1
559,64,1561.39,405.29,295.27,665.93,0.8006,-1,-1,-1
559,104,643.40,461.40,39.93,102.01,0.5364,-1,-1,-1
559,107,712.50,444.91,36.18,102.16,0.6459,-1,-1,-1
559,113,546.50,442.57,34.18,94.56,0.5172,-1,-1,-1
559,51,1091.19,434.71,120.23,284.41,0.8026,-1,-1,-1
559,88,1747.04,400.22,174.06,578.69,0.3954,-1,-1,-1
560,26,1562.05,404.18,305.35,670.44,0.8597,-1,-1,-1
560,47,997.36,424.85,104.50,271.75,0.6795,-1,-1,-1
560,55,1096.80,435.51,116.60,282.21,0.7143,-1,-1,-1
560,59,891.03,435.76,92.45,247.16,0.7593,-1,-1,-1
560,98,584.28,453.51,31.58,86.02,0.5227,-1,-1,-1
560,64,1561.89,404.19,305.46,670.54,0.8597,-1,-1,-1
560,104,643.25,460.93,37.73,101.16,0.5574,-1,-1,-1
560,107,712.85,444.97,36.03,101.90,0.6330,-1,-1,-1
560,113,547.52,444.90,32.82,92.47,0.5055,-1,-1,-1
560,51,1095.63,435.32,116.76,282.99,0.7143,-1,-1,-1
560,88,1752.67,402.80,168.68,405.73,0.3130,-1,-1,-1
561,26,1565.64,403.06,289.54,669.75,0.7236,-1,-1,-1
561,47,1000.27,423.56,110.23,273.04,0.6979,-1,-1,-1
561,55,1101.28,436.76,111.69,278.81,0.6600,-1,-1,-1
561,59,900.01,435.54,88.66,246.59,0.6557,-1,-1,-1
561,98,584.45,453.06,31.79,85.90,0.4890,-1,-1,-1
561,64,1565.49,403.06,289.65,669.85,0.7236,-1,-1,-1
561,104,642.45,458.75,36.32,102.89,0.5437,-1,-1,-1
561,107,712.21,445.75,37.13,101.74,0.6253,-1,-1,-1
561,113,548.52,442.65,32.18,94.56,0.5232,-1,-1,-1
561,51,1100.32,436.60,111.77,279.47,0.6600,-1,-1,-1
561,88,1749.31,399.29,171.76,513.41,0.3760,-1,-1,-1
562,26,1569.20,404.81,301.47,669.60,0.8118,-1,-1,-1
562,47,1000.91,419.59,112.61,276.69,0.6645,-1,-1,-1
562,55,1105.29,438.22,113.48,277.92,0.7008,-1,-1,-1
562,59,908.40,435.02,84.35,246.03,0.6980,-1,-1,-1
562,98,584.42,452.45,31.84,87.04,0.4986,-1,-1,-1
562,64,1569.07,404.81,301.55,669.68,0.8118,-1,-1,-1
562,104,642.75,458.51,35.45,102.68,0.5040,-1,-1,-1
562,107,713.78,448.24,35.96,99.10,0.5757,-1,-1,-1
562,113,548.74,441.24,33.36,96.01,0.4866,-1,-1,-1
562,51,1104.49,438.08,113.53,278.48,0.7008,-1,-1,-1
562,88,1758.03,397.71,162.92,556.85,0.3108,-1,-1,-1
563,26,1573.52,405.08,316.30,669.83,0.8044,-1,-1,-1
563,47,1000.08,419.26,117.59,277.09,0.6619,-1,-1,-1
563,55,1109.83,439.53,111.57,275.31,0.6919,-1,-1,-1
563,59,911.73,434.17,83.58,248.68,0.7014,-1,-1,-1
563,98,584.37,452.97,32.53,86.60,0.4489,-1,-1,-1
563,64,1573.41,405.09,316.38,669.90,0.8044,-1,-1,-1
563,104,642.12,457.97,34.46,102.82,0.5253,-1,-1,-1
563,107,714.39,448.97,36.89,98.69,0.5295,-1,-1,-1
563,113,548.69,441.07,34.45,95.49,0.4626,-1,-1,-1
563,51,1109.12,439.40,111.60,275.80,0.6919,-1,-1,-1
563,88,1765.95,394.00,154.88,548.39,0.3418,-1,-1,-1
564,26,1580.77,402.70,325.41,669.50,0.8679,-1,-1,-1
564,47,1002.47,425.44,117.69,269.91,0.6410,-1,-1,-1
564,55,1112.93,435.68,112.56,277.56,0.7002,-1,-1,-1
564,59,915.08,431.67,82.72,250.23,0.6336,-1,-1,-1
564,98,584.61,454.27,32.22,84.20,0.3943,-1,-1,-1
564,64,1580.67,402.71,325.49,669.56,0.8679,-1,-1,-1
564,104,641.96,457.39,34.71,103.60,0.4944,-1,-1,-1
564,107,715.47,448.98,36.04,98.41,0.5201,-1,-1,-1
564,113,548.53,441.57,34.82,94.70,0.3785,-1,-1,-1
564,51,1112.32,435.58,112.59,277.98,0.7002,-1,-1,-1
564,88,1780.59,398.27,140.09,494.78,0.4058,-1,-1,-1
565,26,1587.24,400.45,313.88,668.30,0.7037,-1,-1,-1
565,47,1000.94,429.68,122.12,265.11,0.6368,-1,-1,-1
565,55,1117.29,433.20,111.14,279.17,0.6436,-1,-1,-1
565,59,920.06,433.15,79.90,245.85,0.6350,-1,-1,-1
565,98,584.75,455.24,32.32,83.03,0.3997,-1,-1,-1
565,64,1587.15,400.45,313.94,668.36,0.7037,-1,-1,-1
565,104,641.83,456.48,35.33,104.49,0.5471,-1,-1,-1
565,107,716.22,449.11,35.69,97.45,0.5561,-1,-1,-1
565,113,548.43,441.78,34.38,94.29,0.4266,-1,-1,-1
565,51,1116.76,433.11,111.16,279.55,0.6436,-1,-1,-1
565,88,1783.62,393.55,136.54,615.14,0.6220,-1,-1,-1
566,26,1601.29,399.32,306.30,670.54,0.7344,-1,-1,-1
566,47,1004.00,435.14,122.30,261.23,0.6648,-1,-1,-1
566,55,1123.80,433.04,107.80,281.48,0.5410,-1,-1,-1
566,59,927.30,432.08,84.34,242.71,0.5395,-1,-1,-1
566,98,585.02,455.60,32.48,83.04,0.4356,-1,-1,-1
566,64,1601.21,399.33,306.36,670.59,0.7344,-1,-1,-1
566,104,641.47,454.77,35.60,106.53,0.5218,-1,-1,-1
566,107,716.96,449.52,35.50,97.06,0.5434,-1,-1,-1
566,113,548.60,442.21,34.09,93.84,0.4298,-1,-1,-1
566,51,1123.34,432.96,107.81,281.81,0.5410,-1,-1,-1
566,88,1790.80,392.19,129.30,648.58,0.6379,-1,-1,-1
567,26,1620.91,399.81,289.09,669.20,0.8355,-1,-1,-1
567,47,1005.48,440.53,126.34,257.11,0.6881,-1,-1,-1
567,55,1124.32,431.49,109.39,283.57,0.6358,-1,-1,-1
567,59,932.10,430.32,84.19,242.48,0.5115,-1,-1,-1
567,98,585.41,455.76,32.28,82.72,0.4658,-1,-1,-1
567,64,1620.84,399.81,289.14,669.24,0.8355,-1,-1,-1
567,104,641.19,454.59,34.57,106.48,0.4865,-1,-1,-1
567,107,717.73,449.23,35.44,97.72,0.5409,-1,-1,-1
567,113,548.84,442.33,33.77,93.88,0.4388,-1,-1,-1
567,51,1123.92,431.42,109.40,283.86,0.6358,-1,-1,-1
567,88,1797.41,396.38,122.80,645.31,0.6307,-1,-1,-1
568,26,1642.86,400.42,267.91,668.87,0.8224,-1,-1,-1
568,47,1004.97,432.34,136.12,267.05,0.6906,-1,-1,-1
568,55,1129.18,430.62,108.56,282.56,0.6109,-1,-1,-1
568,59,940.82,431.53,78.48,241.40,0.5363,-1,-1,-1
568,98,585.90,456.06,32.13,84.15,0.4897,-1,-1,-1
568,64,1642.80,400.42,267.95,668.91,0.8224,-1,-1,-1
568,104,641.14,455.61,32.79,105.00,0.4803,-1,-1,-1
568,107,718.15,448.60,36.95,99.13,0.5149,-1,-1,-1
568,113,548.47,441.03,35.16,95.86,0.4362,-1,-1,-1
568,51,1128.83,430.55,108.57,282.82,0.6109,-1,-1,-1
568,88,1801.53,401.17,118.49,656.91,0.6107,-1,-1,-1
569,26,1655.67,400.59,243.30,671.73,0.8117,-1,-1,-1
569,47,1006.28,432.81,139.03,267.38,0.7158,-1,-1,-1
569,55,1132.03,431.24,109.88,281.43,0.5307,-1,-1,-1
569,59,943.10,434.72,79.30,234.26,0.6686,-1,-1,-1
569,98,586.21,455.87,32.25,85.26,0.5299,-1,-1,-1
569,64,1655.62,400.59,243.33,671.77,0.8117,-1,-1,-1
569,104,641.22,455.46,33.26,104.55,0.5250,-1,-1,-1
569,107,718.35,448.45,37.18,99.84,0.5256,-1,-1,-1
569,113,548.49,442.21,35.49,95.47,0.4211,-1,-1,-1
569,51,1131.72,431.19,109.89,281.66,0.5307,-1,-1,-1
569,88,1800.80,407.61,119.02,653.64,0.4549,-1,-1,-1
570,26,1662.75,402.02,236.25,670.22,0.7783,-1,-1,-1
570,47,1007.02,433.08,138.90,267.38,0.7110,-1,-1,-1
570,55,1135.11,433.27,116.43,280.30,0.6419,-1,-1,-1
570,59,944.35,434.75,81.58,234.17,0.7105,-1,-1,-1
570,98,586.59,455.87,31.79,85.60,0.5238,-1,-1,-1
570,64,1662.71,402.02,236.28,670.25,0.7783,-1,-1,-1
570,104,640.00,455.26,32.43,104.45,0.5120,-1,-1,-1
570,107,718.11,447.06,37.75,102.07,0.5574,-1,-1,-1
570,113,548.87,442.71,35.62,95.84,0.4401,-1,-1,-1
570,51,1134.84,433.22,116.44,280.50,0.6419,-1,-1,-1
571,26,1667.91,401.56,246.65,671.38,0.8658,-1,-1,-1
571,47,1010.39,428.27,134.59,270.91,0.7019,-1,-1,-1
571,55,1142.78,432.28,126.77,281.55,0.5990,-1,-1,-1
571,59,947.22,435.06,80.37,239.35,0.6899,-1,-1,-1
571,98,586.78,455.88,31.62,85.95,0.5254,-1,-1,-1
571,64,1667.88,401.56,246.67,671.41,0.8658,-1,-1,-1
571,104,638.88,456.22,30.84,104.24,0.4921,-1,-1,-1
571,107,717.58,445.95,39.07,102.77,0.6078,-1,-1,-1
571,113,549.45,447.25,35.93,91.84,0.4300,-1,-1,-1
571,51,1142.53,432.24,126.78,281.72,0.5990,-1,-1,-1
572,26,1672.07,401.98,247.00,670.88,0.8700,-1,-1,-1
572,47,1012.31,430.76,131.43,268.12,0.6878,-1,-1,-1
572,55,1144.98,433.04,133.44,281.87,0.7604,-1,-1,-1
572,59,948.94,435.72,80.45,239.86,0.6855,-1,-1,-1
572,98,586.90,452.78,31.96,89.14,0.4944,-1,-1,-1
572,64,1672.04,401.98,247.01,670.91,0.8700,-1,-1,-1
572,104,637.72,456.71,31.94,103.00,0.5208,-1,-1,-1
572,107,717.53,444.87,40.04,104.46,0.6255,-1,-1,-1
572,113,549.44,442.21,37.15,97.40,0.4582,-1,-1,-1
572,51,1144.74,433.00,133.45,282.03,0.7604,-1,-1,-1
573,26,1676.17,402.41,244.86,668.95,0.8859,-1,-1,-1
573,47,1015.98,430.49,126.48,266.01,0.6447,-1,-1,-1
573,55,1149.80,435.86,137.11,279.31,0.7013,-1,-1,-1
573,59,945.79,434.81,89.56,242.48,0.6387,-1,-1,-1
573,98,585.88,453.32,32.21,88.94,0.4884,-1,-1,-1
573,64,1676.14,402.41,244.88,668.97,0.8859,-1,-1,-1
573,104,636.82,456.75,30.82,102.63,0.5575,-1,-1,-1
573,107,718.11,445.12,40.28,104.81,0.5691,-1,-1,-1
573,113,550.41,449.13,35.47,90.92,0.4045,-1,-1,-1
573,51,1149.59,435.83,137.13,279.44,0.7013,-1,-1,-1
573,115,1110.38,430.42,47.46,146.14,0.3490,-1,-1,-1
574,26,1676.88,399.71,244.78,673.99,0.9003,-1,-1,-1
574,47,1029.18,432.48,112.94,263.60,0.5435,-1,-1,-1
574,55,1150.95,437.50,141.03,278.07,0.7348,-1,-1,-1
574,59,952.45,446.53,82.25,233.95,0.3707,-1,-1,-1
574,98,585.03,454.63,33.04,88.17,0.3410,-1,-1,-1
574,64,1676.86,399.71,244.80,674.00,0.9003,-1,-1,-1
574,104,636.33,457.07,30.36,101.64,0.5466,-1,-1,-1
574,107,718.03,445.04,40.73,105.24,0.5538,-1,-1,-1
574,113,550.26,450.24,35.73,89.16,0.3869,-1,-1,-1
574,51,1150.76,437.47,141.04,278.19,0.7348,-1,-1,-1
574,115,1112.00,428.41,45.80,149.10,0.3577,-1,-1,-1
574,116,1836.21,429.95,83.62,250.88,0.3398,-1,-1,-1
575,26,1677.13,398.30,244.58,676.28,0.9046,-1,-1,-1
575,47,1037.03,427.75,104.40,268.59,0.5017,-1,-1,-1
575,55,1154.53,438.87,139.88,276.92,0.7003,-1,-1,-1
575,59,955.51,438.82,99.50,243.30,0.5751,-1,-1,-1
575,98,584.71,454.30,33.63,88.69,0.4282,-1,-1,-1
575,64,1677.11,398.30,244.60,676.29,0.9046,-1,-1,-1
575,104,635.60,456.31,30.54,102.23,0.5657,-1,-1,-1
575,107,718.04,445.34,40.60,104.80,0.5795,-1,-1,-1
575,113,550.49,450.11,35.21,88.76,0.3541,-1,-1,-1
575,51,1154.36,438.84,139.90,277.03,0.7003,-1,-1,-1
575,116,1843.70,430.91,76.14,239.73,0.3096,-1,-1,-1
576,26,1676.27,397.45,245.14,677.19,0.8990,-1,-1,-1
576,47,1041.50,426.94,99.55,269.20,0.6166,-1,-1,-1
576,55,1157.68,438.18,138.22,277.55,0.7313,-1,-1,-1
576,59,956.69,435.78,108.37,246.49,0.6244,-1,-1,-1
576,98,585.31,454.22,33.19,88.79,0.4252,-1,-1,-1
576,64,1676.25,397.45,245.15,677.21,0.8990,-1,-1,-1
576,104,634.34,456.11,32.67,102.04,0.5204,-1,-1,-1
576,107,719.16,445.97,39.52,104.72,0.6063,-1,-1,-1
576,51,1157.53,438.15,138.23,277.65,0.7313,-1,-1,-1
576,116,1854.40,431.44,65.42,220.66,0.4445,-1,-1,-1
577,26,1675.44,398.37,245.63,676.70,0.9090,-1,-1,-1
577,47,1048.27,424.39,92.45,270.76,0.6273,-1,-1,-1
577,55,1157.69,436.89,138.44,278.69,0.7444,-1,-1,-1
577,59,958.00,434.58,111.02,246.62,0.6659,-1,-1,-1
577,98,585.16,453.07,33.53,90.35,0.3977,-1,-1,-1
577,64,1675.42,398.37,245.64,676.72,0.9090,-1,-1,-1
577,104,633.39,453.55,33.27,105.26,0.5247,-1,-1,-1
577,107,719.67,446.87,38.93,104.33,0.5855,-1,-1,-1
577,51,1157.56,436.87,138.45,278.78,0.7444,-1,-1,-1
578,26,1673.92,399.07,246.80,676.65,0.9062,-1,-1,-1
578,47,1051.53,426.65,88.90,266.94,0.6187,-1,-1,-1
578,55,1159.16,434.55,134.18,280.40,0.7291,-1,-1,-1
578,59,958.87,438.76,103.99,237.38,0.7228,-1,-1,-1
578,98,584.42,451.78,34.31,92.09,0.3742,-1,-1,-1
578,64,1673.90,399.07,246.81,676.66,0.9062,-1,-1,-1
578,104,632.91,450.12,33.20,108.34,0.6220,-1,-1,-1
578,107,719.73,445.89,38.84,104.22,0.6295,-1,-1,-1
578,51,1159.04,434.53,134.19,280.47,0.7291,-1,-1,-1
579,26,1673.36,400.32,247.27,676.11,0.8991,-1,-1,-1
579,47,1055.65,431.62,86.07,262.91,0.6593,-1,-1,-1
579,55,1159.84,434.94,132.50,279.21,0.6913,-1,-1,-1
579,59,959.11,439.46,102.42,234.44,0.7530,-1,-1,-1
579,98,583.84,449.28,32.68,93.07,0.3512,-1,-1,-1
579,64,1673.35,400.32,247.27,676.12,0.8991,-1,-1,-1
579,104,632.40,448.49,33.05,110.01,0.5774,-1,-1,-1
579,107,720.35,446.80,38.59,104.21,0.5933,-1,-1,-1
579,51,1159.74,434.92,132.51,279.27,0.6913,-1,-1,-1
580,26,1673.19,401.91,247.20,675.04,0.9084,-1,-1,-1
580,47,1054.37,436.83,88.54,257.79,0.6681,-1,-1,-1
580,55,1158.88,440.13,133.70,275.12,0.7499,-1,-1,-1
580,59,959.69,437.42,102.24,236.85,0.7575,-1,-1,-1
580,98,584.44,448.79,31.51,92.74,0.3531,-1,-1,-1
580,64,1673.18,401.91,247.21,675.05,0.9084,-1,-1,-1
580,104,631.03,449.35,35.58,109.14,0.5580,-1,-1,-1
580,107,720.76,446.96,38.31,104.77,0.5720,-1,-1,-1
580,51,1158.79,440.12,133.71,275.18,0.7499,-1,-1,-1
580,113,549.67,441.42,38.39,96.78,0.3508,-1,-1,-1
581,26,1673.09,402.44,247.13,674.84,0.9082,-1,-1,-1
581,47,1055.79,438.78,92.54,256.19,0.6866,-1,-1,-1
581,55,1159.77,440.43,134.78,276.00,0.6988,-1,-1,-1
581,59,959.68,435.60,103.03,237.63,0.7611,-1,-1,-1
581,98,584.52,447.50,33.34,95.42,0.3907,-1,-1,-1
581,64,1673.08,402.44,247.13,674.85,0.9082,-1,-1,-1
581,104,630.68,452.66,36.39,105.57,0.5504,-1,-1,-1
581,107,721.01,447.18,38.35,104.25,0.5025,-1,-1,-1
581,51,1159.68,440.42,134.78,276.05,0.6988,-1,-1,-1
581,113,549.09,436.59,40.33,101.85,0.3654,-1,-1,-1
582,26,1673.27,402.10,246.80,676.10,0.9087,-1,-1,-1
582,47,1065.50,438.18,86.93,260.56,0.6234,-1,-1,-1
582,55,1180.60,439.64,117.04,275.51,0.6915,-1,-1,-1
582,59,957.97,435.70,109.98,236.94,0.7490,-1,-1,-1
582,98,584.45,446.89,33.95,96.24,0.4205,-1,-1,-1
582,64,1673.26,402.10,246.81,676.11,0.9087,-1,-1,-1
582,104,631.21,453.03,34.67,105.09,0.5113,-1,-1,-1
582,107,721.50,447.85,37.86,103.44,0.4976,-1,-1,-1
582,51,1180.53,439.63,117.05,275.56,0.6915,-1,-1,-1
582,113,548.58,435.61,40.04,102.48,0.3787,-1,-1,-1
583,26,1674.24,399.44,245.64,679.06,0.9097,-1,-1,-1
583,47,1076.67,434.52,78.71,263.63,0.6309,-1,-1,-1
583,55,1192.87,439.77,107.22,274.32,0.7225,-1,-1,-1
583,59,962.44,435.99,108.88,235.91,0.7285,-1,-1,-1
583,98,584.43,447.96,33.90,95.32,0.4671,-1,-1,-1
583,64,1674.23,399.44,245.64,679.07,0.9097,-1,-1,-1
583,104,631.06,453.65,34.19,104.45,0.4540,-1,-1,-1
583,107,721.21,446.66,38.76,103.63,0.5275,-1,-1,-1
583,51,1192.81,439.76,107.22,274.36,0.7225,-1,-1,-1
583,113,549.19,438.16,38.92,99.67,0.4176,-1,-1,-1
584,26,1675.99,395.69,243.85,682.05,0.9116,-1,-1,-1
584,47,1083.98,435.47,75.52,261.71,0.6626,-1,-1,-1
584,55,1201.78,440.62,100.00,271.94,0.7219,-1,-1,-1
584,59,966.15,436.69,107.51,236.04,0.7423,-1,-1,-1
584,98,584.81,447.80,33.57,95.72,0.4715,-1,-1,-1
584,64,1675.98,395.70,243.86,682.06,0.9116,-1,-1,-1
584,104,630.49,454.94,35.13,103.31,0.4307,-1,-1,-1
584,107,721.99,447.19,37.97,104.16,0.5302,-1,-1,-1
584,51,1201.73,440.61,100.00,271.97,0.7219,-1,-1,-1
584,113,550.15,438.66,37.91,99.29,0.3974,-1,-1,-1
585,26,1677.72,394.51,242.17,682.85,0.8981,-1,-1,-1
585,47,1087.79,438.90,74.83,257.22,0.6349,-1,-1,-1
585,55,1204.80,441.08,100.34,267.38,0.7486,-1,-1,-1
585,59,969.32,436.49,105.81,235.71,0.7613,-1,-1,-1
585,98,585.45,447.98,33.23,95.12,0.4595,-1,-1,-1
585,64,1677.71,394.51,242.18,682.86,0.8981,-1,-1,-1
585,104,628.40,452.07,36.58,105.90,0.3952,-1,-1,-1
585,107,722.81,447.14,37.73,103.46,0.5280,-1,-1,-1
585,51,1204.76,441.07,100.34,267.41,0.7486,-1,-1,-1
585,113,550.23,438.59,38.38,99.42,0.4327,-1,-1,-1
586,26,1681.23,393.18,238.93,683.14,0.8962,-1,-1,-1
586,47,1089.63,436.60,72.96,260.48,0.6901,-1,-1,-1
586,55,1212.26,438.21,100.49,272.17,0.7545,-1,-1,-1
586,59,976.14,440.42,100.92,233.33,0.7690,-1,-1,-1
586,98,585.01,445.39,34.61,98.12,0.4492,-1,-1,-1
586,64,1681.23,393.18,238.93,683.15,0.8962,-1,-1,-1
586,104,626.96,452.37,37.34,105.36,0.4272,-1,-1,-1
586,107,723.58,445.24,37.77,103.71,0.5440,-1,-1,-1
586,51,1212.23,438.21,100.49,272.20,0.7545,-1,-1,-1
586,113,549.89,439.93,37.78,98.62,0.4358,-1,-1,-1
587,26,1684.96,390.04,235.25,685.58,0.8696,-1,-1,-1
587,47,1090.74,429.97,73.37,267.35,0.7208,-1,-1,-1
587,55,1216.49,434.57,99.60,276.20,0.6139,-1,-1,-1
587,59,981.34,443.40,96.86,228.06,0.7384,-1,-1,-1
587,98,584.61,444.61,35.16,98.67,0.4197,-1,-1,-1
587,64,1684.96,390.04,235.26,685.58,0.8696,-1,-1,-1
587,104,625.55,452.28,38.25,105.52,0.4832,-1,-1,-1
587,107,724.32,444.39,37.50,104.70,0.5518,-1,-1,-1
587,51,1216.46,434.57,99.60,276.22,0.6139,-1,-1,-1
587,113,550.09,441.01,37.26,98.18,0.4673,-1,-1,-1
587,118,665.18,452.71,32.95,101.26,0.3699,-1,-1,-1
588,26,1692.31,387.60,227.70,687.86,0.8556,-1,-1,-1
588,47,1092.07,423.53,77.97,273.49,0.7360,-1,-1,-1
588,55,1215.35,434.53,102.56,277.66,0.7924,-1,-1,-1
588,59,987.82,445.43,91.21,223.92,0.7006,-1,-1,-1
588,98,584.03,445.45,35.79,98.63,0.4143,-1,-1,-1
588,64,1692.30,387.60,227.71,687.86,0.8556,-1,-1,-1
588,104,625.25,453.03,36.63,104.51,0.5080,-1,-1,-1
588,107,726.18,442.94,34.90,106.34,0.5565,-1,-1,-1
588,51,1215.33,434.52,102.56,277.68,0.7924,-1,-1,-1
588,113,551.09,445.80,36.17,94.05,0.4318,-1,-1,-1
588,118,664.26,452.06,30.88,104.97,0.3577,-1,-1,-1
589,26,1700.57,390.19,219.22,683.61,0.7504,-1,-1,-1
589,47,1092.98,420.54,86.17,276.31,0.7105,-1,-1,-1
589,55,1216.64,434.78,102.62,277.11,0.7780,-1,-1,-1
589,59,995.83,446.03,85.14,222.96,0.7050,-1,-1,-1
589,98,583.35,446.64,36.76,98.68,0.3783,-1,-1,-1
589,64,1700.56,390.19,219.23,683.61,0.7504,-1,-1,-1
589,104,624.73,452.02,35.94,105.64,0.5820,-1,-1,-1
589,107,725.05,443.26,36.40,106.26,0.5503,-1,-1,-1
589,51,1216.61,434.78,102.62,277.13,0.7780,-1,-1,-1
589,113,551.00,447.04,36.60,93.54,0.4277,-1,-1,-1
589,118,663.71,450.82,30.94,108.11,0.4619,-1,-1,-1
589,119,1183.72,438.53,58.57,234.73,0.3398,-1,-1,-1
590,26,1711.73,410.22,207.93,663.55,0.7422,-1,-1,-1
590,47,1092.65,426.65,88.05,270.51,0.6567,-1,-1,-1
590,55,1219.82,433.94,101.71,277.47,0.7845,-1,-1,-1
590,59,1005.21,446.95,79.24,221.43,0.7375,-1,-1,-1
590,98,583.94,448.04,36.00,97.90,0.3170,-1,-1,-1
590,64,1711.73,410.22,207.93,663.55,0.7422,-1,-1,-1
590,104,624.17,450.98,35.26,106.39,0.5155,-1,-1,-1
590,107,726.20,442.78,35.21,106.80,0.5676,-1,-1,-1
590,51,1219.80,433.94,101.71,277.48,0.7845,-1,-1,-1
590,113,551.09,447.65,37.11,92.89,0.3674,-1,-1,-1
590,118,663.51,451.55,31.43,107.97,0.4666,-1,-1,-1
590,119,1184.91,437.67,59.04,238.96,0.3704,-1,-1,-1
591,26,1731.23,461.53,188.36,612.72,0.5595,-1,-1,-1
591,47,1091.52,418.68,92.21,278.00,0.6516,-1,-1,-1
591,55,1222.92,434.37,103.84,276.87,0.7446,-1,-1,-1
591,59,1011.01,444.69,78.33,222.70,0.7133,-1,-1,-1
591,98,585.13,449.47,33.29,94.78,0.3402,-1,-1,-1
591,64,1731.23,461.53,188.36,612.72,0.5595,-1,-1,-1
591,104,623.99,449.67,34.00,107.88,0.5363,-1,-1,-1
591,107,727.36,442.56,33.59,107.15,0.5755,-1,-1,-1
591,51,1222.90,434.36,103.84,276.89,0.7446,-1,-1,-1
591,113,550.82,445.02,37.55,95.24,0.3389,-1,-1,-1
591,118,663.37,451.71,32.14,108.17,0.5350,-1,-1,-1
591,119,1188.72,435.24,60.37,241.23,0.3290,-1,-1,-1
592,26,1753.23,490.27,166.21,582.53,0.6783,-1,-1,-1
592,47,1091.43,416.84,102.14,279.71,0.6755,-1,-1,-1
592,55,1226.53,436.86,108.14,274.46,0.7288,-1,-1,-1
592,59,1013.09,443.89,77.63,222.10,0.7365,-1,-1,-1
592,98,585.51,450.17,32.22,93.44,0.3123,-1,-1,-1
592,64,1753.22,490.27,166.21,582.54,0.6783,-1,-1,-1
592,104,623.99,449.03,34.47,108.88,0.5154,-1,-1,-1
592,107,728.11,443.13,32.30,107.01,0.5668,-1,-1,-1
592,51,1226.51,436.86,108.15,274.47,0.7288,-1,-1,-1
592,113,550.03,444.32,38.55,95.39,0.3225,-1,-1,-1
592,118,662.63,452.01,33.09,108.12,0.5614,-1,-1,-1
593,26,1777.06,500.20,142.39,572.93,0.3900,-1,-1,-1
593,47,1092.14,413.45,101.34,282.93,0.6912,-1,-1,-1
593,55,1230.94,439.22,110.45,273.69,0.7526,-1,-1,-1
593,59,1014.58,439.80,79.34,226.27,0.6586,-1,-1,-1
593,98,584.39,450.86,32.34,91.29,0.3165,-1,-1,-1
593,64,1777.06,500.20,142.40,572.94,0.3900,-1,-1,-1
593,104,623.21,449.23,35.86,108.58,0.4957,-1,-1,-1
593,107,728.29,443.39,32.75,107.39,0.5404,-1,-1,-1
593,51,1230.93,439.22,110.45,273.70,0.7526,-1,-1,-1
593,113,550.60,446.39,35.77,93.12,0.3092,-1,-1,-1
593,118,661.67,451.85,33.90,108.18,0.5482,-1,-1,-1
594,26,1809.97,520.46,109.49,557.22,0.3173,-1,-1,-1
594,47,1092.26,412.57,101.77,285.29,0.7001,-1,-1,-1
594,55,1234.35,441.85,112.76,270.81,0.7833,-1,-1,-1
594,59,1020.65,436.66,76.91,229.01,0.6273,-1,-1,-1
594,98,584.08,451.36,32.38,90.53,0.3225,-1,-1,-1
594,104,622.89,448.77,36.20,107.97,0.5039,-1,-1,-1
594,107,726.99,444.59,35.69,106.73,0.5130,-1,-1,-1
594,51,1234.34,441.85,112.76,270.82,0.7833,-1,-1,-1
594,113,549.70,447.99,36.68,91.37,0.3509,-1,-1,-1
594,118,660.47,451.54,35.15,108.98,0.5312,-1,-1,-1
594,119,1191.15,437.86,76.10,241.07,0.3649,-1,-1,-1
595,47,1094.28,413.65,101.15,283.19,0.7178,-1,-1,-1
595,55,1239.41,439.17,112.20,273.27,0.8188,-1,-1,-1
595,59,1023.14,436.17,76.08,228.83,0.6713,-1,-1,-1
595,104,622.53,449.18,36.97,106.84,0.5527,-1,-1,-1
595,107,728.52,444.08,33.43,106.69,0.5407,-1,-1,-1
595,51,1239.39,439.17,112.20,273.28,0.8188,-1,-1,-1
595,118,660.50,452.32,35.16,108.52,0.4748,-1,-1,-1
595,119,1189.92,440.87,75.93,238.71,0.4700,-1,-1,-1
596,47,1095.80,418.95,100.45,278.89,0.7374,-1,-1,-1
596,55,1242.53,437.41,112.90,275.33,0.8097,-1,-1,-1
596,59,1024.88,440.06,76.60,224.74,0.7104,-1,-1,-1
596,104,623.05,450.08,36.93,104.92,0.5697,-1,-1,-1
596,107,727.06,445.13,35.89,105.54,0.5620,-1,-1,-1
596,51,1242.52,437.41,112.90,275.34,0.8097,-1,-1,-1
596,118,660.73,453.75,35.17,107.12,0.4559,-1,-1,-1
596,119,1190.68,442.23,76.76,238.42,0.5269,-1,-1,-1
597,47,1097.54,422.11,98.44,275.90,0.7591,-1,-1,-1
597,55,1244.55,437.64,113.12,275.68,0.8035,-1,-1,-1
597,59,1026.35,441.76,76.65,223.90,0.7386,-1,-1,-1
597,104,623.71,451.70,35.49,103.25,0.5130,-1,-1,-1
597,107,726.23,445.10,37.58,106.46,0.6074,-1,-1,-1
597,51,1244.54,437.64,113.12,275.69,0.8035,-1,-1,-1
597,118,659.81,453.96,37.76,106.94,0.4252,-1,-1,-1
597,119,1191.36,455.30,77.32,226.77,0.5311,-1,-1,-1
598,47,1099.10,427.42,98.03,270.21,0.7211,-1,-1,-1
598,55,1248.06,437.70,111.21,275.56,0.8135,-1,-1,-1
598,59,1026.51,441.72,79.38,224.44,0.7390,-1,-1,-1
598,104,624.45,453.12,33.67,101.77,0.4819,-1,-1,-1
598,107,725.89,445.40,38.54,107.39,0.5878,-1,-1,-1
598,51,1248.05,437.70,111.21,275.57,0.8135,-1,-1,-1
598,118,659.04,455.67,37.11,105.19,0.4313,-1,-1,-1
598,119,1193.04,452.39,77.05,230.31,0.5216,-1,-1,-1
598,98,584.07,451.62,32.22,89.30,0.3398,-1,-1,-1
598,113,550.28,449.46,34.88,90.32,0.3662,-1,-1,-1
599,47,1101.66,430.58,97.23,265.57,0.7001,-1,-1,-1
599,55,1252.34,437.24,107.72,275.80,0.7812,-1,-1,-1
599,59,1027.55,442.20,85.07,224.70,0.7389,-1,-1,-1
599,104,624.65,454.23,33.48,100.87,0.4789,-1,-1,-1
599,107,726.42,445.89,37.76,106.52,0.5696,-1,-1,-1
599,51,1252.33,437.24,107.72,275.81,0.7812,-1,-1,-1
599,118,657.73,455.06,39.46,105.90,0.4074,-1,-1,-1
599,119,1191.38,444.07,79.31,238.72,0.5725,-1,-1,-1
599,121,378.26,467.31,47.76,109.13,0.3762,-1,-1,-1
599,98,583.64,452.56,33.72,90.47,0.3282,-1,-1,-1
599,113,551.23,449.06,33.39,90.90,0.3356,-1,-1,-1
600,47,1106.73,431.05,94.15,263.55,0.7029,-1,-1,-1
600,55,1256.30,437.16,104.88,275.84,0.8178,-1,-1,-1
600,59,1028.50,441.86,88.09,223.94,0.7548,-1,-1,-1
600,104,624.88,454.95,33.13,100.85,0.5049,-1,-1,-1
600,107,726.49,444.66,37.20,108.08,0.5853,-1,-1,-1
600,51,1256.29,437.16,104.88,275.84,0.8178,-1,-1,-1
600,118,657.07,455.61,39.73,105.33,0.3591,-1,-1,-1
600,119,1197.02,447.53,73.70,228.53,0.6019,-1,-1,-1
600,121,378.91,465.16,46.28,111.63,0.3493,-1,-1,-1
600,98,583.37,455.93,32.82,85.83,0.3142,-1,-1,-1
600,113,550.82,451.59,35.92,88.66,0.3187,-1,-1,-1
